{
"type": "FeatureCollection",
"name": "dim_district_lisboa_raw",
"crs": { "type": "name", "properties": { "name": "urn:ogc:def:crs:EPSG::3763" } },
"features": [
{ "type": "Feature", "properties": { "dtmnfr": "110601", "freguesia": "Ajuda", "municipio": "Lisboa", "distrito_ilha": "Lisboa", "nuts3": "Grande Lisboa", "nuts2": "Grande Lisboa", "nuts1": "Continente", "area_ha": 287.66, "perimetro_km": 9, "designacao_simplificada": "Ajuda" }, "geometry": { "type": "MultiPolygon", "coordinates": [ [ [ [ -92270.114099999889731, -104210.9364 ], [ -92266.918800000101328, -104253.877900000661612 ], [ -92266.81940000038594, -104255.243100000545382 ], [ -92261.260099999606609, -104329.98450000025332 ], [ -92254.657800000160933, -104459.073499999940395 ], [ -92250.838100000284612, -104597.913399999961257 ], [ -92249.514499999582767, -104646.10219999961555 ], [ -92247.471099999733269, -104719.67369999922812 ], [ -92243.640700000338256, -104857.340700000524521 ], [ -92261.676300000399351, -105008.910000000149012 ], [ -92279.594600000418723, -105164.207000000402331 ], [ -92248.964300000108778, -105164.519799999892712 ], [ -92184.527700000442564, -105165.517400000244379 ], [ -92180.118800000287592, -105444.256799999624491 ], [ -92197.539800000376999, -105445.137800000607967 ], [ -92181.771499999798834, -105497.517200000584126 ], [ -92168.048700000159442, -105543.11460000090301 ], [ -92140.255400000140071, -105611.934499999508262 ], [ -92132.556900000199676, -105630.992900000885129 ], [ -92118.876799999736249, -105664.862900000065565 ], [ -92110.035500000230968, -105678.891000000759959 ], [ -92104.247000000439584, -105679.150800000876188 ], [ -92103.535600000061095, -105679.182000000029802 ], [ -91953.035699999891222, -105788.819099999964237 ], [ -91950.517699999734759, -105790.707000000402331 ], [ -91947.165699999779463, -105793.218900000676513 ], [ -91936.294700000435114, -105796.766699999570847 ], [ -91935.548899999819696, -105797.007699999958277 ], [ -91934.796699999831617, -105797.250700000673532 ], [ -91911.205699999816716, -105804.948200000450015 ], [ -91908.546000000089407, -105814.040599999949336 ], [ -91907.157599999569356, -105818.793299999088049 ], [ -91905.283200000412762, -105825.209300000220537 ], [ -91897.264899999834597, -105852.627599999308586 ], [ -91895.855999999679625, -105854.886299999430776 ], [ -91874.226400000043213, -105889.567500000819564 ], [ -91865.704199999570847, -105903.236700000241399 ], [ -91844.26549999974668, -105933.986500000581145 ], [ -91835.355399999767542, -105946.767899999395013 ], [ -91820.203300000168383, -105968.505400000140071 ], [ -91785.634300000034273, -106004.123500000685453 ], [ -91725.911199999973178, -106060.834400000050664 ], [ -91693.251899999566376, -106093.192299999296665 ], [ -91660.231599999591708, -106121.801500000059605 ], [ -91644.556699999608099, -106135.507400000467896 ], [ -91595.654799999669194, -106178.269899999722838 ], [ -91632.337299999780953, -106162.496099999174476 ], [ -91658.761099999770522, -106151.14130000025034 ], [ -91699.861100000329316, -106133.531600000336766 ], [ -91727.740600000135601, -106123.262700000777841 ], [ -91742.157200000248849, -106119.107300000265241 ], [ -91765.901100000366569, -106112.263499999418855 ], [ -91782.683000000193715, -106109.265300000086427 ], [ -91786.451000000350177, -106108.593900000676513 ], [ -91792.729000000283122, -106107.662000000476837 ], [ -91820.940899999812245, -106103.464500000700355 ], [ -91846.824300000444055, -106103.990299999713898 ], [ -91856.88219999987632, -106104.205299999564886 ], [ -91854.348600000143051, -106108.326099999248981 ], [ -91845.150299999862909, -106123.26490000076592 ], [ -91840.149699999950826, -106135.764200000092387 ], [ -91839.280100000090897, -106137.934599999338388 ], [ -91838.688000000081956, -106146.853099999949336 ], [ -91837.729700000025332, -106161.214500000700355 ], [ -91844.637199999764562, -106190.872500000521541 ], [ -91852.88329999987036, -106226.287699999287724 ], [ -91855.458200000226498, -106237.3443 ], [ -91867.637299999594688, -106280.955199999734759 ], [ -91871.306599999777973, -106294.094200000166893 ], [ -91871.998700000345707, -106295.694900000467896 ], [ -91875.258500000461936, -106303.215800000354648 ], [ -91876.208300000056624, -106305.406300000846386 ], [ -91879.889200000092387, -106313.903799999505281 ], [ -91908.94550000037998, -106364.714400000870228 ], [ -91924.753999999724329, -106389.424000000581145 ], [ -91934.694600000046194, -106404.964099999517202 ], [ -91941.434999999590218, -106414.173000000417233 ], [ -91959.385900000110269, -106438.693299999460578 ], [ -91978.213299999944866, -106464.404999999329448 ], [ -92000.35010000038892, -106491.723699999973178 ], [ -92025.451899999752641, -106522.705399999395013 ], [ -92032.121199999935925, -106531.58500000089407 ], [ -92040.301400000229478, -106542.475600000470877 ], [ -92057.32079999987036, -106571.11570000089705 ], [ -92058.891499999910593, -106578.46000000089407 ], [ -92082.61849999986589, -106689.405300000682473 ], [ -92104.406499999575317, -106791.695000000298023 ], [ -92109.208100000396371, -106812.074200000613928 ], [ -92109.695899999700487, -106814.132099999114871 ], [ -92111.757500000298023, -106816.815500000491738 ], [ -92116.296299999579787, -106822.714600000530481 ], [ -92234.772300000302494, -106896.758300000801682 ], [ -92259.604299999773502, -106913.488500000908971 ], [ -92261.031700000166893, -106914.447699999436736 ], [ -92284.914099999703467, -106882.022399999201298 ], [ -92313.013100000098348, -106838.129599999636412 ], [ -92316.42200000025332, -106839.286399999633431 ], [ -92346.653300000354648, -106849.529100000858307 ], [ -92485.582000000402331, -106896.621300000697374 ], [ -92526.433799999766052, -106782.342800000682473 ], [ -92539.294300000183284, -106749.953199999406934 ], [ -92658.73369999974966, -106739.45549999922514 ], [ -92672.663599999621511, -106737.43720000050962 ], [ -92679.103600000031292, -106736.505899999290705 ], [ -92693.753600000403821, -106729.685699999332428 ], [ -92734.003700000233948, -106710.947000000625849 ], [ -92774.000900000333786, -106693.566199999302626 ], [ -92774.523599999956787, -106700.807800000533462 ], [ -92791.329699999652803, -106829.285800000652671 ], [ -92792.747000000439584, -106840.119000000879169 ], [ -92795.27280000038445, -106859.426500000059605 ], [ -92807.601599999703467, -106855.85840000025928 ], [ -92850.180499999783933, -106843.538200000301003 ], [ -92878.39049999974668, -106833.458799999207258 ], [ -92884.799499999731779, -106830.639499999582767 ], [ -92887.620000000111759, -106829.399000000208616 ], [ -92897.190499999560416, -106825.189200000837445 ], [ -92899.399600000120699, -106822.617799999192357 ], [ -92906.220700000412762, -106814.66950000077486 ], [ -92963.009700000286102, -106793.050599999725819 ], [ -92969.390700000338256, -106790.620799999684095 ], [ -92976.211199999786913, -106787.929400000721216 ], [ -93030.300699999555945, -106766.572000000625849 ], [ -93022.046299999579787, -106731.013100000098348 ], [ -93022.854100000113249, -106718.931700000539422 ], [ -93023.541799999773502, -106708.702299999073148 ], [ -93021.561300000175834, -106681.82039999961853 ], [ -93019.13289999961853, -106648.88260000012815 ], [ -93017.120900000445545, -106582.841399999335408 ], [ -93015.83490000013262, -106540.60329999960959 ], [ -93012.57799999974668, -106481.195599999278784 ], [ -93010.756599999964237, -106447.913799999281764 ], [ -93009.805200000293553, -106430.38230000063777 ], [ -93008.867300000041723, -106413.155500000342727 ], [ -93005.638399999588728, -106353.742000000551343 ], [ -93005.478199999779463, -106351.152300000190735 ], [ -93003.239099999889731, -106314.894600000232458 ], [ -93005.499400000087917, -106293.844799999147654 ], [ -93005.907700000330806, -106291.404899999499321 ], [ -93007.000099999830127, -106284.834899999201298 ], [ -93017.271800000220537, -106188.7972999997437 ], [ -93017.531299999915063, -106186.375700000673532 ], [ -93020.514200000092387, -106155.679099999368191 ], [ -93020.599499999545515, -106154.83559999987483 ], [ -93024.481100000441074, -106114.894799999892712 ], [ -93024.741600000299513, -106113.671499999240041 ], [ -93040.246899999678135, -106118.831599999219179 ], [ -93075.602800000458956, -106130.596300000324845 ], [ -93181.689600000157952, -106165.891000000759959 ], [ -93182.526800000108778, -106166.172100000083447 ], [ -93183.450600000098348, -106166.478900000452995 ], [ -93210.981700000353158, -106091.499900000169873 ], [ -93212.511800000444055, -106087.789899999275804 ], [ -93213.861899999901652, -106084.029999999329448 ], [ -93215.051900000311434, -106080.21000000089407 ], [ -93215.832000000402331, -106077.310100000351667 ], [ -93216.731999999843538, -106073.420099999755621 ], [ -93217.292100000195205, -106070.460100000724196 ], [ -93217.882100000046194, -106066.510199999436736 ], [ -93219.572200000286102, -106060.240199999883771 ], [ -93220.402400000020862, -106053.180299999192357 ], [ -93221.234000000171363, -106046.909700000658631 ], [ -93220.402599999681115, -106040.730399999767542 ], [ -93219.572800000198185, -106032.430400000885129 ], [ -93217.912899999879301, -106027.450400000438094 ], [ -93215.013000000268221, -106020.810399999842048 ], [ -93211.27309999987483, -106014.170399999246001 ], [ -93207.013199999928474, -106010.5304000005126 ], [ -93205.513299999758601, -106007.930299999192357 ], [ -93203.753399999812245, -106005.171000000089407 ], [ -93203.363400000147521, -106004.560300000011921 ], [ -93200.653500000014901, -106000.71030000038445 ], [ -93211.651499999687076, -105965.330000000074506 ], [ -93263.386300000362098, -105798.853800000622869 ], [ -93267.846499999985099, -105798.553300000727177 ], [ -93302.086500000208616, -105796.24349999986589 ], [ -93324.417000000365078, -105796.245799999684095 ], [ -93349.878200000151992, -105794.836300000548363 ], [ -93353.801199999637902, -105791.644999999552965 ], [ -93354.626199999824166, -105790.971999999135733 ], [ -93384.536500000394881, -105766.275200000032783 ], [ -93419.889200000092387, -105740.5152000002563 ], [ -93445.146900000050664, -105720.776599999517202 ], [ -93449.746899999678135, -105716.276799999177456 ], [ -93451.087000000290573, -105714.256799999624491 ], [ -93451.986999999731779, -105712.69679999910295 ], [ -93452.246100000105798, -105711.388699999079108 ], [ -93452.657100000418723, -105709.306900000199676 ], [ -93452.547100000083447, -105705.716900000348687 ], [ -93451.537200000137091, -105701.666899999603629 ], [ -93448.637400000356138, -105691.72690000012517 ], [ -93452.977800000458956, -105689.828999999910593 ], [ -93462.007399999536574, -105685.887199999764562 ], [ -93474.748999999836087, -105680.758300000801682 ], [ -93480.967400000430644, -105678.25760000012815 ], [ -93482.58739999961108, -105677.907600000500679 ], [ -93489.847400000318885, -105676.447699999436736 ], [ -93498.137400000356138, -105674.94789999909699 ], [ -93500.86739999987185, -105674.448000000789762 ], [ -93504.907300000078976, -105673.997999999672174 ], [ -93510.0472999997437, -105673.978099999949336 ], [ -93521.027200000360608, -105673.97829999960959 ], [ -93536.917100000195205, -105674.148600000888109 ], [ -93557.207000000402331, -105674.309000000357628 ], [ -93580.796799999661744, -105673.859400000423193 ], [ -93597.496700000017881, -105673.049699999392033 ], [ -93604.496700000017881, -105672.42989999987185 ], [ -93610.106700000353158, -105671.849999999627471 ], [ -93620.406600000336766, -105670.830199999734759 ], [ -93625.116600000299513, -105670.380200000479817 ], [ -93633.306599999777973, -105669.490399999544024 ], [ -93637.676500000059605, -105668.960500000044703 ], [ -93645.50650000013411, -105668.350600000470877 ], [ -93651.106499999761581, -105667.910700000822544 ], [ -93659.556400000117719, -105667.440899999812245 ], [ -93667.706399999558926, -105667.151000000536442 ], [ -93673.436300000175834, -105666.991100000217557 ], [ -93670.066599999554455, -105654.57120000012219 ], [ -93666.326999999582767, -105634.851199999451637 ], [ -93664.387199999764562, -105621.301300000399351 ], [ -93662.047399999573827, -105610.74129999987781 ], [ -93661.00690000038594, -105605.983200000599027 ], [ -93659.597699999809265, -105599.551400000229478 ], [ -93655.427500000223517, -105573.211799999698997 ], [ -93655.308199999853969, -105572.461500000208616 ], [ -93656.599700000137091, -105572.209499999880791 ], [ -93658.108199999667704, -105571.911499999463558 ], [ -93657.778199999593198, -105570.471499999985099 ], [ -93657.00829999987036, -105564.951500000432134 ], [ -93655.878499999642372, -105556.941600000485778 ], [ -93654.600300000049174, -105549.831499999389052 ], [ -93653.828700000420213, -105545.521600000560284 ], [ -93653.038800000213087, -105541.411599999293685 ], [ -93652.481499999761581, -105537.041600000113249 ], [ -93651.809500000439584, -105534.459599999710917 ], [ -93651.22690000012517, -105532.339900000020862 ], [ -93649.71100000012666, -105526.860700000077486 ], [ -93642.359400000423193, -105515.451899999752641 ], [ -93639.761400000192225, -105511.423100000247359 ], [ -93638.489299999549985, -105509.449699999764562 ], [ -93635.306900000199676, -105504.509600000455976 ], [ -93623.271399999968708, -105486.960999999195337 ], [ -93615.537399999797344, -105476.524000000208616 ], [ -93603.399100000038743, -105460.143100000917912 ], [ -93600.829499999992549, -105456.680099999532104 ], [ -93595.720800000242889, -105449.781199999153614 ], [ -93594.488800000399351, -105448.122300000861287 ], [ -93592.08559999987483, -105449.85840000025928 ], [ -93576.630699999630451, -105461.023499999195337 ], [ -93574.863499999977648, -105458.457000000402331 ], [ -93568.43099999986589, -105449.400699999183416 ], [ -93564.970999999903142, -105450.190600000321865 ], [ -93553.708899999968708, -105433.760700000450015 ], [ -93553.266099999658763, -105433.118400000035763 ], [ -93552.673200000077486, -105432.258300000801682 ], [ -93551.06180000025779, -105433.279999999329448 ], [ -93546.5472999997437, -105436.11460000090301 ], [ -93544.003100000321865, -105437.729000000283122 ], [ -93531.538499999791384, -105445.662000000476837 ], [ -93527.494199999608099, -105440.043500000610948 ], [ -93523.005800000391901, -105433.999900000169873 ], [ -93477.082799999974668, -105465.780899999663234 ], [ -93473.881299999542534, -105467.978900000452995 ], [ -93471.938900000415742, -105468.999299999326468 ], [ -93457.808699999935925, -105476.414000000804663 ], [ -93455.041199999861419, -105478.328500000759959 ], [ -93448.831299999728799, -105475.008400000631809 ], [ -93413.011800000444055, -105434.857999999076128 ], [ -93405.392900000326335, -105430.577600000426173 ], [ -93404.694099999964237, -105430.186599999666214 ], [ -93399.752500000409782, -105427.407800000160933 ], [ -93390.442900000140071, -105410.437699999660254 ], [ -93392.342000000178814, -105409.426999999210238 ], [ -93398.820199999958277, -105406.30599999986589 ], [ -93405.370699999853969, -105402.334799999371171 ], [ -93411.784300000406802, -105398.523299999535084 ], [ -93414.93099999986589, -105396.319299999624491 ], [ -93365.619900000281632, -105308.671599999070168 ], [ -93361.86629999987781, -105301.99970000050962 ], [ -93359.80449999962002, -105298.346899999305606 ], [ -93347.478600000031292, -105305.404200000688434 ], [ -93343.035600000061095, -105307.723500000312924 ], [ -93335.774299999698997, -105311.69620000012219 ], [ -93333.00650000013411, -105306.845899999141693 ], [ -93331.415199999697506, -105304.057399999350309 ], [ -93305.306300000287592, -105254.947200000286102 ], [ -93301.306400000117719, -105249.247199999168515 ], [ -93298.50650000013411, -105246.947200000286102 ], [ -93281.506799999624491, -105236.246899999678135 ], [ -93345.927699999883771, -105163.538599999621511 ], [ -93367.417999999597669, -105139.14919999986887 ], [ -93377.199900000356138, -105127.040999999269843 ], [ -93384.558299999684095, -105117.939600000157952 ], [ -93417.158800000324845, -105074.130499999970198 ], [ -93475.959800000302494, -104998.80210000090301 ], [ -93523.170699999667704, -104934.023399999365211 ], [ -93563.831600000150502, -104867.354599999263883 ], [ -93591.622499999590218, -104805.775000000372529 ], [ -93606.016200000420213, -104764.686000000685453 ], [ -93603.85950000025332, -104763.867499999701977 ], [ -93601.795199999585748, -104763.106300000101328 ], [ -93597.863300000317395, -104761.656899999827147 ], [ -93504.425499999895692, -104728.154400000348687 ], [ -93429.675499999895692, -104701.35329999960959 ], [ -93406.296799999661744, -104692.745899999514222 ], [ -93329.366899999789894, -104664.421700000762939 ], [ -93285.01549999974668, -104647.959100000560284 ], [ -93197.378600000403821, -104615.42960000038147 ], [ -93108.379800000227988, -104583.018200000748038 ], [ -93088.020100000314415, -104574.727900000289083 ], [ -93034.470900000073016, -104552.118100000545382 ], [ -92974.860299999825656, -104525.944700000807643 ], [ -92953.772099999710917, -104516.685900000855327 ], [ -92823.293999999761581, -104458.653899999335408 ], [ -92638.506799999624491, -104374.981100000441074 ], [ -92601.263299999758601, -104358.121500000357628 ], [ -92590.237499999813735, -104353.130400000140071 ], [ -92552.527999999932945, -104336.539799999445677 ], [ -92491.439000000245869, -104309.409900000318885 ], [ -92335.681300000287592, -104239.036499999463558 ], [ -92288.763000000268221, -104218.92879999987781 ], [ -92279.198099999688566, -104214.8293999992311 ], [ -92270.114099999889731, -104210.9364 ] ] ] ] } },
{ "type": "Feature", "properties": { "dtmnfr": "110602", "freguesia": "Alcântara", "municipio": "Lisboa", "distrito_ilha": "Lisboa", "nuts3": "Grande Lisboa", "nuts2": "Grande Lisboa", "nuts1": "Continente", "area_ha": 507.48, "perimetro_km": 11, "designacao_simplificada": "Alcântara" }, "geometry": { "type": "MultiPolygon", "coordinates": [ [ [ [ -92234.772300000302494, -106896.758300000801682 ], [ -92116.296299999579787, -106822.714600000530481 ], [ -92111.757500000298023, -106816.815500000491738 ], [ -92109.695899999700487, -106814.132099999114871 ], [ -92109.208100000396371, -106812.074200000613928 ], [ -92104.406499999575317, -106791.695000000298023 ], [ -92082.61849999986589, -106689.405300000682473 ], [ -92058.891499999910593, -106578.46000000089407 ], [ -92057.32079999987036, -106571.11570000089705 ], [ -92040.301400000229478, -106542.475600000470877 ], [ -92032.121199999935925, -106531.58500000089407 ], [ -92025.451899999752641, -106522.705399999395013 ], [ -92000.35010000038892, -106491.723699999973178 ], [ -91978.213299999944866, -106464.404999999329448 ], [ -91959.385900000110269, -106438.693299999460578 ], [ -91941.434999999590218, -106414.173000000417233 ], [ -91934.694600000046194, -106404.964099999517202 ], [ -91924.753999999724329, -106389.424000000581145 ], [ -91908.94550000037998, -106364.714400000870228 ], [ -91879.889200000092387, -106313.903799999505281 ], [ -91876.208300000056624, -106305.406300000846386 ], [ -91875.258500000461936, -106303.215800000354648 ], [ -91871.998700000345707, -106295.694900000467896 ], [ -91871.306599999777973, -106294.094200000166893 ], [ -91867.637299999594688, -106280.955199999734759 ], [ -91855.458200000226498, -106237.3443 ], [ -91852.88329999987036, -106226.287699999287724 ], [ -91844.637199999764562, -106190.872500000521541 ], [ -91837.729700000025332, -106161.214500000700355 ], [ -91838.688000000081956, -106146.853099999949336 ], [ -91839.280100000090897, -106137.934599999338388 ], [ -91840.149699999950826, -106135.764200000092387 ], [ -91845.150299999862909, -106123.26490000076592 ], [ -91854.348600000143051, -106108.326099999248981 ], [ -91856.88219999987632, -106104.205299999564886 ], [ -91846.824300000444055, -106103.990299999713898 ], [ -91820.940899999812245, -106103.464500000700355 ], [ -91792.729000000283122, -106107.662000000476837 ], [ -91786.451000000350177, -106108.593900000676513 ], [ -91782.683000000193715, -106109.265300000086427 ], [ -91765.901100000366569, -106112.263499999418855 ], [ -91742.157200000248849, -106119.107300000265241 ], [ -91727.740600000135601, -106123.262700000777841 ], [ -91699.861100000329316, -106133.531600000336766 ], [ -91658.761099999770522, -106151.14130000025034 ], [ -91632.337299999780953, -106162.496099999174476 ], [ -91595.654799999669194, -106178.269899999722838 ], [ -91644.556699999608099, -106135.507400000467896 ], [ -91660.231599999591708, -106121.801500000059605 ], [ -91693.251899999566376, -106093.192299999296665 ], [ -91725.911199999973178, -106060.834400000050664 ], [ -91785.634300000034273, -106004.123500000685453 ], [ -91820.203300000168383, -105968.505400000140071 ], [ -91835.355399999767542, -105946.767899999395013 ], [ -91844.26549999974668, -105933.986500000581145 ], [ -91865.704199999570847, -105903.236700000241399 ], [ -91874.226400000043213, -105889.567500000819564 ], [ -91895.855999999679625, -105854.886299999430776 ], [ -91897.264899999834597, -105852.627599999308586 ], [ -91905.283200000412762, -105825.209300000220537 ], [ -91907.157599999569356, -105818.793299999088049 ], [ -91908.546000000089407, -105814.040599999949336 ], [ -91911.205699999816716, -105804.948200000450015 ], [ -91934.796699999831617, -105797.250700000673532 ], [ -91935.548899999819696, -105797.007699999958277 ], [ -91936.294700000435114, -105796.766699999570847 ], [ -91947.165699999779463, -105793.218900000676513 ], [ -91950.517699999734759, -105790.707000000402331 ], [ -91953.035699999891222, -105788.819099999964237 ], [ -92103.535600000061095, -105679.182000000029802 ], [ -92104.247000000439584, -105679.150800000876188 ], [ -92110.035500000230968, -105678.891000000759959 ], [ -92118.876799999736249, -105664.862900000065565 ], [ -92132.556900000199676, -105630.992900000885129 ], [ -92140.255400000140071, -105611.934499999508262 ], [ -92168.048700000159442, -105543.11460000090301 ], [ -92181.771499999798834, -105497.517200000584126 ], [ -92197.539800000376999, -105445.137800000607967 ], [ -92180.118800000287592, -105444.256799999624491 ], [ -92184.527700000442564, -105165.517400000244379 ], [ -92248.964300000108778, -105164.519799999892712 ], [ -92279.594600000418723, -105164.207000000402331 ], [ -92261.676300000399351, -105008.910000000149012 ], [ -92243.640700000338256, -104857.340700000524521 ], [ -92247.471099999733269, -104719.67369999922812 ], [ -92249.514499999582767, -104646.10219999961555 ], [ -92250.838100000284612, -104597.913399999961257 ], [ -92254.657800000160933, -104459.073499999940395 ], [ -92261.260099999606609, -104329.98450000025332 ], [ -92266.81940000038594, -104255.243100000545382 ], [ -92266.918800000101328, -104253.877900000661612 ], [ -92270.114099999889731, -104210.9364 ], [ -92262.223299999721348, -104207.55489999987185 ], [ -92255.672399999573827, -104204.745300000533462 ], [ -92249.274000000208616, -104201.965700000524521 ], [ -92245.522599999792874, -104200.335100000724196 ], [ -92244.472699999809265, -104199.846599999815226 ], [ -92241.792600000277162, -104198.605100000277162 ], [ -92161.843700000084937, -104170.723799999803305 ], [ -92080.793100000359118, -104150.741499999538064 ], [ -92048.714999999850988, -104142.831399999558926 ], [ -91977.815600000321865, -104134.540699999779463 ], [ -91951.943300000391901, -104132.190300000831485 ], [ -91928.046000000089407, -104130.019799999892712 ], [ -91905.667700000107288, -104129.260900000110269 ], [ -91860.916500000283122, -104127.74860000051558 ], [ -91835.268099999986589, -104129.259700000286102 ], [ -91822.446700000204146, -104130.017899999395013 ], [ -91751.557099999859929, -104135.286599999293685 ], [ -91710.345200000330806, -104142.154799999669194 ], [ -91697.247299999929965, -104144.335500000044703 ], [ -91642.945199999958277, -104154.12470000050962 ], [ -91572.807599999941885, -104172.972599999979138 ], [ -91530.895700000226498, -104185.290699999779463 ], [ -91508.697700000368059, -104191.811799999326468 ], [ -91506.038200000301003, -104192.342199999839067 ], [ -91497.377700000070035, -104194.071599999442697 ], [ -91418.019399999640882, -104211.930500000715256 ], [ -91413.667999999597669, -104212.910399999469519 ], [ -91397.537899999879301, -104215.110500000417233 ], [ -91374.906600000336766, -104218.199200000613928 ], [ -91225.858799999579787, -104238.536299999803305 ], [ -91200.559799999929965, -104243.193900000303984 ], [ -91168.53899999987334, -104249.085200000554323 ], [ -91118.00899999961257, -104263.404200000688434 ], [ -91091.60910000000149, -104271.69370000064373 ], [ -91036.518600000068545, -104289.193099999800324 ], [ -90977.719200000166893, -104307.871400000527501 ], [ -90941.877600000239909, -104318.88289999961853 ], [ -90898.96929999999702, -104332.06980000063777 ], [ -90884.597900000400841, -104336.859699999913573 ], [ -90879.740299999713898, -104338.478900000452995 ], [ -90877.842100000008941, -104339.109200000762939 ], [ -90867.17879999987781, -104342.476999999955297 ], [ -90861.106800000183284, -104344.390000000596046 ], [ -90853.331299999728799, -104346.840800000354648 ], [ -90664.788399999961257, -104406.326500000432134 ], [ -90609.250900000333786, -104423.851500000804663 ], [ -90604.053999999538064, -104425.489199999719858 ], [ -90599.90749999973923, -104426.797100000083447 ], [ -90601.92119999974966, -104432.325099999085069 ], [ -90608.746799999848008, -104451.013399999588728 ], [ -90611.037899999879301, -104458.522199999541044 ], [ -90630.50760000012815, -104522.3136 ], [ -90641.836400000378489, -104566.010999999940395 ], [ -90645.43680000025779, -104582.013499999418855 ], [ -90648.535600000061095, -104624.80320000089705 ], [ -90648.025100000202656, -104651.583100000396371 ], [ -90641.834499999880791, -104687.762700000777841 ], [ -90635.956199999898672, -104709.703400000929832 ], [ -90627.543600000441074, -104741.122099999338388 ], [ -90623.473899999633431, -104753.972899999469519 ], [ -90613.492899999953806, -104785.501499999314547 ], [ -90610.620699999853969, -104800.891400000080466 ], [ -90606.482300000265241, -104823.04109999909997 ], [ -90602.151600000448525, -104863.780799999833107 ], [ -90602.150999999605119, -104894.690600000321865 ], [ -90602.769199999980628, -104910.08049999922514 ], [ -90603.700299999676645, -104933.320299999788404 ], [ -90604.761599999852479, -104943.68129999935627 ], [ -90605.759899999946356, -104953.400200000032783 ], [ -90611.749400000087917, -104981.610200000926852 ], [ -90620.817200000397861, -105016.510099999606609 ], [ -90647.08669999986887, -105117.63990000076592 ], [ -90688.20339999999851, -105282.519500000402331 ], [ -90695.422799999825656, -105329.39299999922514 ], [ -90695.77240000013262, -105333.038100000470877 ], [ -90696.542299999855459, -105341.109300000593066 ], [ -90701.601800000295043, -105393.768999999389052 ], [ -90701.291199999861419, -105399.82799999974668 ], [ -90700.570899999700487, -105413.858899999409914 ], [ -90691.450100000016391, -105465.608300000429153 ], [ -90677.859899999573827, -105505.2193 ], [ -90664.378800000064075, -105544.517300000414252 ], [ -90644.077899999916553, -105601.636600000783801 ], [ -90640.988300000317395, -105610.215399999171495 ], [ -90633.106499999761581, -105631.9375 ], [ -90582.165199999697506, -105773.584300000220537 ], [ -90575.574900000356138, -105791.924000000581145 ], [ -90568.864599999971688, -105810.563799999654293 ], [ -90536.373200000263751, -105897.782600000500679 ], [ -90518.472500000149012, -105945.842000000178814 ], [ -90512.692200000397861, -105966.101700000464916 ], [ -90510.201000000350177, -106028.511199999600649 ], [ -90510.900899999774992, -106038.481200000271201 ], [ -90514.059999999590218, -106083.470899999141693 ], [ -90521.818599999882281, -106157.370600000023842 ], [ -90527.25760000012815, -106209.230299999937415 ], [ -90527.767599999904633, -106214.090299999341369 ], [ -90531.396900000050664, -106249.300100000575185 ], [ -90532.58669999986887, -106260.790100000798702 ], [ -90532.936599999666214, -106264.230100000277162 ], [ -90533.93640000000596, -106273.910000000149012 ], [ -90539.546000000089407, -106297.609999999403954 ], [ -90541.125799999572337, -106304.319900000467896 ], [ -90543.985600000247359, -106316.38990000076592 ], [ -90549.005199999548495, -106335.799900000914931 ], [ -90550.84499999973923, -106343.789899999275804 ], [ -90551.144999999552965, -106345.099799999967217 ], [ -90553.314799999818206, -106354.529799999669194 ], [ -90586.24199999962002, -106497.699500000104308 ], [ -90587.811900000087917, -106503.479399999603629 ], [ -90588.331899999640882, -106505.409399999305606 ], [ -90658.61670000012964, -106764.838999999687076 ], [ -90665.956100000068545, -106791.948899999260902 ], [ -90666.356100000441074, -106793.408900000154972 ], [ -90672.795599999837577, -106817.18889999948442 ], [ -90670.035299999639392, -106833.978700000792742 ], [ -90629.491100000217557, -107080.486300000920892 ], [ -90716.040199999697506, -107097.697799999266863 ], [ -90718.829900000244379, -107113.5777000002563 ], [ -90716.674200000241399, -107130.313999999314547 ], [ -90623.047100000083447, -107857.210899999365211 ], [ -90872.745199999772012, -107867.205399999395013 ], [ -91338.24280000012368, -107825.974099999293685 ], [ -91598.519600000232458, -107905.188300000503659 ], [ -91727.748300000093877, -107332.116499999538064 ], [ -91730.619400000199676, -107319.384700000286102 ], [ -91741.960199999623001, -107268.5152000002563 ], [ -91774.622399999760091, -107134.706700000911951 ], [ -91775.572499999776483, -107130.846799999475479 ], [ -91852.781600000336766, -107152.417999999597669 ], [ -91855.111600000411272, -107153.068099999800324 ], [ -91877.601300000213087, -107159.348400000482798 ], [ -91972.730299999937415, -107180.939999999478459 ], [ -92046.569600000046194, -107193.49129999987781 ], [ -92120.721300000324845, -107072.053400000557303 ], [ -92161.832200000062585, -107004.424599999561906 ], [ -92172.892400000244379, -106987.794999999925494 ], [ -92233.463700000196695, -106898.676699999719858 ], [ -92234.772300000302494, -106896.758300000801682 ] ] ] ] } },
{ "type": "Feature", "properties": { "dtmnfr": "110607", "freguesia": "Beato", "municipio": "Lisboa", "distrito_ilha": "Lisboa", "nuts3": "Grande Lisboa", "nuts2": "Grande Lisboa", "nuts1": "Continente", "area_ha": 248.38, "perimetro_km": 8, "designacao_simplificada": "Beato" }, "geometry": { "type": "MultiPolygon", "coordinates": [ [ [ [ -86369.427099999971688, -102823.157299999147654 ], [ -86350.965300000272691, -102819.30629999935627 ], [ -86316.017699999734759, -102812.016699999570847 ], [ -86294.480200000107288, -102804.72690000012517 ], [ -86234.768699999898672, -102784.515399999916553 ], [ -86221.060200000181794, -102778.425599999725819 ], [ -86130.320299999788404, -102738.113900000229478 ], [ -86085.807000000029802, -102707.803400000557303 ], [ -86085.468399999663234, -102707.572799999266863 ], [ -86085.650500000454485, -102707.327299999073148 ], [ -86102.10219999961555, -102685.141200000420213 ], [ -86117.032399999909103, -102666.301599999889731 ], [ -86120.311900000087917, -102660.79619999974966 ], [ -86122.285600000061095, -102658.235700000077486 ], [ -86134.50870000012219, -102646.262000000104308 ], [ -86143.467600000090897, -102639.076999999582767 ], [ -86143.001899999566376, -102633.316199999302626 ], [ -86142.294999999925494, -102624.662299999967217 ], [ -86141.177699999883771, -102591.291500000283122 ], [ -86141.894999999552965, -102550.02280000038445 ], [ -86124.818199999630451, -102530.678600000217557 ], [ -86114.269299999810755, -102522.451500000432134 ], [ -86104.496399999596179, -102516.087400000542402 ], [ -86093.637500000186265, -102511.120200000703335 ], [ -86085.607499999925494, -102509.564699999988079 ], [ -86080.221499999985099, -102509.321000000461936 ], [ -86075.75719999987632, -102509.462799999862909 ], [ -86056.44440000038594, -102510.035599999129772 ], [ -86041.815399999730289, -102511.059399999678135 ], [ -86023.955400000326335, -102512.402100000530481 ], [ -86003.722699999809265, -102515.0320999994874 ], [ -85983.559899999760091, -102517.757200000807643 ], [ -85972.669800000265241, -102519.228800000622869 ], [ -85956.967199999839067, -102521.352900000289083 ], [ -85946.288099999539554, -102522.690700000151992 ], [ -85937.760099999606609, -102523.615499999374151 ], [ -85929.556699999608099, -102524.095300000160933 ], [ -85906.400200000032783, -102518.340399999171495 ], [ -85890.724799999967217, -102514.442800000309944 ], [ -85865.076299999840558, -102508.070599999278784 ], [ -85832.599000000394881, -102480.242599999532104 ], [ -85832.095999999903142, -102479.811200000345707 ], [ -85811.448200000450015, -102462.13990000076592 ], [ -85743.796500000171363, -102541.248199999332428 ], [ -85659.535199999809265, -102643.325899999588728 ], [ -85637.524799999780953, -102671.265300000086427 ], [ -85619.254499999806285, -102694.454900000244379 ], [ -85612.294400000013411, -102703.294700000435114 ], [ -85603.774000000208616, -102726.044399999082088 ], [ -85601.393899999558926, -102732.394300000742078 ], [ -85599.383799999952316, -102741.27419999986887 ], [ -85597.253600000403821, -102752.794099999591708 ], [ -85593.703300000168383, -102771.923900000751019 ], [ -85590.403099999763072, -102785.123700000345707 ], [ -85589.872999999672174, -102790.153699999675155 ], [ -85589.002799999900162, -102798.323599999770522 ], [ -85587.812699999660254, -102804.793500000610948 ], [ -85585.312699999660254, -102806.513499999418855 ], [ -85584.282700000330806, -102807.183499999344349 ], [ -85583.222699999809265, -102807.873400000855327 ], [ -85548.242499999701977, -102830.612600000575185 ], [ -85543.692499999888241, -102833.572499999776483 ], [ -85536.952499999664724, -102837.272399999201298 ], [ -85506.472400000318885, -102853.991699999198318 ], [ -85497.902300000190735, -102858.691500000655651 ], [ -85491.052299999631941, -102861.741399999707937 ], [ -85451.522300000302494, -102879.450600000098348 ], [ -85450.802099999971688, -102888.120500000193715 ], [ -85450.201999999582767, -102894.620400000363588 ], [ -85450.101800000295043, -102903.32039999961853 ], [ -85449.601700000464916, -102909.820299999788404 ], [ -85448.901600000448525, -102914.720300000160933 ], [ -85447.401600000448525, -102918.920199999585748 ], [ -85445.501500000245869, -102922.220200000330806 ], [ -85442.401499999687076, -102925.620100000873208 ], [ -85430.601400000043213, -102937.81980000063777 ], [ -85412.601099999621511, -102956.699300000444055 ], [ -85411.201100000180304, -102957.519300000742078 ], [ -85408.801099999807775, -102958.719200000166893 ], [ -85406.321100000292063, -102960.629200000315905 ], [ -85405.301099999807775, -102961.419199999421835 ], [ -85403.801099999807775, -102963.219100000336766 ], [ -85403.100999999791384, -102964.919099999591708 ], [ -85397.701200000010431, -102957.619000000879169 ], [ -85395.701299999840558, -102955.418999999761581 ], [ -85394.101300000213087, -102953.918999999761581 ], [ -85391.901300000026822, -102953.119000000879169 ], [ -85389.901399999856949, -102952.818900000303984 ], [ -85386.801400000229478, -102953.018899999558926 ], [ -85383.701399999670684, -102953.318800000473857 ], [ -85380.201399999670684, -102954.018799999728799 ], [ -85377.101400000043213, -102955.118699999526143 ], [ -85367.301400000229478, -102959.018500000238419 ], [ -85352.401399999856949, -102964.818199999630451 ], [ -85345.201399999670684, -102967.618000000715256 ], [ -85338.801400000229478, -102969.117900000885129 ], [ -85334.101400000043213, -102969.717800000682473 ], [ -85326.701500000432134, -102969.917700000107288 ], [ -85319.301500000059605, -102970.217499999329448 ], [ -85314.301500000059605, -102970.61739999987185 ], [ -85310.501600000075996, -102971.217399999499321 ], [ -85307.001600000075996, -102971.917300000786781 ], [ -85303.101599999703467, -102973.317199999466538 ], [ -85298.501500000245869, -102976.11710000038147 ], [ -85290.401499999687076, -102980.216900000348687 ], [ -85284.301500000059605, -102983.316800000146031 ], [ -85281.201500000432134, -102985.216700000688434 ], [ -85279.301500000059605, -102987.416699999943376 ], [ -85275.301300000399351, -102996.01659999974072 ], [ -85272.901300000026822, -103001.216499999165535 ], [ -85270.10120000038296, -103007.516400000080466 ], [ -85266.301099999807775, -103014.216299999505281 ], [ -85263.100999999791384, -103020.416200000792742 ], [ -85256.000799999572337, -103034.016000000759959 ], [ -85253.03070000000298, -103039.905899999663234 ], [ -85250.300599999725819, -103045.315799999982119 ], [ -85247.900500000454485, -103051.215700000524521 ], [ -85245.50040000025183, -103058.715600000694394 ], [ -85242.500300000421703, -103066.815500000491738 ], [ -85241.100200000219047, -103071.315400000661612 ], [ -85240.800099999643862, -103074.615399999544024 ], [ -85241.460099999792874, -103078.44539999961853 ], [ -85242.099999999627471, -103082.115399999544024 ], [ -85232.499900000169873, -103092.515100000426173 ], [ -85193.82010000012815, -103096.694399999454618 ], [ -85193.030100000090897, -103097.004399999976158 ], [ -85165.009999999776483, -103107.733799999579787 ], [ -85083.809999999590218, -103138.852099999785423 ], [ -85025.199900000356138, -103167.400900000706315 ], [ -84997.269799999892712, -103181.010299999266863 ], [ -84976.229799999855459, -103191.259800000116229 ], [ -84889.399500000290573, -103239.597899999469519 ], [ -84871.980000000447035, -103219.447699999436736 ], [ -84854.780399999581277, -103204.207499999552965 ], [ -84845.000599999912083, -103195.547399999573827 ], [ -84832.630900000222027, -103181.987299999222159 ], [ -84832.130900000222027, -103181.447300000116229 ], [ -84820.07079999987036, -103190.787000000476837 ], [ -84783.070600000210106, -103219.446100000292063 ], [ -84746.190399999730289, -103245.145300000905991 ], [ -84675.534199999645352, -103058.30519999936223 ], [ -84658.025200000032783, -103011.995200000703335 ], [ -84609.587799999862909, -102883.925200000405312 ], [ -84561.076899999752641, -102954.383899999782443 ], [ -84547.545599999837577, -102976.145500000566244 ], [ -84484.004599999636412, -102996.393200000748038 ], [ -84466.166699999943376, -103002.222799999639392 ], [ -84452.162700000219047, -103006.787499999627471 ], [ -84444.145700000226498, -103009.488399999216199 ], [ -84425.662700000219047, -103015.544999999925494 ], [ -84418.766699999570847, -103017.840800000354648 ], [ -84427.406200000084937, -103043.700799999758601 ], [ -84433.805700000375509, -103065.60080000013113 ], [ -84413.905799999833107, -103070.800400000065565 ], [ -84383.105800000019372, -103077.789799999445677 ], [ -84393.205000000074506, -103122.299699999392033 ], [ -84409.503499999642372, -103196.89949999935925 ], [ -84415.593000000342727, -103223.809399999678135 ], [ -84408.713000000454485, -103226.879200000315905 ], [ -84378.152900000102818, -103240.49860000051558 ], [ -84377.462600000202656, -103260.478399999439716 ], [ -84377.272499999962747, -103266.028400000184774 ], [ -84370.942400000058115, -103269.918299999088049 ], [ -84303.262099999934435, -103311.44679999910295 ], [ -84298.900200000032783, -103313.114399999380112 ], [ -83777.781999999657273, -103512.345799999311566 ], [ -83913.963499999605119, -103930.995500000193715 ], [ -84061.26589999999851, -104290.435799999162555 ], [ -84273.389999999664724, -104537.917899999767542 ], [ -84505.944299999624491, -104765.9206000007689 ], [ -84957.826500000432134, -104362.770199999213219 ], [ -84961.568599999882281, -104359.431700000539422 ], [ -85071.389499999582767, -104272.494200000539422 ], [ -85075.039499999955297, -104269.604299999773502 ], [ -85156.720099999569356, -104204.936300000175834 ], [ -85184.300300000235438, -104184.886900000274181 ], [ -85185.920300000347197, -104183.706900000572205 ], [ -85195.190200000070035, -104186.977099999785423 ], [ -85197.040199999697506, -104187.627100000157952 ], [ -85198.400200000032783, -104188.107100000604987 ], [ -85203.04009999986738, -104189.747199999168515 ], [ -85219.900299999862909, -104175.117599999532104 ], [ -85222.18030000012368, -104173.137700000777841 ], [ -85227.480299999937415, -104168.707800000905991 ], [ -85234.990399999544024, -104163.347999999299645 ], [ -85258.760499999858439, -104146.388499999418855 ], [ -85281.820700000040233, -104129.799000000581145 ], [ -85313.080900000408292, -104107.309800000861287 ], [ -85318.980899999849498, -104102.009899999946356 ], [ -85325.11600000038743, -104094.400100000202656 ], [ -85328.481100000441074, -104088.010199999436736 ], [ -85330.881199999712408, -104080.910299999639392 ], [ -85334.181400000117719, -104068.210400000214577 ], [ -85335.881599999964237, -104061.310499999672174 ], [ -85340.581899999640882, -104041.410700000822544 ], [ -85345.082200000062585, -104022.810900000855327 ], [ -85350.38260000012815, -104001.211100000888109 ], [ -85355.38289999961853, -103980.8114 ], [ -85360.903300000354648, -103957.39159999974072 ], [ -85364.583499999716878, -103941.811799999326468 ], [ -85378.344499999657273, -103883.632400000467896 ], [ -85382.4847999997437, -103866.112600000575185 ], [ -85387.285099999979138, -103845.912900000810623 ], [ -85390.485299999825656, -103834.312999999150634 ], [ -85394.585500000044703, -103822.513199999928474 ], [ -85398.985700000077486, -103812.813300000503659 ], [ -85405.085799999535084, -103801.513499999418855 ], [ -85412.58600000012666, -103789.113700000569224 ], [ -85430.386400000192225, -103759.314200000837445 ], [ -85431.786399999633431, -103757.114299999549985 ], [ -85464.687199999578297, -103702.615199999883771 ], [ -85471.487399999983609, -103691.215399999171495 ], [ -85499.188000000081956, -103646.316199999302626 ], [ -85514.388399999588728, -103620.616699999198318 ], [ -85529.28870000038296, -103597.2171 ], [ -85533.488800000399351, -103590.617200000211596 ], [ -85538.288900000043213, -103583.517400000244379 ], [ -85543.589100000448525, -103569.417600000277162 ], [ -85548.78940000012517, -103550.317800000309944 ], [ -85553.389700000174344, -103531.718000000342727 ], [ -85561.090200000442564, -103501.218399999663234 ], [ -85563.790400000289083, -103490.818499999120831 ], [ -85567.790699999779463, -103474.81870000064373 ], [ -85570.490799999795854, -103465.61879999935627 ], [ -85571.790900000371039, -103460.11879999935627 ], [ -85573.691100000403821, -103449.418899999931455 ], [ -85574.191200000233948, -103441.619000000879169 ], [ -85574.891400000080466, -103433.719100000336766 ], [ -85574.991499999538064, -103427.919099999591708 ], [ -85573.491600000299513, -103419.019099999219179 ], [ -85570.491799999959767, -103411.219100000336766 ], [ -85566.891999999992549, -103399.919099999591708 ], [ -85689.781499999575317, -103386.061499999836087 ], [ -85713.171400000341237, -103383.421900000423193 ], [ -85714.64130000025034, -103383.471899999305606 ], [ -85768.590900000184774, -103385.422900000587106 ], [ -85841.130300000309944, -103392.944199999794364 ], [ -85897.530399999581277, -103368.785399999469519 ], [ -85950.170400000177324, -103350.526399999856949 ], [ -85958.470399999991059, -103347.646600000560284 ], [ -85990.200400000438094, -103331.537299999967217 ], [ -86017.390599999576807, -103311.9079 ], [ -86064.731200000271201, -103262.07909999974072 ], [ -86096.46169999986887, -103224.330000000074506 ], [ -86195.172899999655783, -103119.132500000298023 ], [ -86202.843000000342727, -103111.052699999883771 ], [ -86269.20380000025034, -103041.114299999549985 ], [ -86305.974600000306964, -102985.745400000363588 ], [ -86330.645800000056624, -102912.256300000473857 ], [ -86363.296900000423193, -102837.237400000914931 ], [ -86369.427099999971688, -102823.157299999147654 ] ] ] ] } },
{ "type": "Feature", "properties": { "dtmnfr": "110608", "freguesia": "Benfica", "municipio": "Lisboa", "distrito_ilha": "Lisboa", "nuts3": "Grande Lisboa", "nuts2": "Grande Lisboa", "nuts1": "Continente", "area_ha": 802.49, "perimetro_km": 17, "designacao_simplificada": "Benfica" }, "geometry": { "type": "MultiPolygon", "coordinates": [ [ [ [ -94518.800900000147521, -105062.394400000572205 ], [ -94461.322999999858439, -104973.804099999368191 ], [ -94419.263600000180304, -104912.214299999177456 ], [ -94379.56209999974817, -104882.45240000076592 ], [ -94301.596400000154972, -104824.00620000064373 ], [ -94226.831199999898672, -104767.958799999207258 ], [ -94154.548200000077486, -104713.772199999541044 ], [ -94115.484600000083447, -104687.165200000628829 ], [ -94085.149400000460446, -104666.503200000151992 ], [ -94056.491600000299513, -104646.983799999579787 ], [ -94039.50109999999404, -104635.411199999973178 ], [ -94012.207299999892712, -104622.461500000208616 ], [ -93954.958399999886751, -104595.299000000581145 ], [ -93887.547100000083447, -104563.314600000157952 ], [ -93854.800200000405312, -104547.777100000530481 ], [ -93831.019399999640882, -104536.493699999526143 ], [ -93800.311999999918044, -104521.924000000581145 ], [ -93772.634200000204146, -104508.428300000727177 ], [ -93757.753899999894202, -104501.788200000301003 ], [ -93725.964800000190735, -104475.51799999922514 ], [ -93684.850399999879301, -104441.852099999785423 ], [ -93653.275999999605119, -104418.457900000736117 ], [ -93616.124099999666214, -104390.552400000393391 ], [ -93587.149600000120699, -104368.924799999222159 ], [ -93563.023400000296533, -104350.91609999909997 ], [ -93513.286000000312924, -104313.790300000458956 ], [ -93490.639700000174344, -104296.886299999430776 ], [ -93481.41399999987334, -104280.89949999935925 ], [ -93471.729299999773502, -104264.117300000041723 ], [ -93475.65639999974519, -104248.174000000581145 ], [ -93481.958100000396371, -104222.590399999171495 ], [ -93500.307699999772012, -104148.094699999317527 ], [ -93506.374900000169873, -104123.463400000706315 ], [ -93527.262299999594688, -104038.664599999785423 ], [ -93536.337100000120699, -104001.823000000789762 ], [ -93554.199000000022352, -103929.307399999350309 ], [ -93572.231900000013411, -103856.097400000318885 ], [ -93581.097900000400841, -103820.103399999439716 ], [ -93594.055100000463426, -103767.499099999666214 ], [ -93602.709099999628961, -103732.365499999374151 ], [ -93622.396300000138581, -103653.152899999171495 ], [ -93632.65679999999702, -103609.903400000184774 ], [ -93634.375900000333786, -103603.80350000038743 ], [ -93623.938400000333786, -103583.364099999889731 ], [ -93580.715699999593198, -103498.722300000488758 ], [ -93558.513700000010431, -103455.244899999350309 ], [ -93541.04079999960959, -103421.028000000864267 ], [ -93511.111100000329316, -103362.417799999937415 ], [ -93480.098799999803305, -103301.68779999949038 ], [ -93430.045099999755621, -103203.669800000265241 ], [ -93381.209599999710917, -103108.037200000137091 ], [ -93361.834499999880791, -103070.09569999948144 ], [ -93333.853000000119209, -103015.300799999386072 ], [ -93317.611299999989569, -102983.495400000363588 ], [ -93297.171400000341237, -102943.468699999153614 ], [ -93284.448400000110269, -102918.553899999707937 ], [ -93265.980600000359118, -102882.38910000026226 ], [ -93248.071700000204146, -102847.318900000303984 ], [ -93216.709599999710917, -102785.903899999335408 ], [ -93205.362499999813735, -102763.683399999514222 ], [ -93204.771300000138581, -102752.834300000220537 ], [ -93204.771499999798834, -102742.903999999165535 ], [ -93206.111700000241399, -102724.054500000551343 ], [ -93215.693500000052154, -102585.875399999320507 ], [ -93221.404699999839067, -102512.656300000846386 ], [ -93224.565899999812245, -102469.210999999195337 ], [ -93227.125500000081956, -102434.03690000064671 ], [ -93233.846599999815226, -102347.867200000211596 ], [ -93239.567499999888241, -102266.39809999987483 ], [ -93244.778599999845028, -102193.528599999845028 ], [ -93245.788499999791384, -102187.128799999132752 ], [ -93252.85910000000149, -102171.478800000622869 ], [ -93259.918999999761581, -102159.869000000879169 ], [ -93310.53969999961555, -102073.690400000661612 ], [ -93358.150200000032783, -101992.381599999964237 ], [ -93390.791000000201166, -101934.492599999532104 ], [ -93407.691399999894202, -101901.683000000193715 ], [ -93418.701500000432134, -101883.063699999824166 ], [ -93437.211900000460446, -101851.273900000378489 ], [ -93448.521999999880791, -101832.554099999368191 ], [ -93469.612399999983609, -101796.44480000063777 ], [ -93485.852800000458956, -101768.455299999564886 ], [ -93504.053000000305474, -101737.695800000801682 ], [ -93511.972900000400841, -101723.806199999526143 ], [ -93528.733099999837577, -101694.586100000888109 ], [ -93542.723199999891222, -101670.316999999806285 ], [ -93550.743700000457466, -101657.567199999466538 ], [ -93558.45339999999851, -101644.187100000679493 ], [ -93579.034199999645352, -101607.857699999585748 ], [ -93605.664499999955297, -101562.79839999973774 ], [ -93613.484299999661744, -101549.528999999165535 ], [ -93627.464399999938905, -101525.249099999666214 ], [ -93642.374900000169873, -101501.279500000178814 ], [ -93657.184799999929965, -101476.169999999925494 ], [ -93665.825100000016391, -101461.770099999383092 ], [ -93677.335199999623001, -101441.300200000405312 ], [ -93693.895899999886751, -101413.830900000408292 ], [ -93706.33600000012666, -101391.721400000154972 ], [ -93722.886099999770522, -101362.911599999293685 ], [ -93731.446299999952316, -101349.351500000804663 ], [ -93738.326200000010431, -101339.3918999992311 ], [ -93723.996799999848008, -101331.051599999889731 ], [ -93712.877000000327826, -101323.591600000858307 ], [ -93662.537800000049174, -101292.261299999430776 ], [ -93646.737499999813735, -101282.450999999418855 ], [ -93637.957999999634922, -101276.600999999791384 ], [ -93632.108099999837577, -101267.380799999460578 ], [ -93626.258200000040233, -101257.86119999922812 ], [ -93620.10840000025928, -101247.180900000035763 ], [ -93601.488800000399351, -101214.221100000664592 ], [ -93508.151999999769032, -101046.200799999758601 ], [ -93499.882100000046194, -101029.800699999555945 ], [ -93497.392300000414252, -101024.681099999696016 ], [ -93497.122499999590218, -101019.631400000303984 ], [ -93497.702499999664724, -101014.870999999344349 ], [ -93498.5625, -101011.951400000602007 ], [ -93504.392599999904633, -100997.471499999985099 ], [ -93513.902900000102818, -100974.351800000295043 ], [ -93522.16330000013113, -100953.621899999678135 ], [ -93522.943300000391901, -100949.542199999094009 ], [ -93521.003299999982119, -100946.142000000923872 ], [ -93517.30350000038743, -100941.962099999189377 ], [ -93508.953700000420213, -100934.962099999189377 ], [ -93503.023900000378489, -100928.932000000029802 ], [ -93501.763899999670684, -100925.531899999827147 ], [ -93501.663900000043213, -100923.581700000911951 ], [ -93502.91399999987334, -100918.721899999305606 ], [ -93508.453999999910593, -100904.822100000455976 ], [ -93522.144199999980628, -100871.282600000500679 ], [ -93528.454199999570847, -100856.122700000181794 ], [ -93528.944299999624491, -100853.592599999159575 ], [ -93527.87430000025779, -100849.992799999192357 ], [ -93525.544800000265241, -100847.372700000181794 ], [ -93522.624499999918044, -100844.552999999374151 ], [ -93479.175099999643862, -100814.8125 ], [ -93447.796099999919534, -100793.522099999710917 ], [ -93437.105899999849498, -100786.332000000402331 ], [ -93434.875900000333786, -100783.701799999922514 ], [ -93428.846099999733269, -100777.001900000497699 ], [ -93427.486100000329316, -100773.202099999412894 ], [ -93427.106100000441074, -100769.611800000071526 ], [ -93428.466300000436604, -100763.582000000402331 ], [ -93430.116499999538064, -100757.262000000104308 ], [ -93435.746500000357628, -100740.342599999159575 ], [ -93440.607099999673665, -100723.042600000277162 ], [ -93441.077200000174344, -100714.882500000298023 ], [ -93439.137099999934435, -100706.722500000149012 ], [ -93437.587000000290573, -100703.222799999639392 ], [ -93432.047399999573827, -100696.412699999287724 ], [ -93428.25719999987632, -100692.622400000691414 ], [ -93419.417700000107288, -100688.052500000223517 ], [ -93398.127999999560416, -100676.682499999180436 ], [ -93382.86809999961406, -100669.882500000298023 ], [ -93374.418100000359118, -100668.422199999913573 ], [ -93367.038099999539554, -100669.292199999094009 ], [ -93361.488199999555945, -100672.211799999698997 ], [ -93352.458100000396371, -100677.551999999210238 ], [ -93342.928000000305474, -100677.261900000274181 ], [ -93340.515999999828637, -100676.244000000879169 ], [ -93334.867999999783933, -100673.861500000581145 ], [ -93322.338399999774992, -100667.151399999856949 ], [ -93311.838899999856949, -100661.421399999409914 ], [ -93305.618999999947846, -100653.541200000792742 ], [ -93298.229299999773502, -100638.571100000292063 ], [ -93288.909599999897182, -100614.661000000312924 ], [ -93281.809600000269711, -100604.261299999430776 ], [ -93274.919800000265241, -100600.661499999463558 ], [ -93265.779699999839067, -100599.781300000846386 ], [ -93251.889899999834597, -100601.141200000420213 ], [ -93211.370400000363588, -100606.200500000268221 ], [ -93184.270100000314415, -100609.799799999222159 ], [ -93156.210500000044703, -100613.139299999922514 ], [ -93151.520600000396371, -100613.689600000157952 ], [ -93141.600399999879301, -100614.948999999091029 ], [ -93096.230999999679625, -100620.398800000548363 ], [ -93086.89089999999851, -100621.758300000801682 ], [ -93082.711099999956787, -100620.788699999451637 ], [ -93077.560800000093877, -100617.288399999961257 ], [ -93052.401600000448525, -100597.458300000056624 ], [ -93023.532100000418723, -100574.807900000363588 ], [ -92991.072399999946356, -100549.727900000289083 ], [ -92984.762600000016391, -100544.867499999701977 ], [ -92979.612800000235438, -100542.247700000181794 ], [ -92969.312699999660254, -100540.007400000467896 ], [ -92959.593100000172853, -100536.897700000554323 ], [ -92948.713000000454485, -100533.68720000050962 ], [ -92938.123399999924004, -100530.286800000816584 ], [ -92918.573699999600649, -100521.1570999994874 ], [ -92862.684399999678135, -100496.94620000012219 ], [ -92795.73519999999553, -100467.285900000482798 ], [ -92748.515599999576807, -100446.585500000044703 ], [ -92744.925900000147521, -100444.345200000330806 ], [ -92742.495799999684095, -100440.754899999126792 ], [ -92737.05599999986589, -100433.844900000840425 ], [ -92732.286299999803305, -100429.875199999660254 ], [ -92726.745900000445545, -100427.05489999987185 ], [ -92719.55599999986589, -100425.984699999913573 ], [ -92707.606300000101328, -100424.035000000149012 ], [ -92655.61670000012964, -100417.044299999251962 ], [ -92620.373999999836087, -100412.535099999979138 ], [ -92585.65749999973923, -100408.0932 ], [ -92575.267300000414252, -100406.253000000491738 ], [ -92568.947499999776483, -100403.823300000280142 ], [ -92566.152999999932945, -100400.781600000336766 ], [ -92551.199599999934435, -100402.766400000080466 ], [ -92529.699599999934435, -100409.065999999642372 ], [ -92505.099499999545515, -100420.065400000661612 ], [ -92392.999499999918044, -100464.363099999725819 ], [ -92329.643500000238419, -100488.968800000846386 ], [ -92325.799499999731779, -100490.46169999986887 ], [ -92259.499400000087917, -100516.96030000038445 ], [ -92238.899400000460446, -100529.359899999573827 ], [ -92202.199199999682605, -100551.358999999240041 ], [ -92197.035299999639392, -100553.706199999898672 ], [ -92188.999200000427663, -100557.358799999579787 ], [ -92193.081699999980628, -100564.439200000837445 ], [ -92194.747000000439584, -100567.327299999073148 ], [ -92217.598100000061095, -100606.95890000090003 ], [ -92250.596499999985099, -100681.25899999961257 ], [ -92275.39049999974668, -100743.774800000712276 ], [ -92278.794999999925494, -100752.359099999070168 ], [ -92273.394899999722838, -100762.058900000527501 ], [ -92269.262600000016391, -100766.305800000205636 ], [ -92268.349499999545515, -100767.244400000199676 ], [ -92266.194799999706447, -100769.458699999377131 ], [ -92263.348699999973178, -100770.231699999421835 ], [ -92258.094800000078976, -100771.658600000664592 ], [ -92250.894899999722838, -100771.658399999141693 ], [ -92242.459300000220537, -100771.389000000432134 ], [ -92232.09499999973923, -100771.058100000023842 ], [ -92194.795400000177324, -100763.257500000298023 ], [ -92171.795599999837577, -100762.357100000604987 ], [ -92155.995600000023842, -100766.156700000166893 ], [ -92149.595599999651313, -100768.756599999964237 ], [ -92141.195600000210106, -100773.556399999186397 ], [ -92130.69550000037998, -100781.356200000271201 ], [ -92123.19539999961853, -100787.05599999986589 ], [ -92094.695299999788404, -100806.755400000140071 ], [ -92087.995099999941885, -100817.155200000852346 ], [ -92055.594899999909103, -100844.854399999603629 ], [ -92011.094399999827147, -100888.453299999237061 ], [ -91995.294300000183284, -100899.552899999544024 ], [ -91984.194199999794364, -100908.352700000628829 ], [ -91932.793899999931455, -100941.751499999314547 ], [ -91868.99349999986589, -100987.550000000745058 ], [ -91828.821999999694526, -101016.065700000151992 ], [ -91815.458599999547005, -101025.551799999549985 ], [ -91749.892799999564886, -101071.147299999371171 ], [ -91724.203099999576807, -101090.557199999690056 ], [ -91714.115899999625981, -101097.978199999779463 ], [ -91702.792500000447035, -101105.94620000012219 ], [ -91650.792200000025332, -101142.345000000670552 ], [ -91644.689899999648333, -101146.501199999824166 ], [ -91643.877399999648333, -101147.05460000038147 ], [ -91651.909799999557436, -101160.636499999091029 ], [ -91684.790599999949336, -101216.145099999383092 ], [ -91692.790300000458956, -101231.325200000777841 ], [ -91715.31940000038594, -101273.655300000682473 ], [ -91725.291899999603629, -101295.639299999922514 ], [ -91745.957899999804795, -101341.19539999961853 ], [ -91772.199500000104308, -101409.546399999409914 ], [ -91775.696299999952316, -101418.654400000348687 ], [ -91800.024799999780953, -101490.705399999395013 ], [ -91812.116600000299513, -101526.950799999758601 ], [ -91812.36670000012964, -101527.700799999758601 ], [ -91818.953700000420213, -101547.446299999952316 ], [ -91824.745699999853969, -101585.904999999329448 ], [ -91829.154000000096858, -101615.176599999889731 ], [ -91844.180200000293553, -101714.952199999243021 ], [ -91856.797199999913573, -101832.034099999815226 ], [ -91859.497800000011921, -101858.153999999165535 ], [ -91865.806699999608099, -101911.283700000494719 ], [ -91870.315799999982119, -101959.023499999195337 ], [ -91869.022199999541044, -101992.848999999463558 ], [ -91867.550800000317395, -102031.321599999442697 ], [ -91867.500799999572337, -102032.628699999302626 ], [ -91865.803700000047684, -102077.002599999308586 ], [ -91900.04619999974966, -102086.018699999898672 ], [ -91899.397300000302494, -102087.656099999323487 ], [ -91898.803299999795854, -102089.153100000694394 ], [ -91818.581299999728799, -102386.034399999305606 ], [ -91810.573900000192225, -102383.610600000247359 ], [ -91803.559600000269711, -102381.487400000914931 ], [ -91781.958899999968708, -102374.949100000783801 ], [ -91769.899000000208616, -102374.558800000697374 ], [ -91757.839100000448525, -102373.788599999621511 ], [ -91751.708100000396371, -102373.568499999120831 ], [ -91746.949099999852479, -102373.398399999365211 ], [ -91735.669200000353158, -102373.398199999704957 ], [ -91728.201299999840558, -102374.11710000038147 ], [ -91723.619300000369549, -102374.558000000193715 ], [ -91719.046799999661744, -102375.554400000721216 ], [ -91714.669300000183284, -102376.507799999788404 ], [ -91701.829300000332296, -102379.618599999696016 ], [ -91690.559399999678135, -102382.727299999445677 ], [ -91677.329400000162423, -102386.606100000441074 ], [ -91666.049300000071526, -102392.826799999922514 ], [ -91654.277300000190735, -102399.120600000023842 ], [ -91649.329300000332296, -102401.766499999910593 ], [ -91648.447300000116229, -102402.338400000706315 ], [ -91634.939199999906123, -102411.096100000664592 ], [ -91628.687199999578297, -102414.841000000014901 ], [ -91627.159199999645352, -102415.756999999284744 ], [ -91605.293200000189245, -102429.130999999120831 ], [ -91555.978900000452995, -102459.294399999082088 ], [ -91547.028800000436604, -102467.454199999570847 ], [ -91541.617700000293553, -102472.262000000104308 ], [ -91536.53969999961555, -102476.774399999529123 ], [ -91533.511599999852479, -102481.886800000444055 ], [ -91531.450600000098348, -102485.368300000205636 ], [ -91523.698400000110269, -102499.325500000268221 ], [ -91523.698200000450015, -102508.653500000014901 ], [ -91522.917799999937415, -102531.973300000652671 ], [ -91524.549599999561906, -102539.166300000622869 ], [ -91524.857599999755621, -102540.523299999535084 ], [ -91525.860500000417233, -102545.094200000166893 ], [ -91527.58739999961108, -102552.963199999183416 ], [ -91529.467299999669194, -102556.468699999153614 ], [ -91536.137000000104308, -102568.903300000354648 ], [ -91543.136800000444055, -102578.224300000816584 ], [ -91556.422399999573827, -102593.894500000402331 ], [ -91566.866100000217557, -102606.213600000366569 ], [ -91580.865699999965727, -102624.093699999153614 ], [ -91583.34360000025481, -102629.787699999287724 ], [ -91584.755499999970198, -102633.033700000494719 ], [ -91585.925400000065565, -102641.19370000064373 ], [ -91585.145299999974668, -102646.243599999696016 ], [ -91585.478199999779463, -102651.553600000217557 ], [ -91586.314899999648333, -102664.903500000014901 ], [ -91585.209800000302494, -102670.138499999418855 ], [ -91584.754800000227988, -102672.293500000610948 ], [ -91580.841699999757111, -102685.531999999657273 ], [ -91571.143400000408292, -102697.942999999970198 ], [ -91569.190399999730289, -102700.502000000327826 ], [ -91564.914300000295043, -102706.102900000289083 ], [ -91560.58530000038445, -102709.133799999952316 ], [ -91557.146900000050664, -102711.540699999779463 ], [ -91488.684000000357628, -102754.691199999302626 ], [ -91387.72649999987334, -102817.491900000721216 ], [ -91371.222400000318885, -102827.758500000461936 ], [ -91319.493200000375509, -102859.247400000691414 ], [ -91277.093000000342727, -102885.676400000229478 ], [ -91224.283900000154972, -102908.465299999341369 ], [ -91208.642900000326335, -102915.214999999850988 ], [ -91191.522900000214577, -102922.204600000753999 ], [ -91172.762299999594688, -102927.317199999466538 ], [ -91170.145800000056624, -102928.0304000005126 ], [ -91165.306300000287592, -102929.873199999332428 ], [ -91153.464900000020862, -102934.385299999266863 ], [ -91116.073900000192225, -102948.633099999278784 ], [ -90942.992899999953806, -103013.159499999135733 ], [ -90808.022900000214577, -103064.066700000315905 ], [ -90783.691399999894202, -103073.357200000435114 ], [ -90773.402900000102818, -103077.286000000312924 ], [ -90685.229899999685585, -103110.223099999129772 ], [ -90648.552899999544024, -103123.92339999973774 ], [ -90548.19400000013411, -103161.622600000351667 ], [ -90532.347699999809265, -103173.033600000664592 ], [ -90522.422500000335276, -103190.370600000023842 ], [ -90519.974200000055134, -103207.650499999523163 ], [ -90518.292999999597669, -103219.520400000736117 ], [ -90529.467000000178814, -103242.520899999886751 ], [ -90533.289800000376999, -103247.501299999654293 ], [ -90533.649400000460446, -103247.969799999147654 ], [ -90548.72829999960959, -103267.615199999883771 ], [ -90561.730499999597669, -103287.730699999257922 ], [ -90566.257399999536574, -103293.610700000077486 ], [ -90574.310100000351667, -103304.070800000801682 ], [ -90590.264700000174344, -103322.375 ], [ -90591.279699999839067, -103323.53999999910593 ], [ -90594.259600000455976, -103326.112999999895692 ], [ -90607.909300000406802, -103337.901200000196695 ], [ -90623.769000000320375, -103347.511399999260902 ], [ -90647.688699999824166, -103356.671800000593066 ], [ -90662.878499999642372, -103359.792099999263883 ], [ -90668.510499999858439, -103360.471200000494719 ], [ -90674.898400000296533, -103361.242300000041723 ], [ -90689.988300000317395, -103363.132500000298023 ], [ -90700.668200000189245, -103363.132699999958277 ], [ -90710.850200000219047, -103360.675899999216199 ], [ -90714.508200000040233, -103359.792999999597669 ], [ -90728.138100000098348, -103357.113299999386072 ], [ -90733.555100000463426, -103355.847400000318885 ], [ -90779.75800000037998, -103345.054300000891089 ], [ -90818.280899999663234, -103335.38399999961257 ], [ -90818.889999999664724, -103335.231399999931455 ], [ -90819.514200000092387, -103335.074899999424815 ], [ -90823.347400000318885, -103334.114099999889731 ], [ -90841.218799999915063, -103331.875499999150634 ], [ -90854.697700000368059, -103331.085699999704957 ], [ -90860.357699999585748, -103331.715800000354648 ], [ -90866.017599999904633, -103332.345899999141693 ], [ -90877.327499999664724, -103334.236099999397993 ], [ -90966.14670000039041, -103368.512599999085069 ], [ -91026.055499999783933, -103393.918400000780821 ], [ -91043.751899999566376, -103420.465600000694394 ], [ -91031.854199999943376, -103462.518100000917912 ], [ -90980.653400000184774, -103520.926699999719858 ], [ -90886.691999999806285, -103636.174300000071526 ], [ -90688.799100000411272, -103866.689099999144673 ], [ -90654.628899999894202, -103893.72829999960959 ], [ -90596.256199999712408, -103905.10840000025928 ], [ -90539.698699999600649, -103944.79590000025928 ], [ -90529.248499999754131, -103960.505599999800324 ], [ -90513.235000000335276, -103993.268100000917912 ], [ -90506.247800000011921, -104009.104800000786781 ], [ -90503.637600000016391, -104016.954700000584126 ], [ -90502.969499999657273, -104023.811699999496341 ], [ -90503.5472999997437, -104037.004599999636412 ], [ -90508.04700000025332, -104052.104599999263883 ], [ -90520.996199999935925, -104087.214600000530481 ], [ -90528.745900000445545, -104103.4046 ], [ -90537.518500000238419, -104120.483599999919534 ], [ -90557.447700000368059, -104157.576700000092387 ], [ -90577.844200000166893, -104181.205000000074506 ], [ -90587.563000000081956, -104187.040100000798702 ], [ -90588.303999999538064, -104187.48509999923408 ], [ -90635.173299999907613, -104207.485799999907613 ], [ -90756.146800000220537, -104245.995799999684095 ], [ -90798.971199999563396, -104259.628399999812245 ], [ -90804.254200000315905, -104262.228499999269843 ], [ -90864.880199999548495, -104292.069399999454618 ], [ -90873.214999999850988, -104302.48450000025332 ], [ -90878.219800000078976, -104308.739099999889731 ], [ -90878.186999999918044, -104311.42090000025928 ], [ -90877.96889999974519, -104329.249199999496341 ], [ -90877.842100000008941, -104339.109200000762939 ], [ -90879.740299999713898, -104338.478900000452995 ], [ -90884.597900000400841, -104336.859699999913573 ], [ -90898.96929999999702, -104332.06980000063777 ], [ -90941.877600000239909, -104318.88289999961853 ], [ -90977.719200000166893, -104307.871400000527501 ], [ -91036.518600000068545, -104289.193099999800324 ], [ -91091.60910000000149, -104271.69370000064373 ], [ -91118.00899999961257, -104263.404200000688434 ], [ -91168.53899999987334, -104249.085200000554323 ], [ -91200.559799999929965, -104243.193900000303984 ], [ -91225.858799999579787, -104238.536299999803305 ], [ -91374.906600000336766, -104218.199200000613928 ], [ -91397.537899999879301, -104215.110500000417233 ], [ -91413.667999999597669, -104212.910399999469519 ], [ -91418.019399999640882, -104211.930500000715256 ], [ -91497.377700000070035, -104194.071599999442697 ], [ -91506.038200000301003, -104192.342199999839067 ], [ -91508.697700000368059, -104191.811799999326468 ], [ -91530.895700000226498, -104185.290699999779463 ], [ -91572.807599999941885, -104172.972599999979138 ], [ -91642.945199999958277, -104154.12470000050962 ], [ -91697.247299999929965, -104144.335500000044703 ], [ -91710.345200000330806, -104142.154799999669194 ], [ -91751.557099999859929, -104135.286599999293685 ], [ -91822.446700000204146, -104130.017899999395013 ], [ -91835.268099999986589, -104129.259700000286102 ], [ -91860.916500000283122, -104127.74860000051558 ], [ -91905.667700000107288, -104129.260900000110269 ], [ -91928.046000000089407, -104130.019799999892712 ], [ -91951.943300000391901, -104132.190300000831485 ], [ -91977.815600000321865, -104134.540699999779463 ], [ -92048.714999999850988, -104142.831399999558926 ], [ -92080.793100000359118, -104150.741499999538064 ], [ -92161.843700000084937, -104170.723799999803305 ], [ -92241.792600000277162, -104198.605100000277162 ], [ -92244.472699999809265, -104199.846599999815226 ], [ -92245.522599999792874, -104200.335100000724196 ], [ -92249.274000000208616, -104201.965700000524521 ], [ -92255.672399999573827, -104204.745300000533462 ], [ -92262.223299999721348, -104207.55489999987185 ], [ -92270.114099999889731, -104210.9364 ], [ -92279.198099999688566, -104214.8293999992311 ], [ -92288.763000000268221, -104218.92879999987781 ], [ -92335.681300000287592, -104239.036499999463558 ], [ -92491.439000000245869, -104309.409900000318885 ], [ -92552.527999999932945, -104336.539799999445677 ], [ -92590.237499999813735, -104353.130400000140071 ], [ -92601.263299999758601, -104358.121500000357628 ], [ -92638.506799999624491, -104374.981100000441074 ], [ -92823.293999999761581, -104458.653899999335408 ], [ -92953.772099999710917, -104516.685900000855327 ], [ -92974.860299999825656, -104525.944700000807643 ], [ -93034.470900000073016, -104552.118100000545382 ], [ -93088.020100000314415, -104574.727900000289083 ], [ -93108.379800000227988, -104583.018200000748038 ], [ -93197.378600000403821, -104615.42960000038147 ], [ -93285.01549999974668, -104647.959100000560284 ], [ -93329.366899999789894, -104664.421700000762939 ], [ -93406.296799999661744, -104692.745899999514222 ], [ -93429.675499999895692, -104701.35329999960959 ], [ -93504.425499999895692, -104728.154400000348687 ], [ -93597.863300000317395, -104761.656899999827147 ], [ -93601.795199999585748, -104763.106300000101328 ], [ -93603.85950000025332, -104763.867499999701977 ], [ -93606.016200000420213, -104764.686000000685453 ], [ -93624.407399999909103, -104771.449300000444055 ], [ -93744.941300000064075, -104815.92820000089705 ], [ -93763.110600000247359, -104822.617499999701977 ], [ -93773.600899999961257, -104826.478700000792742 ], [ -94161.265700000338256, -104968.184699999168515 ], [ -94203.825199999846518, -104983.037900000810623 ], [ -94223.864900000393391, -104990.035700000822544 ], [ -94237.896300000138581, -104994.104499999433756 ], [ -94245.252299999818206, -104996.234699999913573 ], [ -94275.904299999587238, -105005.116599999368191 ], [ -94332.473600000143051, -105021.697499999776483 ], [ -94354.763799999840558, -105028.335799999535084 ], [ -94367.913200000301003, -105032.248099999502301 ], [ -94388.282999999821186, -105037.528400000184774 ], [ -94518.800900000147521, -105062.394400000572205 ] ] ] ] } },
{ "type": "Feature", "properties": { "dtmnfr": "110610", "freguesia": "Campolide", "municipio": "Lisboa", "distrito_ilha": "Lisboa", "nuts3": "Grande Lisboa", "nuts2": "Grande Lisboa", "nuts1": "Continente", "area_ha": 277.43, "perimetro_km": 9, "designacao_simplificada": "Campolide" }, "geometry": { "type": "MultiPolygon", "coordinates": [ [ [ [ -90548.19400000013411, -103161.622600000351667 ], [ -90526.807400000281632, -102923.513499999418855 ], [ -90488.552299999631941, -102666.803600000217557 ], [ -90433.637400000356138, -102631.394099999219179 ], [ -90390.639499999582767, -102603.668800000101328 ], [ -90373.373999999836087, -102613.111800000071526 ], [ -90353.074000000022352, -102622.911399999633431 ], [ -90335.873999999836087, -102629.31110000051558 ], [ -90319.173999999649823, -102633.010700000450015 ], [ -90308.674100000411272, -102634.510500000789762 ], [ -90298.174100000411272, -102634.810300000011921 ], [ -90285.87430000025779, -102633.510099999606609 ], [ -90275.074400000274181, -102631.709899999201298 ], [ -90264.374499999918044, -102629.1097999997437 ], [ -90256.575000000186265, -102603.409800000488758 ], [ -90243.075699999928474, -102570.709799999371171 ], [ -90239.97580000013113, -102563.1097999997437 ], [ -90215.976800000295043, -102520.409600000828505 ], [ -90207.076999999582767, -102513.60950000025332 ], [ -90194.877299999818206, -102498.309399999678135 ], [ -90184.177600000053644, -102486.109300000593066 ], [ -90165.378100000321865, -102467.809000000357628 ], [ -90142.978600000031292, -102447.008799999952316 ], [ -90140.159199999645352, -102444.777599999681115 ], [ -90131.478799999691546, -102437.908600000664592 ], [ -90048.877600000239909, -102379.136700000613928 ], [ -90022.230999999679625, -102360.177200000733137 ], [ -90014.61780000012368, -102371.524000000208616 ], [ -90013.300800000317395, -102373.486899999901652 ], [ -90003.207200000062585, -102390.82039999961853 ], [ -89928.171099999919534, -102519.677999999374151 ], [ -89920.151800000108778, -102534.495600000023842 ], [ -89909.950000000186265, -102553.345799999311566 ], [ -89893.807799999602139, -102583.1722999997437 ], [ -89862.027400000020862, -102615.582499999552965 ], [ -89841.277200000360608, -102635.031999999657273 ], [ -89798.505499999970198, -102662.280300000682473 ], [ -89797.436999999918044, -102662.960999999195337 ], [ -89685.430499999783933, -102690.279699999839067 ], [ -89612.377399999648333, -102708.097400000318885 ], [ -89605.777400000020862, -102709.707200000062585 ], [ -89538.796799999661744, -102726.588700000196695 ], [ -89345.575100000016391, -102775.287399999797344 ], [ -89331.965300000272691, -102778.717499999329448 ], [ -89304.018099999986589, -102785.761199999600649 ], [ -89293.83669999986887, -102783.691099999472499 ], [ -89280.627999999560416, -102781.005300000309944 ], [ -89279.28870000038296, -102780.7331000007689 ], [ -89274.849999999627471, -102779.83049999922514 ], [ -89267.227500000037253, -102778.280600000172853 ], [ -89237.061300000175834, -102762.487299999222159 ], [ -89233.853900000452995, -102760.808100000023842 ], [ -89225.521800000220537, -102756.446000000461936 ], [ -89189.332600000314415, -102737.499399999156594 ], [ -89188.014299999922514, -102736.809200000017881 ], [ -89170.650000000372529, -102727.7182 ], [ -89085.214300000108778, -102683.029999999329448 ], [ -89051.38219999987632, -102730.499800000339746 ], [ -88973.537299999967217, -102839.723400000482798 ], [ -88974.803399999625981, -102840.24100000038743 ], [ -89043.012699999846518, -102868.123199999332428 ], [ -89064.050499999895692, -102877.337500000372529 ], [ -89088.936999999918044, -102925.496400000527501 ], [ -89086.701999999582767, -102926.986300000920892 ], [ -89079.892699999734759, -102931.525699999183416 ], [ -89104.046000000089407, -102972.006300000473857 ], [ -89082.296000000089407, -102985.29590000025928 ], [ -89098.605100000277162, -103025.755899999290705 ], [ -89137.472500000149012, -103153.285700000822544 ], [ -89138.026899999938905, -103153.135700000450015 ], [ -89155.456399999558926, -103148.419199999421835 ], [ -89160.589300000108778, -103170.473500000312924 ], [ -89182.072900000028312, -103187.584899999201298 ], [ -89207.739400000311434, -103187.205099999904633 ], [ -89223.518600000068545, -103240.439799999818206 ], [ -89213.353699999861419, -103262.490100000053644 ], [ -89154.907800000160933, -103232.667500000447035 ], [ -89047.249800000339746, -103337.402699999511242 ], [ -89046.8125, -103337.846799999475479 ], [ -89045.547799999825656, -103339.130799999460578 ], [ -88898.588200000114739, -103488.399000000208616 ], [ -89057.074400000274181, -103629.260999999940395 ], [ -89216.122899999842048, -103769.831000000238419 ], [ -89285.52379999961704, -103831.169199999421835 ], [ -89296.775500000454485, -103841.113500000908971 ], [ -89271.604700000025332, -103875.652499999850988 ], [ -89259.328300000168383, -103892.472899999469519 ], [ -89117.282700000330806, -104086.380100000649691 ], [ -89041.174300000071526, -104190.277000000700355 ], [ -88989.466000000014901, -104233.476500000804663 ], [ -88985.193900000303984, -104237.0456000007689 ], [ -89080.973100000061095, -104243.557299999520183 ], [ -89200.332000000402331, -104261.959400000050664 ], [ -89289.091099999845028, -104283.965199999511242 ], [ -89356.480200000107288, -104300.051999999210238 ], [ -89560.487999999895692, -104348.755300000309944 ], [ -89705.016400000080466, -104381.427699999883771 ], [ -89832.825000000186265, -104410.319900000467896 ], [ -89834.925900000147521, -104410.820699999108911 ], [ -90034.094800000078976, -104458.052200000733137 ], [ -90086.982200000435114, -104470.594100000336766 ], [ -90137.490699999965727, -104481.430900000035763 ], [ -90187.11699999962002, -104492.078999999910593 ], [ -90246.346099999733269, -104504.787599999457598 ], [ -90247.217600000090897, -104504.931800000369549 ], [ -90264.313400000333786, -104506.285099999979138 ], [ -90280.770200000144541, -104507.587400000542402 ], [ -90290.240699999965727, -104507.523499999195337 ], [ -90314.532100000418723, -104507.359699999913573 ], [ -90319.21999999973923, -104507.328099999576807 ], [ -90325.026899999938905, -104506.399399999529123 ], [ -90343.134899999946356, -104503.503499999642372 ], [ -90345.03070000000298, -104503.200400000438094 ], [ -90359.549800000153482, -104500.878799999132752 ], [ -90370.012299999594688, -104498.008500000461936 ], [ -90403.759700000286102, -104488.74970000050962 ], [ -90452.962100000120699, -104473.205299999564886 ], [ -90460.812599999830127, -104470.725199999287724 ], [ -90527.954599999822676, -104449.513199999928474 ], [ -90599.90749999973923, -104426.797100000083447 ], [ -90604.053999999538064, -104425.489199999719858 ], [ -90609.250900000333786, -104423.851500000804663 ], [ -90664.788399999961257, -104406.326500000432134 ], [ -90853.331299999728799, -104346.840800000354648 ], [ -90861.106800000183284, -104344.390000000596046 ], [ -90867.17879999987781, -104342.476999999955297 ], [ -90877.842100000008941, -104339.109200000762939 ], [ -90877.96889999974519, -104329.249199999496341 ], [ -90878.186999999918044, -104311.42090000025928 ], [ -90878.219800000078976, -104308.739099999889731 ], [ -90873.214999999850988, -104302.48450000025332 ], [ -90864.880199999548495, -104292.069399999454618 ], [ -90804.254200000315905, -104262.228499999269843 ], [ -90798.971199999563396, -104259.628399999812245 ], [ -90756.146800000220537, -104245.995799999684095 ], [ -90635.173299999907613, -104207.485799999907613 ], [ -90588.303999999538064, -104187.48509999923408 ], [ -90587.563000000081956, -104187.040100000798702 ], [ -90577.844200000166893, -104181.205000000074506 ], [ -90557.447700000368059, -104157.576700000092387 ], [ -90537.518500000238419, -104120.483599999919534 ], [ -90528.745900000445545, -104103.4046 ], [ -90520.996199999935925, -104087.214600000530481 ], [ -90508.04700000025332, -104052.104599999263883 ], [ -90503.5472999997437, -104037.004599999636412 ], [ -90502.969499999657273, -104023.811699999496341 ], [ -90503.637600000016391, -104016.954700000584126 ], [ -90506.247800000011921, -104009.104800000786781 ], [ -90513.235000000335276, -103993.268100000917912 ], [ -90529.248499999754131, -103960.505599999800324 ], [ -90539.698699999600649, -103944.79590000025928 ], [ -90596.256199999712408, -103905.10840000025928 ], [ -90654.628899999894202, -103893.72829999960959 ], [ -90688.799100000411272, -103866.689099999144673 ], [ -90886.691999999806285, -103636.174300000071526 ], [ -90980.653400000184774, -103520.926699999719858 ], [ -91031.854199999943376, -103462.518100000917912 ], [ -91043.751899999566376, -103420.465600000694394 ], [ -91026.055499999783933, -103393.918400000780821 ], [ -90966.14670000039041, -103368.512599999085069 ], [ -90877.327499999664724, -103334.236099999397993 ], [ -90866.017599999904633, -103332.345899999141693 ], [ -90860.357699999585748, -103331.715800000354648 ], [ -90854.697700000368059, -103331.085699999704957 ], [ -90841.218799999915063, -103331.875499999150634 ], [ -90823.347400000318885, -103334.114099999889731 ], [ -90819.514200000092387, -103335.074899999424815 ], [ -90818.889999999664724, -103335.231399999931455 ], [ -90818.280899999663234, -103335.38399999961257 ], [ -90779.75800000037998, -103345.054300000891089 ], [ -90733.555100000463426, -103355.847400000318885 ], [ -90728.138100000098348, -103357.113299999386072 ], [ -90714.508200000040233, -103359.792999999597669 ], [ -90710.850200000219047, -103360.675899999216199 ], [ -90700.668200000189245, -103363.132699999958277 ], [ -90689.988300000317395, -103363.132500000298023 ], [ -90674.898400000296533, -103361.242300000041723 ], [ -90668.510499999858439, -103360.471200000494719 ], [ -90662.878499999642372, -103359.792099999263883 ], [ -90647.688699999824166, -103356.671800000593066 ], [ -90623.769000000320375, -103347.511399999260902 ], [ -90607.909300000406802, -103337.901200000196695 ], [ -90594.259600000455976, -103326.112999999895692 ], [ -90591.279699999839067, -103323.53999999910593 ], [ -90590.264700000174344, -103322.375 ], [ -90574.310100000351667, -103304.070800000801682 ], [ -90566.257399999536574, -103293.610700000077486 ], [ -90561.730499999597669, -103287.730699999257922 ], [ -90548.72829999960959, -103267.615199999883771 ], [ -90533.649400000460446, -103247.969799999147654 ], [ -90533.289800000376999, -103247.501299999654293 ], [ -90529.467000000178814, -103242.520899999886751 ], [ -90518.292999999597669, -103219.520400000736117 ], [ -90519.974200000055134, -103207.650499999523163 ], [ -90522.422500000335276, -103190.370600000023842 ], [ -90532.347699999809265, -103173.033600000664592 ], [ -90548.19400000013411, -103161.622600000351667 ] ] ] ] } },
{ "type": "Feature", "properties": { "dtmnfr": "110611", "freguesia": "Carnide", "municipio": "Lisboa", "distrito_ilha": "Lisboa", "nuts3": "Grande Lisboa", "nuts2": "Grande Lisboa", "nuts1": "Continente", "area_ha": 368.91, "perimetro_km": 10, "designacao_simplificada": "Carnide" }, "geometry": { "type": "MultiPolygon", "coordinates": [ [ [ [ -91643.877399999648333, -101147.05460000038147 ], [ -91644.689899999648333, -101146.501199999824166 ], [ -91650.792200000025332, -101142.345000000670552 ], [ -91702.792500000447035, -101105.94620000012219 ], [ -91714.115899999625981, -101097.978199999779463 ], [ -91724.203099999576807, -101090.557199999690056 ], [ -91749.892799999564886, -101071.147299999371171 ], [ -91815.458599999547005, -101025.551799999549985 ], [ -91828.821999999694526, -101016.065700000151992 ], [ -91868.99349999986589, -100987.550000000745058 ], [ -91932.793899999931455, -100941.751499999314547 ], [ -91984.194199999794364, -100908.352700000628829 ], [ -91995.294300000183284, -100899.552899999544024 ], [ -92011.094399999827147, -100888.453299999237061 ], [ -92055.594899999909103, -100844.854399999603629 ], [ -92087.995099999941885, -100817.155200000852346 ], [ -92094.695299999788404, -100806.755400000140071 ], [ -92123.19539999961853, -100787.05599999986589 ], [ -92130.69550000037998, -100781.356200000271201 ], [ -92141.195600000210106, -100773.556399999186397 ], [ -92149.595599999651313, -100768.756599999964237 ], [ -92155.995600000023842, -100766.156700000166893 ], [ -92171.795599999837577, -100762.357100000604987 ], [ -92194.795400000177324, -100763.257500000298023 ], [ -92232.09499999973923, -100771.058100000023842 ], [ -92242.459300000220537, -100771.389000000432134 ], [ -92250.894899999722838, -100771.658399999141693 ], [ -92258.094800000078976, -100771.658600000664592 ], [ -92263.348699999973178, -100770.231699999421835 ], [ -92266.194799999706447, -100769.458699999377131 ], [ -92268.349499999545515, -100767.244400000199676 ], [ -92269.262600000016391, -100766.305800000205636 ], [ -92273.394899999722838, -100762.058900000527501 ], [ -92278.794999999925494, -100752.359099999070168 ], [ -92275.39049999974668, -100743.774800000712276 ], [ -92250.596499999985099, -100681.25899999961257 ], [ -92217.598100000061095, -100606.95890000090003 ], [ -92194.747000000439584, -100567.327299999073148 ], [ -92193.081699999980628, -100564.439200000837445 ], [ -92188.999200000427663, -100557.358799999579787 ], [ -92197.035299999639392, -100553.706199999898672 ], [ -92202.199199999682605, -100551.358999999240041 ], [ -92238.899400000460446, -100529.359899999573827 ], [ -92259.499400000087917, -100516.96030000038445 ], [ -92325.799499999731779, -100490.46169999986887 ], [ -92329.643500000238419, -100488.968800000846386 ], [ -92392.999499999918044, -100464.363099999725819 ], [ -92505.099499999545515, -100420.065400000661612 ], [ -92529.699599999934435, -100409.065999999642372 ], [ -92551.199599999934435, -100402.766400000080466 ], [ -92566.152999999932945, -100400.781600000336766 ], [ -92565.547899999655783, -100400.122899999842048 ], [ -92563.997899999842048, -100393.513000000268221 ], [ -92562.047899999655783, -100380.103099999949336 ], [ -92555.338600000366569, -100327.603700000792742 ], [ -92548.159500000067055, -100277.343900000676513 ], [ -92545.140100000426173, -100250.804199999198318 ], [ -92544.170099999755621, -100243.034099999815226 ], [ -92544.850300000049174, -100231.073799999430776 ], [ -92551.150100000202656, -100232.104299999773502 ], [ -92569.780100000090897, -100236.034499999135733 ], [ -92570.450199999846518, -100231.054700000211596 ], [ -92573.780500000342727, -100189.664599999785423 ], [ -92635.951299999840558, -100122.645899999886751 ], [ -92683.970700000412762, -100132.636600000783801 ], [ -92783.43030000012368, -100078.658299999311566 ], [ -92792.020700000226498, -100074.488800000399351 ], [ -92788.610500000417233, -100063.598500000312924 ], [ -92768.511699999682605, -100003.278599999845028 ], [ -92765.981399999931455, -100000.379000000655651 ], [ -92760.921699999831617, -99997.088700000196695 ], [ -92712.152400000020862, -99982.667999999597669 ], [ -92645.683299999684095, -99942.587400000542402 ], [ -92611.433699999935925, -99919.957100000232458 ], [ -92600.693799999542534, -99917.047199999913573 ], [ -92593.493900000117719, -99917.167300000786781 ], [ -92588.064100000075996, -99916.537000000476837 ], [ -92581.494300000369549, -99917.416999999433756 ], [ -92573.404199999757111, -99918.426599999889731 ], [ -92566.833899999968708, -99920.326899999752641 ], [ -92560.264200000092387, -99922.096499999985099 ], [ -92541.30449999962002, -99924.496300000697374 ], [ -92535.494199999608099, -99924.36600000038743 ], [ -92530.944600000046194, -99922.726399999111891 ], [ -92527.654400000348687, -99920.075999999418855 ], [ -92523.614299999549985, -99921.205900000408292 ], [ -92520.454699999652803, -99901.086100000888109 ], [ -92516.535000000149012, -99881.876499999314547 ], [ -92512.245500000193715, -99864.176200000569224 ], [ -92508.455500000156462, -99846.346300000324845 ], [ -92506.425900000147521, -99840.536499999463558 ], [ -92500.856100000441074, -99828.896299999207258 ], [ -92527.525700000114739, -99811.197000000625849 ], [ -92540.666000000201166, -99786.5472999997437 ], [ -92558.236399999819696, -99752.287699999287724 ], [ -92577.826999999582767, -99713.098400000482798 ], [ -92587.677000000141561, -99692.748500000685453 ], [ -92596.171099999919534, -99673.431700000539422 ], [ -92596.571100000292063, -99666.032400000840425 ], [ -92593.771599999628961, -99657.03319999948144 ], [ -92588.172100000083447, -99648.83390000090003 ], [ -92576.173499999567866, -99631.235400000587106 ], [ -92571.574000000022352, -99623.635999999940395 ], [ -92565.774699999950826, -99613.236899999901652 ], [ -92560.375300000421703, -99603.837700000032783 ], [ -92553.376199999824166, -99590.238800000399351 ], [ -92547.512799999676645, -99577.526200000196695 ], [ -92538.698800000362098, -99561.366599999368191 ], [ -92527.925999999977648, -99543.737900000065565 ], [ -92514.704900000244379, -99522.191800000146031 ], [ -92500.994099999777973, -99496.238500000908971 ], [ -92484.834999999962747, -99467.836799999698997 ], [ -92472.103600000031292, -99448.249299999326468 ], [ -92462.310100000351667, -99435.027799999341369 ], [ -92456.434100000187755, -99425.234099999070168 ], [ -92464.342100000008941, -99409.859200000762939 ], [ -92467.012000000104308, -99403.70920000039041 ], [ -92468.252100000157952, -99394.869200000539422 ], [ -92467.012299999594688, -99386.028999999165535 ], [ -92462.592400000430644, -99376.659199999645352 ], [ -92453.232200000435114, -99365.869400000199676 ], [ -92439.983000000007451, -99351.559200000017881 ], [ -92421.783499999903142, -99332.638900000602007 ], [ -92407.653699999675155, -99316.199100000783801 ], [ -92397.763799999840558, -99303.298800000920892 ], [ -92378.334499999880791, -99277.669099999591708 ], [ -92372.854600000195205, -99268.118699999526143 ], [ -92371.974499999545515, -99263.518799999728799 ], [ -92371.984600000083447, -99259.45920000039041 ], [ -92375.694600000046194, -99249.389299999922514 ], [ -92377.285000000149012, -99243.199100000783801 ], [ -92376.754700000397861, -99238.778999999165535 ], [ -92371.804999999701977, -99233.298900000751019 ], [ -92365.975300000049174, -99227.819299999624491 ], [ -92360.144899999722838, -99224.639200000092387 ], [ -92351.485399999655783, -99220.748800000175834 ], [ -92339.655299999751151, -99218.098899999633431 ], [ -92332.225700000301003, -99214.028500000014901 ], [ -92319.515599999576807, -99203.428700000047684 ], [ -92311.565799999982119, -99197.418800000101328 ], [ -92306.796099999919534, -99194.22859999909997 ], [ -92301.675900000147521, -99188.928400000557303 ], [ -92290.016499999910593, -99174.258300000801682 ], [ -92274.82660000026226, -99153.398600000888109 ], [ -92244.077600000426173, -99105.838400000706315 ], [ -92234.197800000198185, -99092.408399999141693 ], [ -92215.298100000247359, -99076.67820000089705 ], [ -92195.858500000089407, -99065.177999999374151 ], [ -92188.968799999915063, -99060.228199999779463 ], [ -92171.829199999570847, -99044.147700000554323 ], [ -92158.589399999938905, -99033.007999999448657 ], [ -92142.679700000211596, -99021.167600000277162 ], [ -92124.480200000107288, -99007.027799999341369 ], [ -92115.470300000160933, -99000.307600000873208 ], [ -92111.060399999842048, -98998.1875 ], [ -92108.579900000244379, -98999.597300000488758 ], [ -92111.070000000298023, -98989.177600000053644 ], [ -92125.21059999987483, -98949.047700000926852 ], [ -92127.50069999974221, -98942.8581000007689 ], [ -92126.090900000184774, -98939.318099999800324 ], [ -92124.68059999961406, -98937.907700000330806 ], [ -92119.020499999634922, -98937.377900000661612 ], [ -92100.82079999987036, -98936.497600000351667 ], [ -92082.621000000275671, -98935.257400000467896 ], [ -92075.731200000271201, -98935.07740000076592 ], [ -92072.730999999679625, -98937.377299999818206 ], [ -92061.24100000038743, -98950.457299999892712 ], [ -92048.341199999675155, -98963.366800000891089 ], [ -92043.220900000073016, -98966.726800000295043 ], [ -92040.220800000242889, -98967.076500000432134 ], [ -92035.981300000101328, -98964.956399999558926 ], [ -92021.311499999836087, -98954.526399999856949 ], [ -92002.931499999947846, -98939.856200000271201 ], [ -91998.171799999661744, -98935.006400000303984 ], [ -91989.721800000406802, -98928.006300000473857 ], [ -91975.732200000435114, -98919.386299999430776 ], [ -91946.46239999961108, -98899.865800000727177 ], [ -91908.733300000429153, -98879.025699999183416 ], [ -91880.27379999961704, -98863.41499999910593 ], [ -91876.533999999985099, -98851.205399999395013 ], [ -91873.123700000345707, -98847.30489999987185 ], [ -91837.994699999690056, -98824.855100000277162 ], [ -91833.124800000339746, -98822.094699999317527 ], [ -91824.834599999710917, -98820.474600000306964 ], [ -91817.344600000418723, -98819.644700000062585 ], [ -91809.205000000074506, -98800.444599999114871 ], [ -91799.775200000032783, -98777.015000000596046 ], [ -91791.945899999700487, -98747.544900000095367 ], [ -91782.985799999907613, -98733.2347999997437 ], [ -91769.976400000043213, -98713.87470000050962 ], [ -91766.886400000192225, -98710.134700000286102 ], [ -91763.636400000192225, -98707.364800000563264 ], [ -91736.467100000008941, -98703.784199999645352 ], [ -91701.347199999727309, -98698.744000000879169 ], [ -91692.237300000153482, -98696.793700000271201 ], [ -91688.987399999983609, -98691.913799999281764 ], [ -91682.807400000281632, -98679.383899999782443 ], [ -91664.748499999754131, -98629.763699999079108 ], [ -91651.738499999977648, -98609.104000000283122 ], [ -91644.588999999687076, -98597.213999999687076 ], [ -91634.829400000162423, -98583.064200000837445 ], [ -91631.579499999992549, -98578.993899999186397 ], [ -91622.959699999541044, -98570.37390000000596 ], [ -91615.959800000302494, -98566.143799999728799 ], [ -91562.950299999676645, -98558.823000000789762 ], [ -91546.350499999709427, -98555.723099999129772 ], [ -91499.36089999973774, -98544.332699999213219 ], [ -91485.381099999882281, -98544.982300000265241 ], [ -91473.67119999974966, -98539.132200000807643 ], [ -91467.651700000278652, -98507.062000000849366 ], [ -91425.702100000344217, -98480.062000000849366 ], [ -91403.832499999552965, -98461.601500000804663 ], [ -91398.292799999937415, -98452.161800000816584 ], [ -91313.304399999789894, -98361.981499999761581 ], [ -91287.595499999821186, -98331.990900000557303 ], [ -91272.795699999667704, -98309.160800000652671 ], [ -91261.255800000391901, -98289.710799999535084 ], [ -91252.596499999985099, -98274.531199999153614 ], [ -91242.276499999687076, -98252.07120000012219 ], [ -91220.747100000269711, -98248.515799999237061 ], [ -91139.557799999602139, -98231.749900000169873 ], [ -91120.738199999555945, -98209.909900000318885 ], [ -91114.478099999949336, -98203.889499999582767 ], [ -91105.318500000052154, -98201.499399999156594 ], [ -91094.408699999563396, -98200.249199999496341 ], [ -91069.708499999716878, -98198.489199999719858 ], [ -91058.668499999679625, -98196.358899999409914 ], [ -91033.088999999687076, -98190.958399999886751 ], [ -91009.009100000374019, -98185.818399999290705 ], [ -90993.709499999880791, -98180.418099999427795 ], [ -90966.620099999941885, -98170.018100000917912 ], [ -90943.420500000007451, -98159.22749999910593 ], [ -90932.260300000198185, -98154.707299999892712 ], [ -90928.730499999597669, -98149.057299999520183 ], [ -90914.181300000287592, -98112.167500000447035 ], [ -90911.171099999919534, -98110.037399999797344 ], [ -90898.621299999766052, -98108.027200000360608 ], [ -90884.191100000403821, -98112.416899999603629 ], [ -90865.011400000192225, -98101.506799999624491 ], [ -90840.932199999690056, -98089.706499999389052 ], [ -90833.781899999827147, -98086.946599999442697 ], [ -90799.292600000277162, -98070.386399999260902 ], [ -90766.802799999713898, -98075.025499999523163 ], [ -90745.732900000177324, -98088.585400000214577 ], [ -90705.342899999581277, -98100.004799999296665 ], [ -90661.073200000450015, -98112.554099999368191 ], [ -90645.013299999758601, -98094.233899999409914 ], [ -90612.283900000154972, -98057.343900000676513 ], [ -90594.094200000166893, -98052.453700000420213 ], [ -90579.794099999591708, -98058.603499999269843 ], [ -90553.744099999777973, -98069.441500000655651 ], [ -90554.145399999804795, -98071.247999999672174 ], [ -90555.21129999961704, -98077.456800000742078 ], [ -90555.51589999999851, -98079.230499999597669 ], [ -90560.904600000008941, -98110.625700000673532 ], [ -90577.773599999956787, -98160.505699999630451 ], [ -90601.992600000463426, -98207.455800000578165 ], [ -90621.081799999810755, -98244.865900000557303 ], [ -90625.275100000202656, -98253.24890000000596 ], [ -90630.621399999596179, -98263.937000000849366 ], [ -90652.898699999786913, -98292.141200000420213 ], [ -90685.659699999727309, -98333.616499999538064 ], [ -90722.348799999803305, -98373.22690000012517 ], [ -90775.927400000393391, -98429.707499999552965 ], [ -90832.725999999791384, -98487.446100000292063 ], [ -90862.525200000032783, -98517.738399999216199 ], [ -90899.944299999624491, -98555.878900000825524 ], [ -90917.090900000184774, -98577.077800000086427 ], [ -90927.833399999886751, -98590.359099999070168 ], [ -90938.943300000391901, -98596.349300000816584 ], [ -90953.643199999816716, -98596.649599999189377 ], [ -90964.191599999554455, -98597.239000000059605 ], [ -90971.542999999597669, -98597.649900000542402 ], [ -90972.542799999937415, -98607.349799999967217 ], [ -90972.69620000012219, -98608.197000000625849 ], [ -90980.542000000365078, -98651.549699999392033 ], [ -90983.841699999757111, -98666.649599999189377 ], [ -90986.441499999724329, -98677.049599999561906 ], [ -90987.141400000080466, -98679.549599999561906 ], [ -90987.400799999944866, -98680.097200000658631 ], [ -90988.041400000452995, -98681.449599999934435 ], [ -90989.441300000064075, -98684.249600000679493 ], [ -90990.74129999987781, -98686.249600000679493 ], [ -90993.841199999675155, -98690.24970000050962 ], [ -90997.541100000031292, -98693.649700000882149 ], [ -90997.995000000111759, -98693.999500000849366 ], [ -91003.640999999828637, -98698.349799999967217 ], [ -91008.64089999999851, -98701.549900000914931 ], [ -91012.04079999960959, -98703.349899999797344 ], [ -91016.140800000168383, -98704.75 ], [ -91019.340699999593198, -98705.449999999254942 ], [ -91022.640700000338256, -98705.750099999830127 ], [ -91026.240699999965727, -98705.650200000032783 ], [ -91030.440700000151992, -98705.050200000405312 ], [ -91034.440700000151992, -98704.050300000235438 ], [ -91054.240600000135601, -98697.350700000301003 ], [ -91062.640599999576807, -98695.050899999216199 ], [ -91068.140599999576807, -98695.051000000908971 ], [ -91072.040599999949336, -98696.051100000739098 ], [ -91076.240500000305474, -98698.551100000739098 ], [ -91085.040300000458956, -98705.451199999079108 ], [ -91104.439899999648333, -98721.051500000059605 ], [ -91130.839300000108778, -98743.251800000667572 ], [ -91175.038399999961257, -98778.652400000020862 ], [ -91197.637900000438094, -98796.552699999883771 ], [ -91215.137500000186265, -98810.352900000289083 ], [ -91205.78899999987334, -98818.550000000745058 ], [ -91202.299999999813735, -98821.609300000593066 ], [ -91181.837199999950826, -98839.55210000090301 ], [ -91170.637099999934435, -98850.151799999177456 ], [ -91155.936900000087917, -98865.951400000602007 ], [ -91145.636699999682605, -98877.951199999079108 ], [ -91133.536500000394881, -98893.950799999758601 ], [ -91126.036399999633431, -98904.65059999935329 ], [ -91118.368900000117719, -98918.451400000602007 ], [ -91111.036000000312924, -98931.650200000032783 ], [ -91102.935800000093877, -98947.549900000914931 ], [ -91085.83530000038445, -98981.949400000274181 ], [ -91076.035000000149012, -99001.349099999293685 ], [ -91053.234299999661744, -99047.648299999535084 ], [ -91042.833999999798834, -99068.247999999672174 ], [ -91034.63370000012219, -99085.947699999436736 ], [ -91025.13329999987036, -99109.547399999573827 ], [ -91013.432900000363588, -99138.846999999135733 ], [ -91001.832399999722838, -99167.946599999442697 ], [ -90988.231999999843538, -99195.746099999174476 ], [ -90982.13190000038594, -99206.745999999344349 ], [ -90980.03179999999702, -99213.945900000631809 ], [ -90978.431599999777973, -99220.545800000429153 ], [ -90953.031000000424683, -99265.244999999180436 ], [ -90944.330799999646842, -99280.44480000063777 ], [ -90926.730399999767542, -99310.844200000166893 ], [ -90890.94550000037998, -99287.329299999400973 ], [ -90867.531499999575317, -99271.943399999290705 ], [ -90864.463000000454485, -99269.92960000038147 ], [ -90848.331799999810755, -99259.34320000000298 ], [ -90820.132399999536574, -99237.742799999192357 ], [ -90780.433199999853969, -99206.742300000041723 ], [ -90713.934600000269711, -99154.741399999707937 ], [ -90710.134600000455976, -99158.841299999505281 ], [ -90705.634499999694526, -99166.741200000047684 ], [ -90702.734299999661744, -99177.54109999909997 ], [ -90700.833999999798834, -99191.540899999439716 ], [ -90700.133899999782443, -99200.940899999812245 ], [ -90699.833700000308454, -99212.04079999960959 ], [ -90700.833100000396371, -99242.640599999576807 ], [ -90700.432900000363588, -99252.240499999374151 ], [ -90699.332799999974668, -99261.440400000661612 ], [ -90697.832399999722838, -99281.240299999713898 ], [ -90691.731599999591708, -99330.139799999073148 ], [ -90694.931499999947846, -99333.439899999648333 ], [ -90698.03139999974519, -99340.239900000393391 ], [ -90700.131199999712408, -99348.739900000393391 ], [ -90701.331000000238419, -99360.339800000190735 ], [ -90702.030799999833107, -99367.139799999073148 ], [ -90703.530500000342727, -99383.439699999988079 ], [ -90713.728600000031292, -99485.839199999347329 ], [ -90715.22829999960959, -99501.339099999517202 ], [ -90717.372700000181794, -99531.553600000217557 ], [ -90719.927500000223517, -99545.93889999948442 ], [ -90721.727099999785423, -99564.038799999281764 ], [ -90722.111499999649823, -99570.339900000020862 ], [ -90723.526600000448525, -99593.538599999621511 ], [ -90723.156999999657273, -99612.830700000748038 ], [ -90722.72580000013113, -99635.338300000876188 ], [ -90722.025200000032783, -99667.83809999935329 ], [ -90738.955199999734759, -99684.957800000905991 ], [ -90739.923799999989569, -99685.937300000339746 ], [ -90739.924399999901652, -99708.598200000822544 ], [ -90739.923499999567866, -99757.037799999117851 ], [ -90740.811200000345707, -99826.948400000110269 ], [ -90741.021900000050664, -99843.537299999967217 ], [ -90740.701500000432134, -99848.342499999329448 ], [ -90740.430800000205636, -99852.402300000190735 ], [ -90740.320000000298023, -99854.130100000649691 ], [ -90739.921299999579787, -99875.137000000104308 ], [ -90739.620799999684095, -99907.536800000816584 ], [ -90730.520200000144541, -99941.93640000000596 ], [ -90727.219600000418723, -99974.236099999397993 ], [ -90723.919300000183284, -99993.335899999365211 ], [ -90723.622000000439584, -100003.141400000080466 ], [ -90724.21889999974519, -100014.735799999907613 ], [ -90724.618900000117719, -100016.635800000280142 ], [ -90725.418800000101328, -100018.635800000280142 ], [ -90730.818599999882281, -100028.835799999535084 ], [ -90748.018000000156462, -100057.335899999365211 ], [ -90764.717299999669194, -100087.436000000685453 ], [ -90771.517099999822676, -100098.93610000051558 ], [ -90776.216900000348687, -100106.136099999770522 ], [ -90781.916699999943376, -100114.036199999973178 ], [ -90794.916299999691546, -100132.336300000548363 ], [ -90798.716199999675155, -100137.636299999430776 ], [ -90805.015999999828637, -100146.336400000378489 ], [ -90814.615699999965727, -100159.336500000208616 ], [ -90825.615299999713898, -100174.636600000783801 ], [ -90829.0152000002563, -100179.136600000783801 ], [ -90830.134800000116229, -100180.701700000092387 ], [ -90838.814899999648333, -100192.83669999986887 ], [ -90848.814500000327826, -100208.936699999496341 ], [ -90855.214200000278652, -100223.436799999326468 ], [ -90860.114000000059605, -100234.936799999326468 ], [ -90867.913499999791384, -100257.536800000816584 ], [ -90871.113300000317395, -100270.536699999123812 ], [ -90872.413099999539554, -100279.536699999123812 ], [ -90872.912899999879301, -100288.736600000411272 ], [ -90873.41260000038892, -100306.936499999836087 ], [ -90839.262699999846518, -100314.905899999663234 ], [ -90828.878100000321865, -100320.617599999532104 ], [ -90787.016499999910593, -100343.642599999904633 ], [ -90739.362399999983609, -100369.853700000792742 ], [ -90719.762299999594688, -100382.043199999257922 ], [ -90697.462199999950826, -100393.042799999937415 ], [ -90682.262199999764562, -100398.542400000616908 ], [ -90666.812199999578297, -100406.332100000232458 ], [ -90628.06209999974817, -100425.751299999654293 ], [ -90613.262000000104308, -100438.550899999216199 ], [ -90603.56180000025779, -100449.050699999555945 ], [ -90591.761699999682605, -100463.250399999320507 ], [ -90574.261400000192225, -100481.669900000095367 ], [ -90567.161299999803305, -100489.559699999168515 ], [ -90551.411199999973178, -100501.3293999992311 ], [ -90534.791100000031292, -100514.719000000506639 ], [ -90507.650799999944866, -100538.468299999833107 ], [ -90487.990600000135601, -100559.357799999415874 ], [ -90500.910400000400841, -100565.028000000864267 ], [ -90517.910199999809265, -100569.72829999960959 ], [ -90534.509999999776483, -100572.528599999845028 ], [ -90556.418499999679625, -100580.044800000265241 ], [ -90580.699599999934435, -100581.059399999678135 ], [ -90636.569199999794364, -100581.9704 ], [ -90694.248300000093877, -100584.671399999409914 ], [ -90725.788499999791384, -100587.371999999508262 ], [ -90777.157999999821186, -100594.57179999910295 ], [ -90845.657300000078976, -100608.084000000730157 ], [ -90856.816200000233948, -100610.513199999928474 ], [ -90864.24239999987185, -100612.129699999466538 ], [ -90866.377100000157952, -100612.5943 ], [ -90867.409500000067055, -100612.819399999454618 ], [ -90915.946600000374019, -100623.395199999213219 ], [ -90964.61600000038743, -100637.80599999986589 ], [ -91019.58530000038445, -100654.91579999960959 ], [ -91059.244699999690056, -100670.237500000745058 ], [ -91089.88329999987036, -100683.277899999171495 ], [ -91107.904000000096858, -100690.948200000450015 ], [ -91144.442200000397861, -100709.055600000545382 ], [ -91216.95230000000447, -100744.989800000563264 ], [ -91228.246100000105798, -100751.81900000013411 ], [ -91251.201700000092387, -100765.700300000607967 ], [ -91313.380499999970198, -100807.130100000649691 ], [ -91383.296699999831617, -100859.962799999862909 ], [ -91387.279000000096858, -100862.972100000828505 ], [ -91453.981999999843538, -100922.428400000557303 ], [ -91468.128999999724329, -100936.564699999988079 ], [ -91481.90679999999702, -100950.332200000062585 ], [ -91492.415500000119209, -100961.089400000870228 ], [ -91518.855899999849498, -100988.153699999675155 ], [ -91547.060100000351667, -101020.741900000721216 ], [ -91560.234699999913573, -101035.964099999517202 ], [ -91562.294700000435114, -101038.504100000485778 ], [ -91597.136599999852479, -101081.439500000327826 ], [ -91609.873300000093877, -101097.134600000455976 ], [ -91643.877399999648333, -101147.05460000038147 ] ] ] ] } },
{ "type": "Feature", "properties": { "dtmnfr": "110618", "freguesia": "Lumiar", "municipio": "Lisboa", "distrito_ilha": "Lisboa", "nuts3": "Grande Lisboa", "nuts2": "Grande Lisboa", "nuts1": "Continente", "area_ha": 657.49, "perimetro_km": 13, "designacao_simplificada": "Lumiar" }, "geometry": { "type": "MultiPolygon", "coordinates": [ [ [ [ -90553.744099999777973, -98069.441500000655651 ], [ -90546.314600000157952, -98072.532500000670552 ], [ -90447.975499999709427, -98037.531999999657273 ], [ -90439.575699999928474, -98036.651799999177456 ], [ -90438.94550000037998, -98030.121700000017881 ], [ -90423.64670000039041, -97967.521999999880791 ], [ -90403.457200000062585, -97958.491699999198318 ], [ -90406.457299999892712, -97918.961899999529123 ], [ -90409.598299999721348, -97878.312300000339746 ], [ -90380.878200000151992, -97870.662000000476837 ], [ -90378.747899999842048, -97886.592000000178814 ], [ -90365.698099999688566, -97877.181800000369549 ], [ -90353.038200000301003, -97869.401599999517202 ], [ -90342.618599999696016, -97861.751599999144673 ], [ -90332.568900000303984, -97850.961200000718236 ], [ -90326.049100000411272, -97841.171700000762939 ], [ -90305.859899999573827, -97811.941199999302626 ], [ -90295.949900000356138, -97802.02140000090003 ], [ -90288.169900000095367, -97797.88120000064373 ], [ -90275.509999999776483, -97794.751299999654293 ], [ -90251.050200000405312, -97790.361099999397993 ], [ -90235.120299999602139, -97788.850400000810623 ], [ -90218.060499999672174, -97785.470599999651313 ], [ -90200.881099999882281, -97782.580399999395013 ], [ -90194.110999999567866, -97767.269999999552965 ], [ -90194.861100000329316, -97754.720100000500679 ], [ -90192.221499999985099, -97745.940500000491738 ], [ -90185.20160000026226, -97731.880699999630451 ], [ -90180.181499999947846, -97724.610200000926852 ], [ -90171.152200000360608, -97714.580299999564886 ], [ -90163.002299999818206, -97708.930400000885129 ], [ -90154.852500000037253, -97703.910099999979138 ], [ -90137.172500000335276, -97696.129799999296665 ], [ -90127.632799999788404, -97694.999800000339746 ], [ -90116.34250000026077, -97695.889699999243021 ], [ -90106.423200000077486, -97670.669800000265241 ], [ -90098.403099999763072, -97649.839700000360608 ], [ -90090.753600000403821, -97631.400000000372529 ], [ -90082.713999999687076, -97612.580000000074506 ], [ -90071.924700000323355, -97586.479800000786781 ], [ -90062.525100000202656, -97562.640100000426173 ], [ -90057.754800000227988, -97548.589800000190735 ], [ -90064.145600000396371, -97518.980200000107288 ], [ -90059.755800000391901, -97514.970300000160933 ], [ -90052.105600000359118, -97502.590199999511242 ], [ -90040.956199999898672, -97490.130200000479817 ], [ -90032.677400000393391, -97487.223099999129772 ], [ -90030.199300000444055, -97486.352900000289083 ], [ -90029.675499999895692, -97489.030300000682473 ], [ -90024.594399999827147, -97492.687899999320507 ], [ -90015.944600000046194, -97498.914200000464916 ], [ -90003.302400000393391, -97508.014699999243021 ], [ -89958.586900000460446, -97541.495899999514222 ], [ -89953.75, -97545.117499999701977 ], [ -89820.165699999779463, -97686.119400000199676 ], [ -89770.265999999828637, -97738.78999999910593 ], [ -89755.120699999853969, -97751.130100000649691 ], [ -89753.76659999974072, -97752.233500000089407 ], [ -89735.166500000283122, -97766.132999999448657 ], [ -89706.666400000452995, -97783.232400000095367 ], [ -89699.574900000356138, -97786.025900000706315 ], [ -89696.300999999977648, -97787.315400000661612 ], [ -89690.166400000452995, -97789.732100000604987 ], [ -89686.566399999894202, -97790.131999999284744 ], [ -89681.890599999576807, -97790.027499999850988 ], [ -89664.166500000283122, -97789.631599999964237 ], [ -89645.86670000012964, -97789.231300000101328 ], [ -89637.966699999757111, -97788.531099999323487 ], [ -89629.766800000332296, -97786.630999999120831 ], [ -89624.866899999789894, -97785.230900000780821 ], [ -89618.066999999806285, -97781.830800000578165 ], [ -89610.467100000008941, -97777.830700000748038 ], [ -89603.567200000397861, -97773.030600000172853 ], [ -89597.667399999685585, -97767.730499999597669 ], [ -89570.367999999783933, -97744.330199999734759 ], [ -89535.968700000084937, -97715.129799999296665 ], [ -89522.769100000150502, -97703.029600000008941 ], [ -89508.969399999827147, -97690.129399999976158 ], [ -89494.969700000248849, -97675.929300000891089 ], [ -89489.569899999536574, -97671.529200000688434 ], [ -89483.069899999536574, -97670.029100000858307 ], [ -89471.269999999552965, -97670.628900000825524 ], [ -89464.269999999552965, -97672.428700000047684 ], [ -89454.570000000298023, -97677.028500000014901 ], [ -89449.069899999536574, -97682.328400000929832 ], [ -89448.426300000399351, -97683.306600000709295 ], [ -89446.569899999536574, -97686.128299999982119 ], [ -89445.469899999909103, -97687.828299999237061 ], [ -89442.56969999987632, -97696.228199999779463 ], [ -89441.669499999843538, -97706.028100000694394 ], [ -89441.869400000199676, -97711.828099999576807 ], [ -89444.569299999624491, -97719.028100000694394 ], [ -89447.569199999794364, -97723.328099999576807 ], [ -89451.169099999591708, -97727.628100000321865 ], [ -89456.868999999947846, -97731.728199999779463 ], [ -89463.668899999931455, -97735.528300000354648 ], [ -89489.268500000238419, -97747.228700000792742 ], [ -89498.568300000391901, -97751.82880000025034 ], [ -89517.268000000156462, -97761.029100000858307 ], [ -89526.367899999953806, -97767.429199999198318 ], [ -89532.467699999921024, -97774.429300000891089 ], [ -89535.567499999888241, -97781.829299999400973 ], [ -89536.667399999685585, -97787.52930000051856 ], [ -89536.267300000414252, -97796.229199999943376 ], [ -89535.467100000008941, -97805.229100000113249 ], [ -89534.967000000178814, -97811.129100000485778 ], [ -89534.466900000348687, -97816.629000000655651 ], [ -89530.666600000113249, -97837.128799999132752 ], [ -89527.76630000025034, -97852.128699999302626 ], [ -89524.666100000031292, -97862.828500000759959 ], [ -89518.065799999982119, -97882.028300000354648 ], [ -89505.465300000272691, -97917.027799999341369 ], [ -89502.865199999883771, -97924.227700000628829 ], [ -89500.365000000223517, -97932.627599999308586 ], [ -89497.76480000000447, -97943.527499999850988 ], [ -89492.064199999906123, -97980.027200000360608 ], [ -89491.564100000075996, -97986.127100000157952 ], [ -89491.364099999889731, -97988.327099999412894 ], [ -89489.263600000180304, -98015.026900000870228 ], [ -89490.963399999774992, -98024.226800000295043 ], [ -89488.963299999944866, -98029.126800000667572 ], [ -89487.763199999928474, -98038.326700000092387 ], [ -89487.663099999539554, -98045.426599999889731 ], [ -89487.762900000438094, -98052.426599999889731 ], [ -89487.962799999862909, -98057.126599999144673 ], [ -89488.462700000032783, -98062.526499999687076 ], [ -89489.062599999830127, -98068.926500000059605 ], [ -89489.862499999813735, -98075.926500000059605 ], [ -89491.062300000339746, -98084.12639999948442 ], [ -89491.662299999967217, -98088.226399999111891 ], [ -89492.362200000323355, -98093.226399999111891 ], [ -89492.56209999974817, -98094.62639999948442 ], [ -89493.462000000290573, -98099.026399999856949 ], [ -89494.861899999901652, -98104.226399999111891 ], [ -89495.761900000274181, -98107.826400000602007 ], [ -89497.261800000444055, -98111.826400000602007 ], [ -89498.761699999682605, -98115.62639999948442 ], [ -89499.861700000241399, -98118.226399999111891 ], [ -89504.961400000378489, -98129.426400000229478 ], [ -89508.161299999803305, -98136.526399999856949 ], [ -89508.661199999973178, -98137.526399999856949 ], [ -89510.661199999973178, -98141.62639999948442 ], [ -89512.96100000012666, -98146.926400000229478 ], [ -89514.960900000296533, -98151.526399999856949 ], [ -89516.260900000110269, -98155.426400000229478 ], [ -89516.560800000093877, -98156.726399999111891 ], [ -89516.960799999535084, -98159.526399999856949 ], [ -89517.360700000077486, -98161.726399999111891 ], [ -89518.360600000247359, -98168.526399999856949 ], [ -89519.660500000230968, -98173.62639999948442 ], [ -89521.060399999842048, -98180.426300000399351 ], [ -89522.960199999623001, -98190.026300000026822 ], [ -89525.559899999760091, -98202.82630000077188 ], [ -89528.959599999710917, -98218.326199999079108 ], [ -89532.159400000236928, -98232.826199999079108 ], [ -89534.559100000187755, -98244.326099999248981 ], [ -89535.859000000171363, -98252.12609999999404 ], [ -89536.658800000324845, -98258.926100000739098 ], [ -89536.658699999563396, -98265.426000000908971 ], [ -89512.958899999968708, -98266.325600000098348 ], [ -89512.058899999596179, -98262.625600000843406 ], [ -89510.35910000000149, -98255.225600000470877 ], [ -89508.359299999661744, -98245.925699999555945 ], [ -89506.859400000423193, -98238.725700000301003 ], [ -89504.859600000083447, -98229.725700000301003 ], [ -89502.159799999557436, -98218.025699999183416 ], [ -89500.559999999590218, -98210.825799999758601 ], [ -89499.160099999979138, -98203.72580000013113 ], [ -89498.060200000181794, -98198.72580000013113 ], [ -89496.160299999639392, -98192.325799999758601 ], [ -89493.560499999672174, -98185.925799999386072 ], [ -89489.494599999859929, -98180.090800000354648 ], [ -89486.756000000052154, -98180.971499999985099 ], [ -89482.420599999837577, -98182.365599999204278 ], [ -89467.236600000411272, -98188.003299999982119 ], [ -89421.820600000210106, -98207.744300000369549 ], [ -89383.774699999950826, -98215.22859999909997 ], [ -89360.63910000026226, -98219.796099999919534 ], [ -89325.834800000302494, -98226.937999999150634 ], [ -89297.500900000333786, -98232.271900000050664 ], [ -89279.166899999603629, -98240.042500000447035 ], [ -89228.958800000138581, -98265.018400000408292 ], [ -89232.360500000417233, -98278.120400000363588 ], [ -89233.160400000400841, -98283.82039999961853 ], [ -89234.260300000198185, -98293.220399999991059 ], [ -89235.260099999606609, -98303.720300000160933 ], [ -89235.595399999991059, -98307.782899999991059 ], [ -89236.159900000318885, -98314.620200000703335 ], [ -89236.873399999924004, -98320.566800000146031 ], [ -89237.359699999913573, -98324.620200000703335 ], [ -89238.259499999694526, -98333.720200000330806 ], [ -89239.245900000445545, -98344.303300000727177 ], [ -89239.359299999661744, -98345.520099999383092 ], [ -89239.468399999663234, -98346.529500000178814 ], [ -89240.159099999815226, -98352.920099999755621 ], [ -89240.458999999798834, -98359.619999999180436 ], [ -89240.458800000138581, -98368.919999999925494 ], [ -89240.25870000012219, -98374.719900000840425 ], [ -89239.558600000105798, -98383.419800000265241 ], [ -89238.411199999973178, -98393.038799999281764 ], [ -89238.258399999700487, -98394.319700000807643 ], [ -89237.561499999836087, -98398.291699999943376 ], [ -89237.25829999987036, -98400.019700000062585 ], [ -89235.900700000114739, -98403.639599999412894 ], [ -89235.434500000439584, -98404.860200000926852 ], [ -89233.358199999667704, -98408.419600000604987 ], [ -89212.076299999840558, -98434.226399999111891 ], [ -89211.115600000135601, -98435.510299999266863 ], [ -89209.996700000017881, -98437.804300000891089 ], [ -89209.257799999788404, -98439.318900000303984 ], [ -89208.557699999772012, -98444.418899999931455 ], [ -89207.457600000314415, -98451.61879999935627 ], [ -89205.257299999706447, -98466.718599999323487 ], [ -89203.357099999673665, -98480.218499999493361 ], [ -89202.156899999827147, -98489.118400000035763 ], [ -89201.73369999974966, -98495.21059999987483 ], [ -89201.65679999999702, -98496.318399999290705 ], [ -89201.756699999794364, -98501.318399999290705 ], [ -89202.056599999777973, -98505.418299999088049 ], [ -89101.098399999551475, -98422.031300000846386 ], [ -89067.059600000269711, -98393.916600000113249 ], [ -89059.666500000283122, -98399.979499999433756 ], [ -89023.749200000427663, -98428.329600000753999 ], [ -89018.95920000039041, -98432.115499999374151 ], [ -89012.45920000039041, -98435.715399999171495 ], [ -89004.559200000017881, -98438.415200000628829 ], [ -88997.229199999943376, -98439.352099999785423 ], [ -88901.459800000302494, -98440.613299999386072 ], [ -88897.860299999825656, -98417.213400000706315 ], [ -88905.36019999999553, -98416.013499999418855 ], [ -88902.160600000061095, -98395.31359999999404 ], [ -88897.060700000263751, -98396.013499999418855 ], [ -88894.360999999567866, -98377.913599999621511 ], [ -88896.760999999940395, -98377.613600000739098 ], [ -88894.161299999803305, -98360.613700000569224 ], [ -88889.261300000362098, -98361.31359999999404 ], [ -88887.761500000022352, -98351.913699999451637 ], [ -88895.361499999649823, -98350.813799999654293 ], [ -88894.310800000093877, -98343.983200000599027 ], [ -88892.161899999715388, -98330.013900000602007 ], [ -88887.061900000087917, -98330.813799999654293 ], [ -88884.262299999594688, -98312.713899999856949 ], [ -88886.662299999967217, -98312.31389999948442 ], [ -88884.062599999830127, -98295.313999999314547 ], [ -88879.16260000038892, -98296.013900000602007 ], [ -88873.863199999555945, -98266.014000000432134 ], [ -88856.556099999696016, -98244.904899999499321 ], [ -88852.463800000026822, -98239.913799999281764 ], [ -88845.963800000026822, -98240.913599999621511 ], [ -88843.463999999687076, -98232.713700000196695 ], [ -88841.964100000448525, -98229.413599999621511 ], [ -88838.564199999906123, -98224.913599999621511 ], [ -88833.864299999549985, -98221.613600000739098 ], [ -88827.564299999736249, -98219.813500000163913 ], [ -88820.564399999566376, -98220.313300000503659 ], [ -88801.564399999566376, -98226.612900000065565 ], [ -88799.064600000157952, -98215.612999999895692 ], [ -88781.664800000376999, -98211.912699999287724 ], [ -88780.764899999834597, -98207.612700000405312 ], [ -88770.092000000178814, -98207.10249999910593 ], [ -88761.174999999813735, -98206.607300000265241 ], [ -88752.257100000046194, -98206.607200000435114 ], [ -88733.125199999660254, -98209.64780000038445 ], [ -88711.139200000092387, -98217.504300000146031 ], [ -88672.992200000211596, -98228.898600000888109 ], [ -88645.745199999772012, -98238.80599999986589 ], [ -88632.369199999608099, -98242.273700000718236 ], [ -88627.367200000211596, -98245.523600000888109 ], [ -88620.994199999608099, -98250.700500000268221 ], [ -88602.148900000378489, -98274.473999999463558 ], [ -88579.360500000417233, -98304.198400000110269 ], [ -88535.377899999730289, -98353.497199999168515 ], [ -88482.259800000116229, -98375.534099999815226 ], [ -88456.993900000117719, -98382.964600000530481 ], [ -88429.99890000000596, -98389.352099999785423 ], [ -88408.939899999648333, -98396.834599999710917 ], [ -88309.859000000171363, -98430.02559999935329 ], [ -88181.538099999539554, -98472.604000000283122 ], [ -88155.988699999637902, -98392.52309999987483 ], [ -88152.474700000137091, -98383.241900000721216 ], [ -88064.465599999763072, -98439.496300000697374 ], [ -88025.665300000458956, -98464.297199999913573 ], [ -87957.165000000037253, -98502.995699999853969 ], [ -87886.26480000000447, -98543.594100000336766 ], [ -87834.186999999918044, -98392.598500000312924 ], [ -87813.275500000454485, -98331.967000000178814 ], [ -87653.615399999544024, -98382.754599999636412 ], [ -87706.120900000445545, -98460.224799999967217 ], [ -87725.744199999608099, -98489.178300000727177 ], [ -87732.036500000394881, -98498.480299999937415 ], [ -87746.414200000464916, -98519.73509999923408 ], [ -87770.334400000050664, -98555.096799999475479 ], [ -87816.863099999725819, -98624.892799999564886 ], [ -87877.932400000281632, -98714.07660000026226 ], [ -87927.485500000417233, -98785.98200000077486 ], [ -87941.133899999782443, -98806.017500000074506 ], [ -87956.362300000153482, -98828.372400000691414 ], [ -87999.252700000070035, -98890.327600000426173 ], [ -88024.272099999710917, -98930.83669999986887 ], [ -88038.952100000344217, -98959.498999999836087 ], [ -88049.291199999861419, -98979.685900000855327 ], [ -88056.114699999801815, -98998.792600000277162 ], [ -88061.204900000244379, -99013.046099999919534 ], [ -88081.458499999716878, -99058.321000000461936 ], [ -88089.798000000417233, -99088.106899999082088 ], [ -88105.285600000061095, -99140.530200000852346 ], [ -88114.778800000436604, -99171.681900000199676 ], [ -88140.416500000283122, -99255.81110000051558 ], [ -88143.409199999645352, -99265.631300000473857 ], [ -88146.769500000402331, -99277.580000000074506 ], [ -88164.853500000201166, -99341.883300000801682 ], [ -88168.426900000311434, -99396.689200000837445 ], [ -88164.851599999703467, -99444.346499999985099 ], [ -88151.745199999772012, -99487.237800000235438 ], [ -88149.851400000043213, -99493.27140000090003 ], [ -88124.861600000411272, -99572.884899999946356 ], [ -88122.087600000202656, -99581.722300000488758 ], [ -88113.652400000020862, -99608.59569999948144 ], [ -88112.220300000160933, -99613.157800000160933 ], [ -88100.510599999688566, -99650.462999999523163 ], [ -88088.513600000180304, -99697.114800000563264 ], [ -88079.063299999572337, -99733.862999999895692 ], [ -88073.506099999882281, -99768.31359999999404 ], [ -88073.105399999767542, -99770.797199999913573 ], [ -88073.105299999937415, -99776.623299999162555 ], [ -88073.104600000195205, -99816.071699999272823 ], [ -88077.617700000293553, -99839.283700000494719 ], [ -88081.443900000303984, -99858.963300000876188 ], [ -88090.510300000198185, -99887.459799999371171 ], [ -88098.122999999672174, -99911.386600000783801 ], [ -88137.438500000163913, -100007.893300000578165 ], [ -88118.145700000226498, -100089.034800000488758 ], [ -88113.10840000025928, -100110.221200000494719 ], [ -88112.337600000202656, -100113.462899999693036 ], [ -88242.049599999561906, -100148.696000000461936 ], [ -88247.841099999845028, -100150.714800000190735 ], [ -88257.199000000022352, -100153.978199999779463 ], [ -88355.361700000241399, -100188.210500000044703 ], [ -88434.777499999850988, -100222.529799999669194 ], [ -88450.611800000071526, -100229.373099999502301 ], [ -88491.731800000183284, -100247.144600000232458 ], [ -88508.719499999657273, -100254.483899999409914 ], [ -88528.496500000357628, -100261.448100000619888 ], [ -88535.159099999815226, -100263.794299999251962 ], [ -88545.186999999918044, -100267.251800000667572 ], [ -88549.167100000195205, -100268.624199999496341 ], [ -88625.495900000445545, -100294.941700000315905 ], [ -88752.79769999999553, -100338.833100000396371 ], [ -88832.363300000317395, -100366.265900000929832 ], [ -88835.439799999818206, -100367.326799999922514 ], [ -89230.544300000183284, -100504.669700000435114 ], [ -89240.504599999636412, -100508.115900000557303 ], [ -89245.030399999581277, -100509.681700000539422 ], [ -89260.353799999691546, -100514.98340000025928 ], [ -89384.418100000359118, -100557.907800000160933 ], [ -89424.313000000081956, -100568.754899999126792 ], [ -89477.777200000360608, -100583.291400000452995 ], [ -89526.661399999633431, -100596.582599999383092 ], [ -89563.236999999731779, -100606.527200000360608 ], [ -89598.571700000204146, -100616.134400000795722 ], [ -89629.0152000002563, -100624.411800000816584 ], [ -89678.462199999950826, -100625.992499999701977 ], [ -89681.284799999557436, -100626.082699999213219 ], [ -89735.354299999773502, -100633.283600000664592 ], [ -89772.552099999971688, -100632.541300000622869 ], [ -89780.41399999987334, -100632.384500000625849 ], [ -89810.153800000436604, -100632.384999999776483 ], [ -89855.091000000014901, -100632.385800000280142 ], [ -89864.223500000312924, -100632.385999999940395 ], [ -89912.374099999666214, -100630.022199999541044 ], [ -89919.203200000338256, -100629.687000000849366 ], [ -89934.654799999669194, -100629.034199999645352 ], [ -90098.198800000362098, -100622.123800000175834 ], [ -90103.012099999934435, -100621.920399999246001 ], [ -90182.882100000046194, -100612.95380000025034 ], [ -90319.099700000137091, -100597.661599999293685 ], [ -90548.249800000339746, -100581.058800000697374 ], [ -90580.699599999934435, -100581.059399999678135 ], [ -90556.418499999679625, -100580.044800000265241 ], [ -90534.509999999776483, -100572.528599999845028 ], [ -90517.910199999809265, -100569.72829999960959 ], [ -90500.910400000400841, -100565.028000000864267 ], [ -90487.990600000135601, -100559.357799999415874 ], [ -90507.650799999944866, -100538.468299999833107 ], [ -90534.791100000031292, -100514.719000000506639 ], [ -90551.411199999973178, -100501.3293999992311 ], [ -90567.161299999803305, -100489.559699999168515 ], [ -90574.261400000192225, -100481.669900000095367 ], [ -90591.761699999682605, -100463.250399999320507 ], [ -90603.56180000025779, -100449.050699999555945 ], [ -90613.262000000104308, -100438.550899999216199 ], [ -90628.06209999974817, -100425.751299999654293 ], [ -90666.812199999578297, -100406.332100000232458 ], [ -90682.262199999764562, -100398.542400000616908 ], [ -90697.462199999950826, -100393.042799999937415 ], [ -90719.762299999594688, -100382.043199999257922 ], [ -90739.362399999983609, -100369.853700000792742 ], [ -90787.016499999910593, -100343.642599999904633 ], [ -90828.878100000321865, -100320.617599999532104 ], [ -90839.262699999846518, -100314.905899999663234 ], [ -90873.41260000038892, -100306.936499999836087 ], [ -90872.912899999879301, -100288.736600000411272 ], [ -90872.413099999539554, -100279.536699999123812 ], [ -90871.113300000317395, -100270.536699999123812 ], [ -90867.913499999791384, -100257.536800000816584 ], [ -90860.114000000059605, -100234.936799999326468 ], [ -90855.214200000278652, -100223.436799999326468 ], [ -90848.814500000327826, -100208.936699999496341 ], [ -90838.814899999648333, -100192.83669999986887 ], [ -90830.134800000116229, -100180.701700000092387 ], [ -90829.0152000002563, -100179.136600000783801 ], [ -90825.615299999713898, -100174.636600000783801 ], [ -90814.615699999965727, -100159.336500000208616 ], [ -90805.015999999828637, -100146.336400000378489 ], [ -90798.716199999675155, -100137.636299999430776 ], [ -90794.916299999691546, -100132.336300000548363 ], [ -90781.916699999943376, -100114.036199999973178 ], [ -90776.216900000348687, -100106.136099999770522 ], [ -90771.517099999822676, -100098.93610000051558 ], [ -90764.717299999669194, -100087.436000000685453 ], [ -90748.018000000156462, -100057.335899999365211 ], [ -90730.818599999882281, -100028.835799999535084 ], [ -90725.418800000101328, -100018.635800000280142 ], [ -90724.618900000117719, -100016.635800000280142 ], [ -90724.21889999974519, -100014.735799999907613 ], [ -90723.622000000439584, -100003.141400000080466 ], [ -90723.919300000183284, -99993.335899999365211 ], [ -90727.219600000418723, -99974.236099999397993 ], [ -90730.520200000144541, -99941.93640000000596 ], [ -90739.620799999684095, -99907.536800000816584 ], [ -90739.921299999579787, -99875.137000000104308 ], [ -90740.320000000298023, -99854.130100000649691 ], [ -90740.430800000205636, -99852.402300000190735 ], [ -90740.701500000432134, -99848.342499999329448 ], [ -90741.021900000050664, -99843.537299999967217 ], [ -90740.811200000345707, -99826.948400000110269 ], [ -90739.923499999567866, -99757.037799999117851 ], [ -90739.924399999901652, -99708.598200000822544 ], [ -90739.923799999989569, -99685.937300000339746 ], [ -90738.955199999734759, -99684.957800000905991 ], [ -90722.025200000032783, -99667.83809999935329 ], [ -90722.72580000013113, -99635.338300000876188 ], [ -90723.156999999657273, -99612.830700000748038 ], [ -90723.526600000448525, -99593.538599999621511 ], [ -90722.111499999649823, -99570.339900000020862 ], [ -90721.727099999785423, -99564.038799999281764 ], [ -90719.927500000223517, -99545.93889999948442 ], [ -90717.372700000181794, -99531.553600000217557 ], [ -90715.22829999960959, -99501.339099999517202 ], [ -90713.728600000031292, -99485.839199999347329 ], [ -90703.530500000342727, -99383.439699999988079 ], [ -90702.030799999833107, -99367.139799999073148 ], [ -90701.331000000238419, -99360.339800000190735 ], [ -90700.131199999712408, -99348.739900000393391 ], [ -90698.03139999974519, -99340.239900000393391 ], [ -90694.931499999947846, -99333.439899999648333 ], [ -90691.731599999591708, -99330.139799999073148 ], [ -90697.832399999722838, -99281.240299999713898 ], [ -90699.332799999974668, -99261.440400000661612 ], [ -90700.432900000363588, -99252.240499999374151 ], [ -90700.833100000396371, -99242.640599999576807 ], [ -90699.833700000308454, -99212.04079999960959 ], [ -90700.133899999782443, -99200.940899999812245 ], [ -90700.833999999798834, -99191.540899999439716 ], [ -90702.734299999661744, -99177.54109999909997 ], [ -90705.634499999694526, -99166.741200000047684 ], [ -90710.134600000455976, -99158.841299999505281 ], [ -90713.934600000269711, -99154.741399999707937 ], [ -90780.433199999853969, -99206.742300000041723 ], [ -90820.132399999536574, -99237.742799999192357 ], [ -90848.331799999810755, -99259.34320000000298 ], [ -90864.463000000454485, -99269.92960000038147 ], [ -90867.531499999575317, -99271.943399999290705 ], [ -90890.94550000037998, -99287.329299999400973 ], [ -90926.730399999767542, -99310.844200000166893 ], [ -90944.330799999646842, -99280.44480000063777 ], [ -90953.031000000424683, -99265.244999999180436 ], [ -90978.431599999777973, -99220.545800000429153 ], [ -90980.03179999999702, -99213.945900000631809 ], [ -90982.13190000038594, -99206.745999999344349 ], [ -90988.231999999843538, -99195.746099999174476 ], [ -91001.832399999722838, -99167.946599999442697 ], [ -91013.432900000363588, -99138.846999999135733 ], [ -91025.13329999987036, -99109.547399999573827 ], [ -91034.63370000012219, -99085.947699999436736 ], [ -91042.833999999798834, -99068.247999999672174 ], [ -91053.234299999661744, -99047.648299999535084 ], [ -91076.035000000149012, -99001.349099999293685 ], [ -91085.83530000038445, -98981.949400000274181 ], [ -91102.935800000093877, -98947.549900000914931 ], [ -91111.036000000312924, -98931.650200000032783 ], [ -91118.368900000117719, -98918.451400000602007 ], [ -91126.036399999633431, -98904.65059999935329 ], [ -91133.536500000394881, -98893.950799999758601 ], [ -91145.636699999682605, -98877.951199999079108 ], [ -91155.936900000087917, -98865.951400000602007 ], [ -91170.637099999934435, -98850.151799999177456 ], [ -91181.837199999950826, -98839.55210000090301 ], [ -91202.299999999813735, -98821.609300000593066 ], [ -91205.78899999987334, -98818.550000000745058 ], [ -91215.137500000186265, -98810.352900000289083 ], [ -91197.637900000438094, -98796.552699999883771 ], [ -91175.038399999961257, -98778.652400000020862 ], [ -91130.839300000108778, -98743.251800000667572 ], [ -91104.439899999648333, -98721.051500000059605 ], [ -91085.040300000458956, -98705.451199999079108 ], [ -91076.240500000305474, -98698.551100000739098 ], [ -91072.040599999949336, -98696.051100000739098 ], [ -91068.140599999576807, -98695.051000000908971 ], [ -91062.640599999576807, -98695.050899999216199 ], [ -91054.240600000135601, -98697.350700000301003 ], [ -91034.440700000151992, -98704.050300000235438 ], [ -91030.440700000151992, -98705.050200000405312 ], [ -91026.240699999965727, -98705.650200000032783 ], [ -91022.640700000338256, -98705.750099999830127 ], [ -91019.340699999593198, -98705.449999999254942 ], [ -91016.140800000168383, -98704.75 ], [ -91012.04079999960959, -98703.349899999797344 ], [ -91008.64089999999851, -98701.549900000914931 ], [ -91003.640999999828637, -98698.349799999967217 ], [ -90997.995000000111759, -98693.999500000849366 ], [ -90997.541100000031292, -98693.649700000882149 ], [ -90993.841199999675155, -98690.24970000050962 ], [ -90990.74129999987781, -98686.249600000679493 ], [ -90989.441300000064075, -98684.249600000679493 ], [ -90988.041400000452995, -98681.449599999934435 ], [ -90987.400799999944866, -98680.097200000658631 ], [ -90987.141400000080466, -98679.549599999561906 ], [ -90986.441499999724329, -98677.049599999561906 ], [ -90983.841699999757111, -98666.649599999189377 ], [ -90980.542000000365078, -98651.549699999392033 ], [ -90972.69620000012219, -98608.197000000625849 ], [ -90972.542799999937415, -98607.349799999967217 ], [ -90971.542999999597669, -98597.649900000542402 ], [ -90964.191599999554455, -98597.239000000059605 ], [ -90953.643199999816716, -98596.649599999189377 ], [ -90938.943300000391901, -98596.349300000816584 ], [ -90927.833399999886751, -98590.359099999070168 ], [ -90917.090900000184774, -98577.077800000086427 ], [ -90899.944299999624491, -98555.878900000825524 ], [ -90862.525200000032783, -98517.738399999216199 ], [ -90832.725999999791384, -98487.446100000292063 ], [ -90775.927400000393391, -98429.707499999552965 ], [ -90722.348799999803305, -98373.22690000012517 ], [ -90685.659699999727309, -98333.616499999538064 ], [ -90652.898699999786913, -98292.141200000420213 ], [ -90630.621399999596179, -98263.937000000849366 ], [ -90625.275100000202656, -98253.24890000000596 ], [ -90621.081799999810755, -98244.865900000557303 ], [ -90601.992600000463426, -98207.455800000578165 ], [ -90577.773599999956787, -98160.505699999630451 ], [ -90560.904600000008941, -98110.625700000673532 ], [ -90555.51589999999851, -98079.230499999597669 ], [ -90555.21129999961704, -98077.456800000742078 ], [ -90554.145399999804795, -98071.247999999672174 ], [ -90553.744099999777973, -98069.441500000655651 ] ] ] ] } },
{ "type": "Feature", "properties": { "dtmnfr": "110621", "freguesia": "Marvila", "municipio": "Lisboa", "distrito_ilha": "Lisboa", "nuts3": "Grande Lisboa", "nuts2": "Grande Lisboa", "nuts1": "Continente", "area_ha": 712.24, "perimetro_km": 12, "designacao_simplificada": "Marvila" }, "geometry": { "type": "MultiPolygon", "coordinates": [ [ [ [ -86521.489599999971688, -100029.302300000563264 ], [ -86467.437199999578297, -100036.298200000077486 ], [ -86459.895800000056624, -100037.895700000226498 ], [ -86411.267300000414252, -100048.17710000090301 ], [ -86393.107400000095367, -100051.805299999192357 ], [ -86373.467400000430644, -100055.726399999111891 ], [ -86334.559899999760091, -100065.453199999406934 ], [ -86269.777599999681115, -100087.034800000488758 ], [ -86239.487099999561906, -100097.652000000700355 ], [ -86208.207600000314415, -100108.612500000745058 ], [ -86190.48589999973774, -100114.722300000488758 ], [ -86176.877600000239909, -100119.412399999797344 ], [ -86162.117700000293553, -100126.002800000831485 ], [ -86145.628600000403821, -100133.364199999719858 ], [ -86126.117499999701977, -100142.081299999728799 ], [ -86097.338499999605119, -100153.182700000703335 ], [ -86022.458100000396371, -100182.077800000086427 ], [ -85969.599399999715388, -100202.469399999827147 ], [ -85907.927500000223517, -100226.266799999400973 ], [ -85873.315899999812245, -100240.144700000062585 ], [ -85830.736299999989569, -100257.214500000700355 ], [ -85813.612200000323355, -100264.07880000025034 ], [ -85762.838100000284612, -100284.434000000357628 ], [ -85736.495500000193715, -100294.994699999690056 ], [ -85727.547399999573827, -100298.583000000566244 ], [ -85678.076799999922514, -100318.934000000357628 ], [ -85654.097299999557436, -100328.801500000059605 ], [ -85465.555700000375509, -100403.118000000715256 ], [ -85330.184700000099838, -100456.476099999621511 ], [ -85165.048299999907613, -100521.569299999624491 ], [ -85147.507100000046194, -100528.481399999931455 ], [ -84980.978500000201166, -100594.508899999782443 ], [ -84927.148000000044703, -100615.855399999767542 ], [ -84676.556599999777973, -100715.213300000876188 ], [ -84482.136800000444055, -100791.846999999135733 ], [ -84315.615899999625981, -100860.113299999386072 ], [ -84313.636599999852479, -100860.923499999567866 ], [ -84307.486600000411272, -100862.833399999886751 ], [ -84306.236600000411272, -100863.223300000652671 ], [ -84296.08669999986887, -100866.373099999502301 ], [ -84282.316700000315905, -100870.642799999564886 ], [ -84133.256599999964237, -100928.929700000211596 ], [ -84104.406600000336766, -100940.369100000709295 ], [ -84091.566599999554455, -100945.45890000090003 ], [ -84079.776600000448525, -100950.138599999248981 ], [ -83989.386500000022352, -100985.966700000688434 ], [ -83950.416500000283122, -101001.415899999439716 ], [ -83798.416400000452995, -101061.682700000703335 ], [ -83701.536399999633431, -101099.750700000673532 ], [ -83691.886400000192225, -101103.550499999895692 ], [ -83582.831199999898672, -101146.398299999535084 ], [ -83576.649600000120699, -101148.107599999755621 ], [ -83242.72690000012517, -101240.441400000825524 ], [ -83268.984899999573827, -101339.651200000196695 ], [ -83292.182500000111759, -101465.60080000013113 ], [ -83298.811200000345707, -101531.89049999974668 ], [ -83341.899299999698997, -101624.690600000321865 ], [ -83351.837700000032783, -101704.240299999713898 ], [ -83404.864699999801815, -101853.3902000002563 ], [ -83447.951799999922514, -101995.910099999979138 ], [ -83500.977500000037253, -102211.349600000306964 ], [ -83527.495299999602139, -102324.039300000295043 ], [ -83547.372999999672174, -102440.048900000751019 ], [ -83754.890399999916553, -103058.92850000038743 ], [ -83754.883399999700487, -103441.935900000855327 ], [ -83777.781999999657273, -103512.345799999311566 ], [ -84298.900200000032783, -103313.114399999380112 ], [ -84303.262099999934435, -103311.44679999910295 ], [ -84370.942400000058115, -103269.918299999088049 ], [ -84377.272499999962747, -103266.028400000184774 ], [ -84377.462600000202656, -103260.478399999439716 ], [ -84378.152900000102818, -103240.49860000051558 ], [ -84408.713000000454485, -103226.879200000315905 ], [ -84415.593000000342727, -103223.809399999678135 ], [ -84409.503499999642372, -103196.89949999935925 ], [ -84393.205000000074506, -103122.299699999392033 ], [ -84383.105800000019372, -103077.789799999445677 ], [ -84413.905799999833107, -103070.800400000065565 ], [ -84433.805700000375509, -103065.60080000013113 ], [ -84427.406200000084937, -103043.700799999758601 ], [ -84418.766699999570847, -103017.840800000354648 ], [ -84425.662700000219047, -103015.544999999925494 ], [ -84444.145700000226498, -103009.488399999216199 ], [ -84452.162700000219047, -103006.787499999627471 ], [ -84466.166699999943376, -103002.222799999639392 ], [ -84484.004599999636412, -102996.393200000748038 ], [ -84547.545599999837577, -102976.145500000566244 ], [ -84561.076899999752641, -102954.383899999782443 ], [ -84609.587799999862909, -102883.925200000405312 ], [ -84658.025200000032783, -103011.995200000703335 ], [ -84675.534199999645352, -103058.30519999936223 ], [ -84746.190399999730289, -103245.145300000905991 ], [ -84783.070600000210106, -103219.446100000292063 ], [ -84820.07079999987036, -103190.787000000476837 ], [ -84832.130900000222027, -103181.447300000116229 ], [ -84832.630900000222027, -103181.987299999222159 ], [ -84845.000599999912083, -103195.547399999573827 ], [ -84854.780399999581277, -103204.207499999552965 ], [ -84871.980000000447035, -103219.447699999436736 ], [ -84889.399500000290573, -103239.597899999469519 ], [ -84976.229799999855459, -103191.259800000116229 ], [ -84997.269799999892712, -103181.010299999266863 ], [ -85025.199900000356138, -103167.400900000706315 ], [ -85083.809999999590218, -103138.852099999785423 ], [ -85165.009999999776483, -103107.733799999579787 ], [ -85193.030100000090897, -103097.004399999976158 ], [ -85193.82010000012815, -103096.694399999454618 ], [ -85232.499900000169873, -103092.515100000426173 ], [ -85242.099999999627471, -103082.115399999544024 ], [ -85241.460099999792874, -103078.44539999961853 ], [ -85240.800099999643862, -103074.615399999544024 ], [ -85241.100200000219047, -103071.315400000661612 ], [ -85242.500300000421703, -103066.815500000491738 ], [ -85245.50040000025183, -103058.715600000694394 ], [ -85247.900500000454485, -103051.215700000524521 ], [ -85250.300599999725819, -103045.315799999982119 ], [ -85253.03070000000298, -103039.905899999663234 ], [ -85256.000799999572337, -103034.016000000759959 ], [ -85263.100999999791384, -103020.416200000792742 ], [ -85266.301099999807775, -103014.216299999505281 ], [ -85270.10120000038296, -103007.516400000080466 ], [ -85272.901300000026822, -103001.216499999165535 ], [ -85275.301300000399351, -102996.01659999974072 ], [ -85279.301500000059605, -102987.416699999943376 ], [ -85281.201500000432134, -102985.216700000688434 ], [ -85284.301500000059605, -102983.316800000146031 ], [ -85290.401499999687076, -102980.216900000348687 ], [ -85298.501500000245869, -102976.11710000038147 ], [ -85303.101599999703467, -102973.317199999466538 ], [ -85307.001600000075996, -102971.917300000786781 ], [ -85310.501600000075996, -102971.217399999499321 ], [ -85314.301500000059605, -102970.61739999987185 ], [ -85319.301500000059605, -102970.217499999329448 ], [ -85326.701500000432134, -102969.917700000107288 ], [ -85334.101400000043213, -102969.717800000682473 ], [ -85338.801400000229478, -102969.117900000885129 ], [ -85345.201399999670684, -102967.618000000715256 ], [ -85352.401399999856949, -102964.818199999630451 ], [ -85367.301400000229478, -102959.018500000238419 ], [ -85377.101400000043213, -102955.118699999526143 ], [ -85380.201399999670684, -102954.018799999728799 ], [ -85383.701399999670684, -102953.318800000473857 ], [ -85386.801400000229478, -102953.018899999558926 ], [ -85389.901399999856949, -102952.818900000303984 ], [ -85391.901300000026822, -102953.119000000879169 ], [ -85394.101300000213087, -102953.918999999761581 ], [ -85395.701299999840558, -102955.418999999761581 ], [ -85397.701200000010431, -102957.619000000879169 ], [ -85403.100999999791384, -102964.919099999591708 ], [ -85403.801099999807775, -102963.219100000336766 ], [ -85405.301099999807775, -102961.419199999421835 ], [ -85406.321100000292063, -102960.629200000315905 ], [ -85408.801099999807775, -102958.719200000166893 ], [ -85411.201100000180304, -102957.519300000742078 ], [ -85412.601099999621511, -102956.699300000444055 ], [ -85430.601400000043213, -102937.81980000063777 ], [ -85442.401499999687076, -102925.620100000873208 ], [ -85445.501500000245869, -102922.220200000330806 ], [ -85447.401600000448525, -102918.920199999585748 ], [ -85448.901600000448525, -102914.720300000160933 ], [ -85449.601700000464916, -102909.820299999788404 ], [ -85450.101800000295043, -102903.32039999961853 ], [ -85450.201999999582767, -102894.620400000363588 ], [ -85450.802099999971688, -102888.120500000193715 ], [ -85451.522300000302494, -102879.450600000098348 ], [ -85491.052299999631941, -102861.741399999707937 ], [ -85497.902300000190735, -102858.691500000655651 ], [ -85506.472400000318885, -102853.991699999198318 ], [ -85536.952499999664724, -102837.272399999201298 ], [ -85543.692499999888241, -102833.572499999776483 ], [ -85548.242499999701977, -102830.612600000575185 ], [ -85583.222699999809265, -102807.873400000855327 ], [ -85584.282700000330806, -102807.183499999344349 ], [ -85585.312699999660254, -102806.513499999418855 ], [ -85587.812699999660254, -102804.793500000610948 ], [ -85589.002799999900162, -102798.323599999770522 ], [ -85589.872999999672174, -102790.153699999675155 ], [ -85590.403099999763072, -102785.123700000345707 ], [ -85593.703300000168383, -102771.923900000751019 ], [ -85597.253600000403821, -102752.794099999591708 ], [ -85599.383799999952316, -102741.27419999986887 ], [ -85601.393899999558926, -102732.394300000742078 ], [ -85603.774000000208616, -102726.044399999082088 ], [ -85612.294400000013411, -102703.294700000435114 ], [ -85619.254499999806285, -102694.454900000244379 ], [ -85637.524799999780953, -102671.265300000086427 ], [ -85659.535199999809265, -102643.325899999588728 ], [ -85743.796500000171363, -102541.248199999332428 ], [ -85811.448200000450015, -102462.13990000076592 ], [ -85827.807900000363588, -102446.030600000172853 ], [ -85830.306699999608099, -102443.570900000631809 ], [ -85833.698200000450015, -102440.230499999597669 ], [ -85843.067800000309944, -102429.95920000039041 ], [ -85870.598199999891222, -102399.77140000090003 ], [ -85881.387900000438094, -102384.239199999719858 ], [ -85883.149400000460446, -102381.699599999934435 ], [ -85885.019799999892712, -102379.003200000151992 ], [ -85889.808600000105798, -102372.111899999901652 ], [ -85899.78870000038296, -102358.942199999466538 ], [ -85936.117300000041723, -102316.225899999961257 ], [ -85981.869599999859929, -102279.714199999347329 ], [ -86000.699799999594688, -102262.594699999317527 ], [ -86031.592199999839067, -102234.545499999076128 ], [ -86051.160199999809265, -102220.635900000110269 ], [ -86082.258899999782443, -102200.865100000053644 ], [ -86098.230499999597669, -102190.707499999552965 ], [ -86100.352500000037253, -102189.595499999821186 ], [ -86105.760499999858439, -102186.757099999114871 ], [ -86116.120500000193715, -102181.487400000914931 ], [ -86122.678999999538064, -102179.638000000268221 ], [ -86123.460500000044703, -102179.417500000447035 ], [ -86137.010499999858439, -102176.037799999117851 ], [ -86154.520399999804795, -102170.578099999576807 ], [ -86171.378999999724329, -102160.860500000417233 ], [ -86180.32050000037998, -102155.708699999377131 ], [ -86202.720700000412762, -102141.409199999645352 ], [ -86217.220700000412762, -102133.319499999284744 ], [ -86253.930900000035763, -102106.2204 ], [ -86255.781700000166893, -102104.730399999767542 ], [ -86268.431099999696016, -102094.550699999555945 ], [ -86278.221099999733269, -102087.970899999141693 ], [ -86298.181300000287592, -102070.471400000154972 ], [ -86307.212700000032783, -102064.569599999114871 ], [ -86312.301900000311434, -102061.241699999198318 ], [ -86314.792899999767542, -102059.377299999818206 ], [ -86334.141499999910593, -102044.872199999168515 ], [ -86356.171799999661744, -102020.792799999937415 ], [ -86372.551900000311434, -102008.933199999853969 ], [ -86379.432500000111759, -102003.583300000056624 ], [ -86382.712000000290573, -102001.033399999141693 ], [ -86398.912100000306964, -101988.423800000920892 ], [ -86402.842899999581277, -101984.95160000026226 ], [ -86407.002199999988079, -101981.274000000208616 ], [ -86410.75069999974221, -101977.244599999859929 ], [ -86416.982300000265241, -101970.544199999421835 ], [ -86419.283400000073016, -101967.732799999415874 ], [ -86425.452499999664724, -101960.194499999284744 ], [ -86430.342000000178814, -101955.694599999114871 ], [ -86432.612499999813735, -101953.604599999263883 ], [ -86433.911500000394881, -101951.775699999183416 ], [ -86436.752600000239909, -101947.774800000712276 ], [ -86439.9527000002563, -101942.134899999946356 ], [ -86463.49309999961406, -101909.574999999254942 ], [ -86464.674200000241399, -101907.234999999403954 ], [ -86472.333399999886751, -101892.075799999758601 ], [ -86485.143799999728799, -101865.916200000792742 ], [ -86499.064100000075996, -101843.236600000411272 ], [ -86504.534199999645352, -101834.306800000369549 ], [ -86505.224200000055134, -101833.256799999624491 ], [ -86524.494599999859929, -101803.627299999818206 ], [ -86535.414900000207126, -101784.247700000181794 ], [ -86561.76549999974668, -101742.288899999111891 ], [ -86569.52379999961704, -101728.018400000408292 ], [ -86570.095700000412762, -101726.960699999704957 ], [ -86572.505800000391901, -101722.528799999505281 ], [ -86582.028500000014901, -101707.447499999776483 ], [ -86596.036299999803305, -101685.269899999722838 ], [ -86602.066499999724329, -101672.2796 ], [ -86608.836600000038743, -101663.249800000339746 ], [ -86614.866200000047684, -101655.349999999627471 ], [ -86621.456799999810755, -101648.200099999085069 ], [ -86629.366899999789894, -101641.990299999713898 ], [ -86638.966900000348687, -101635.400499999523163 ], [ -86647.057000000029802, -101630.880699999630451 ], [ -86652.516999999992549, -101628.060799999162555 ], [ -86655.395999999716878, -101626.842399999499321 ], [ -86658.736999999731779, -101625.43099999986589 ], [ -86666.826899999752641, -101623.731100000441074 ], [ -86668.268799999728799, -101623.8429000005126 ], [ -86671.546500000171363, -101624.069499999284744 ], [ -86669.985000000335276, -101619.230200000107288 ], [ -86668.707100000232458, -101615.281199999153614 ], [ -86639.248499999754131, -101604.401300000026822 ], [ -86639.418499999679625, -101601.961799999698997 ], [ -86634.418200000189245, -101595.840700000524521 ], [ -86632.458300000056624, -101592.189099999144673 ], [ -86631.078300000168383, -101587.888199999928474 ], [ -86630.169900000095367, -101582.602700000628829 ], [ -86629.817499999888241, -101577.879300000146031 ], [ -86629.928399999625981, -101571.523299999535084 ], [ -86631.986299999989569, -101564.349899999797344 ], [ -86632.39879999961704, -101563.49129999987781 ], [ -86633.738599999807775, -101560.728199999779463 ], [ -86639.11739999987185, -101553.771099999547005 ], [ -86644.778500000014901, -101547.541200000792742 ], [ -86646.690100000239909, -101546.560499999672174 ], [ -86650.590499999932945, -101544.549599999561906 ], [ -86655.130099999718368, -101543.192099999636412 ], [ -86667.217899999581277, -101542.014200000092387 ], [ -86676.960900000296533, -101541.906400000676513 ], [ -86682.906299999915063, -101541.840500000864267 ], [ -86695.857699999585748, -101541.862700000405312 ], [ -86691.397300000302494, -101540.351600000634789 ], [ -86688.186599999666214, -101538.121500000357628 ], [ -86685.777200000360608, -101535.0 ], [ -86684.298499999567866, -101532.001599999144673 ], [ -86683.248200000263751, -101528.630100000649691 ], [ -86682.82010000012815, -101524.902100000530481 ], [ -86682.960099999792874, -101521.124500000849366 ], [ -86671.117999999783933, -101510.584499999880791 ], [ -86644.001199999824166, -101514.080700000748038 ], [ -86643.799599999561906, -101511.811000000685453 ], [ -86642.004099999554455, -101513.604399999603629 ], [ -86638.750500000081956, -101515.799100000411272 ], [ -86637.82909999974072, -101516.281199999153614 ], [ -86637.021599999628961, -101516.702299999073148 ], [ -86631.450100000016391, -101518.762199999764562 ], [ -86628.18859999999404, -101521.040100000798702 ], [ -86622.839599999599159, -101523.542999999597669 ], [ -86620.307799999602139, -101524.459499999880791 ], [ -86617.927699999883771, -101525.319900000467896 ], [ -86617.300599999725819, -101525.542899999767542 ], [ -86615.348600000143051, -101525.960400000214577 ], [ -86608.248599999584258, -101529.169700000435114 ], [ -86604.639600000344217, -101530.699100000783801 ], [ -86602.937599999830127, -101531.612700000405312 ], [ -86601.399000000208616, -101532.843100000172853 ], [ -86598.840900000184774, -101535.749500000849366 ], [ -86591.863900000229478, -101542.624299999326468 ], [ -86587.551300000399351, -101542.74100000038743 ], [ -86580.127000000327826, -101541.909600000828505 ], [ -86573.428199999965727, -101541.310399999842048 ], [ -86572.458499999716878, -101543.604100000113249 ], [ -86570.159300000406802, -101549.041799999773502 ], [ -86565.442999999970198, -101546.744799999520183 ], [ -86562.118599999696016, -101545.807800000533462 ], [ -86558.849100000225008, -101544.699200000613928 ], [ -86561.250900000333786, -101537.292700000107288 ], [ -86552.619300000369549, -101534.229699999094009 ], [ -86551.733799999579787, -101530.180400000885129 ], [ -86549.511599999852479, -101518.327099999412894 ], [ -86553.889700000174344, -101515.149800000712276 ], [ -86557.714700000360608, -101513.885900000110269 ], [ -86555.513700000010431, -101507.703099999576807 ], [ -86551.69510000012815, -101508.187300000339746 ], [ -86550.135900000110269, -101498.946000000461936 ], [ -86549.379300000146031, -101493.671800000593066 ], [ -86555.685399999842048, -101492.479399999603629 ], [ -86559.632100000046194, -101491.791600000113249 ], [ -86560.390599999576807, -101489.990100000053644 ], [ -86561.628700000233948, -101488.682499999180436 ], [ -86563.50109999999404, -101487.902200000360608 ], [ -86566.799599999561906, -101486.622199999168515 ], [ -86567.952100000344217, -101486.345300000160933 ], [ -86569.019100000150502, -101486.088800000026822 ], [ -86570.147199999541044, -101485.67989999987185 ], [ -86571.192099999636412, -101485.301300000399351 ], [ -86573.071100000292063, -101484.440700000151992 ], [ -86573.871100000105798, -101483.590399999171495 ], [ -86574.669900000095367, -101480.67879999987781 ], [ -86574.458800000138581, -101466.182900000363588 ], [ -86574.690000000409782, -101463.380000000819564 ], [ -86576.358900000341237, -101462.380999999120831 ], [ -86577.664499999955297, -101461.107599999755621 ], [ -86577.855600000359118, -101458.287599999457598 ], [ -86578.240600000135601, -101456.570699999108911 ], [ -86579.588800000026822, -101454.494999999180436 ], [ -86578.224100000225008, -101448.542199999094009 ], [ -86578.0472999997437, -101447.243100000545382 ], [ -86576.583999999798834, -101437.299499999731779 ], [ -86576.742999999783933, -101420.1546 ], [ -86576.928600000217557, -101401.951400000602007 ], [ -86577.087600000202656, -101389.436599999666214 ], [ -86579.449500000104308, -101384.714800000190735 ], [ -86581.360399999655783, -101380.319199999794364 ], [ -86587.383100000210106, -101372.491399999707937 ], [ -86590.167000000365078, -101365.758400000631809 ], [ -86594.613199999555945, -101360.850600000470877 ], [ -86601.250900000333786, -101346.133300000801682 ], [ -86605.215099999681115, -101337.812400000169873 ], [ -86618.902700000442564, -101325.122300000861287 ], [ -86623.043100000359118, -101322.174599999561906 ], [ -86625.601599999703467, -101320.35080000013113 ], [ -86631.162299999967217, -101316.381100000813603 ], [ -86641.140100000426173, -101315.897399999201298 ], [ -86646.994300000369549, -101315.613600000739098 ], [ -86649.761699999682605, -101315.480900000780821 ], [ -86654.333100000396371, -101315.261499999091029 ], [ -86660.673499999567866, -101314.431900000199676 ], [ -86667.143400000408292, -101317.784099999815226 ], [ -86666.14089999999851, -101306.312400000169873 ], [ -86665.520700000226498, -101306.363099999725819 ], [ -86664.405500000342727, -101293.636399999260902 ], [ -86662.928299999795854, -101276.749399999156594 ], [ -86662.150000000372529, -101266.23960000090301 ], [ -86661.501500000245869, -101257.454600000753999 ], [ -86661.277800000272691, -101254.464700000360608 ], [ -86661.075799999758601, -101251.763499999418855 ], [ -86660.895899999886751, -101249.535199999809265 ], [ -86659.811700000427663, -101239.179500000551343 ], [ -86658.859400000423193, -101226.585400000214577 ], [ -86658.462600000202656, -101221.478900000452995 ], [ -86658.356800000183284, -101219.732699999585748 ], [ -86658.013000000268221, -101215.1554000005126 ], [ -86657.801400000229478, -101211.3454 ], [ -86657.557400000281632, -101201.719900000840425 ], [ -86657.089999999850988, -101196.32289999909699 ], [ -86656.546699999831617, -101189.383099999278784 ], [ -86656.254399999976158, -101186.93129999935627 ], [ -86655.383399999700487, -101177.043800000101328 ], [ -86654.122999999672174, -101162.743899999186397 ], [ -86653.72510000038892, -101150.943099999800324 ], [ -86651.834099999628961, -101125.94370000064373 ], [ -86650.802799999713898, -101111.390399999916553 ], [ -86649.978099999949336, -101099.753399999812245 ], [ -86647.292100000195205, -101074.091499999165535 ], [ -86644.769600000232458, -101047.595599999651313 ], [ -86642.9375, -101024.165200000628829 ], [ -86647.778599999845028, -101018.233899999409914 ], [ -86646.545800000429153, -101006.285399999469519 ], [ -86643.921500000171363, -101005.951400000602007 ], [ -86641.430200000293553, -101005.63429999910295 ], [ -86639.327100000344217, -100986.755699999630451 ], [ -86636.717199999839067, -100963.324999999254942 ], [ -86635.317099999636412, -100946.054500000551343 ], [ -86633.831799999810755, -100927.734600000083447 ], [ -86635.330400000326335, -100927.587799999862909 ], [ -86633.318300000391901, -100901.737400000914931 ], [ -86632.595900000073016, -100901.798900000751019 ], [ -86631.948200000450015, -100901.852800000458956 ], [ -86630.036799999885261, -100877.130499999970198 ], [ -86629.677899999544024, -100871.700500000268221 ], [ -86629.409900000318885, -100869.813400000333786 ], [ -86624.442999999970198, -100853.913699999451637 ], [ -86623.377399999648333, -100850.493400000035763 ], [ -86622.779500000178814, -100848.575400000438094 ], [ -86620.660299999639392, -100823.504699999466538 ], [ -86618.500799999572337, -100798.785299999639392 ], [ -86616.328099999576807, -100774.434699999168515 ], [ -86616.19550000037998, -100773.538200000301003 ], [ -86614.507799999788404, -100749.27930000051856 ], [ -86611.844700000248849, -100724.257699999958277 ], [ -86609.353699999861419, -100699.184299999848008 ], [ -86607.44550000037998, -100674.526699999347329 ], [ -86605.346599999815226, -100649.456599999219179 ], [ -86603.00690000038594, -100624.688699999824166 ], [ -86600.716500000096858, -100599.899299999698997 ], [ -86598.584999999962747, -100574.608500000089407 ], [ -86598.251899999566376, -100571.260600000619888 ], [ -86597.093500000424683, -100559.558599999174476 ], [ -86596.139000000432134, -100549.936599999666214 ], [ -86594.138899999670684, -100525.016699999570847 ], [ -86593.457700000144541, -100514.333699999377131 ], [ -86592.525799999944866, -100499.718299999833107 ], [ -86584.857900000177324, -100500.919700000435114 ], [ -86580.34499999973923, -100500.7820999994874 ], [ -86577.964399999938905, -100476.232300000265241 ], [ -86576.677099999971688, -100461.335200000554323 ], [ -86575.930399999953806, -100452.709899999201298 ], [ -86574.120799999684095, -100428.856000000610948 ], [ -86569.980299999937415, -100381.419800000265241 ], [ -86563.406499999575317, -100382.096400000154972 ], [ -86563.259800000116229, -100380.427999999374151 ], [ -86560.319899999536574, -100347.39780000038445 ], [ -86558.109400000423193, -100322.206399999558926 ], [ -86557.197300000116229, -100312.341600000858307 ], [ -86555.904299999587238, -100298.357400000095367 ], [ -86574.170699999667704, -100296.937899999320507 ], [ -86571.762699999846518, -100270.439500000327826 ], [ -86569.420699999667704, -100246.058700000867248 ], [ -86567.203099999576807, -100221.149800000712276 ], [ -86565.922399999573827, -100206.607400000095367 ], [ -86564.694099999964237, -100196.080399999395013 ], [ -86563.955000000074506, -100186.281099999323487 ], [ -86565.313900000415742, -100178.447399999946356 ], [ -86566.244599999859929, -100173.07120000012219 ], [ -86576.20299999974668, -100140.229399999603629 ], [ -86581.02280000038445, -100124.331199999898672 ], [ -86575.454900000244379, -100120.38990000076592 ], [ -86572.04660000000149, -100117.97829999960959 ], [ -86567.390100000426173, -100114.677300000563264 ], [ -86563.30559999961406, -100111.781999999657273 ], [ -86562.313699999824166, -100112.009899999946356 ], [ -86560.923700000159442, -100112.32740000076592 ], [ -86559.928899999707937, -100112.289899999275804 ], [ -86558.905199999921024, -100112.25139999948442 ], [ -86557.214200000278652, -100111.759899999946356 ], [ -86555.267799999564886, -100110.711100000888109 ], [ -86553.775799999944866, -100109.539799999445677 ], [ -86553.106100000441074, -100109.089900000020862 ], [ -86551.84320000000298, -100110.262299999594688 ], [ -86539.605299999937415, -100099.829600000753999 ], [ -86533.666899999603629, -100094.613199999555945 ], [ -86527.912999999709427, -100089.540400000289083 ], [ -86526.357900000177324, -100090.28690000064671 ], [ -86523.856700000353158, -100090.833200000226498 ], [ -86522.185600000433624, -100090.543899999931455 ], [ -86520.437599999830127, -100089.869000000879169 ], [ -86519.453999999910593, -100088.931700000539422 ], [ -86518.645299999974668, -100087.98369999974966 ], [ -86518.066899999976158, -100086.692900000140071 ], [ -86517.724100000225008, -100085.193199999630451 ], [ -86517.730000000447035, -100083.673800000920892 ], [ -86518.187400000169873, -100082.028300000354648 ], [ -86519.228000000119209, -100080.599899999797344 ], [ -86520.028500000014901, -100079.982999999076128 ], [ -86520.51410000026226, -100079.608899999409914 ], [ -86521.434299999848008, -100079.13880000077188 ], [ -86524.113599999807775, -100075.950699999928474 ], [ -86525.395600000396371, -100072.996500000357628 ], [ -86525.666400000452995, -100071.180400000885129 ], [ -86525.177600000053644, -100068.540599999949336 ], [ -86523.55530000012368, -100063.111600000411272 ], [ -86522.926900000311434, -100060.220100000500679 ], [ -86522.648400000296533, -100056.370100000873208 ], [ -86523.046000000089407, -100054.828099999576807 ], [ -86521.489599999971688, -100029.302300000563264 ] ] ] ] } },
{ "type": "Feature", "properties": { "dtmnfr": "110633", "freguesia": "Olivais", "municipio": "Lisboa", "distrito_ilha": "Lisboa", "nuts3": "Grande Lisboa", "nuts2": "Grande Lisboa", "nuts1": "Continente", "area_ha": 808.8, "perimetro_km": 13, "designacao_simplificada": "Olivais" }, "geometry": { "type": "MultiPolygon", "coordinates": [ [ [ [ -84315.615899999625981, -100860.113299999386072 ], [ -84482.136800000444055, -100791.846999999135733 ], [ -84676.556599999777973, -100715.213300000876188 ], [ -84927.148000000044703, -100615.855399999767542 ], [ -84980.978500000201166, -100594.508899999782443 ], [ -85147.507100000046194, -100528.481399999931455 ], [ -85165.048299999907613, -100521.569299999624491 ], [ -85330.184700000099838, -100456.476099999621511 ], [ -85465.555700000375509, -100403.118000000715256 ], [ -85654.097299999557436, -100328.801500000059605 ], [ -85678.076799999922514, -100318.934000000357628 ], [ -85727.547399999573827, -100298.583000000566244 ], [ -85736.495500000193715, -100294.994699999690056 ], [ -85762.838100000284612, -100284.434000000357628 ], [ -85813.612200000323355, -100264.07880000025034 ], [ -85830.736299999989569, -100257.214500000700355 ], [ -85873.315899999812245, -100240.144700000062585 ], [ -85907.927500000223517, -100226.266799999400973 ], [ -85969.599399999715388, -100202.469399999827147 ], [ -86022.458100000396371, -100182.077800000086427 ], [ -86097.338499999605119, -100153.182700000703335 ], [ -86126.117499999701977, -100142.081299999728799 ], [ -86145.628600000403821, -100133.364199999719858 ], [ -86162.117700000293553, -100126.002800000831485 ], [ -86176.877600000239909, -100119.412399999797344 ], [ -86190.48589999973774, -100114.722300000488758 ], [ -86208.207600000314415, -100108.612500000745058 ], [ -86239.487099999561906, -100097.652000000700355 ], [ -86269.777599999681115, -100087.034800000488758 ], [ -86334.559899999760091, -100065.453199999406934 ], [ -86373.467400000430644, -100055.726399999111891 ], [ -86393.107400000095367, -100051.805299999192357 ], [ -86411.267300000414252, -100048.17710000090301 ], [ -86459.895800000056624, -100037.895700000226498 ], [ -86467.437199999578297, -100036.298200000077486 ], [ -86521.489599999971688, -100029.302300000563264 ], [ -86529.510300000198185, -100028.299399999901652 ], [ -86534.788399999961257, -100027.639499999582767 ], [ -86542.331899999640882, -100027.630400000140071 ], [ -86555.947499999776483, -100027.613900000229478 ], [ -86568.593000000342727, -100027.610500000417233 ], [ -86570.021599999628961, -100027.610200000926852 ], [ -86605.216400000266731, -100027.60080000013113 ], [ -86673.989599999971688, -100026.318800000473857 ], [ -86787.715900000184774, -100024.198799999430776 ], [ -87011.766800000332296, -100020.022199999541044 ], [ -87230.132399999536574, -100015.951199999079108 ], [ -87291.423999999649823, -100014.996400000527501 ], [ -87443.440999999642372, -100012.6261 ], [ -87595.079900000244379, -100017.628900000825524 ], [ -87653.295599999837577, -100023.282299999147654 ], [ -87654.193199999630451, -100023.369400000199676 ], [ -87707.910000000149012, -100028.585799999535084 ], [ -87715.068900000303984, -100029.280999999493361 ], [ -87818.387900000438094, -100045.942700000479817 ], [ -87852.53249999973923, -100052.959300000220537 ], [ -87887.927199999801815, -100060.233899999409914 ], [ -87913.630300000309944, -100065.499800000339746 ], [ -87951.078999999910593, -100073.201199999079108 ], [ -87990.671000000089407, -100081.343399999663234 ], [ -88004.735999999567866, -100084.23589999973774 ], [ -88023.963700000196695, -100089.458599999547005 ], [ -88112.337600000202656, -100113.462899999693036 ], [ -88113.10840000025928, -100110.221200000494719 ], [ -88118.145700000226498, -100089.034800000488758 ], [ -88137.438500000163913, -100007.893300000578165 ], [ -88098.122999999672174, -99911.386600000783801 ], [ -88090.510300000198185, -99887.459799999371171 ], [ -88081.443900000303984, -99858.963300000876188 ], [ -88077.617700000293553, -99839.283700000494719 ], [ -88073.104600000195205, -99816.071699999272823 ], [ -88073.105299999937415, -99776.623299999162555 ], [ -88073.105399999767542, -99770.797199999913573 ], [ -88073.506099999882281, -99768.31359999999404 ], [ -88079.063299999572337, -99733.862999999895692 ], [ -88088.513600000180304, -99697.114800000563264 ], [ -88100.510599999688566, -99650.462999999523163 ], [ -88112.220300000160933, -99613.157800000160933 ], [ -88113.652400000020862, -99608.59569999948144 ], [ -88122.087600000202656, -99581.722300000488758 ], [ -88124.861600000411272, -99572.884899999946356 ], [ -88149.851400000043213, -99493.27140000090003 ], [ -88151.745199999772012, -99487.237800000235438 ], [ -88164.851599999703467, -99444.346499999985099 ], [ -88168.426900000311434, -99396.689200000837445 ], [ -88164.853500000201166, -99341.883300000801682 ], [ -88146.769500000402331, -99277.580000000074506 ], [ -88143.409199999645352, -99265.631300000473857 ], [ -88140.416500000283122, -99255.81110000051558 ], [ -88114.778800000436604, -99171.681900000199676 ], [ -88105.285600000061095, -99140.530200000852346 ], [ -88089.798000000417233, -99088.106899999082088 ], [ -88081.458499999716878, -99058.321000000461936 ], [ -88061.204900000244379, -99013.046099999919534 ], [ -88056.114699999801815, -98998.792600000277162 ], [ -88049.291199999861419, -98979.685900000855327 ], [ -88038.952100000344217, -98959.498999999836087 ], [ -88024.272099999710917, -98930.83669999986887 ], [ -87999.252700000070035, -98890.327600000426173 ], [ -87956.362300000153482, -98828.372400000691414 ], [ -87941.133899999782443, -98806.017500000074506 ], [ -87927.485500000417233, -98785.98200000077486 ], [ -87877.932400000281632, -98714.07660000026226 ], [ -87816.863099999725819, -98624.892799999564886 ], [ -87770.334400000050664, -98555.096799999475479 ], [ -87746.414200000464916, -98519.73509999923408 ], [ -87732.036500000394881, -98498.480299999937415 ], [ -87725.744199999608099, -98489.178300000727177 ], [ -87706.120900000445545, -98460.224799999967217 ], [ -87653.615399999544024, -98382.754599999636412 ], [ -87607.483300000429153, -98314.688400000333786 ], [ -87541.567499999888241, -98217.749399999156594 ], [ -87525.281600000336766, -98193.945900000631809 ], [ -87491.161199999973178, -98144.075899999588728 ], [ -87457.234199999831617, -98083.004399999976158 ], [ -87438.064500000327826, -98045.861500000581145 ], [ -87423.722199999727309, -98018.072100000455976 ], [ -87410.705599999986589, -97992.851600000634789 ], [ -87375.217299999669194, -97898.522199999541044 ], [ -87373.871199999935925, -97894.943800000473857 ], [ -87362.240299999713898, -97799.944599999114871 ], [ -87362.009899999946356, -97785.18099999986589 ], [ -87361.572499999776483, -97757.152799999341369 ], [ -87361.272099999710917, -97737.904400000348687 ], [ -87370.967299999669194, -97654.538100000470877 ], [ -87387.234199999831617, -97592.763399999588728 ], [ -87393.423799999989569, -97579.089800000190735 ], [ -87411.798100000247359, -97538.49860000051558 ], [ -87438.497999999672174, -97453.158999999985099 ], [ -87449.375300000421703, -97421.44679999910295 ], [ -87465.457999999634922, -97378.026399999856949 ], [ -87394.656999999657273, -97408.224099999293685 ], [ -87315.40679999999702, -97443.302799999713898 ], [ -87294.86670000012964, -97452.972300000488758 ], [ -87283.326999999582767, -97459.532299999147654 ], [ -87265.887099999934435, -97471.261600000783801 ], [ -87241.026899999938905, -97485.801500000059605 ], [ -87231.606800000183284, -97490.31140000000596 ], [ -87199.336799999698997, -97517.140599999576807 ], [ -87187.236700000241399, -97526.330399999395013 ], [ -87175.796500000171363, -97533.750399999320507 ], [ -87157.596599999815226, -97542.849899999797344 ], [ -87134.806800000369549, -97554.669099999591708 ], [ -87109.296699999831617, -97567.148800000548363 ], [ -87088.476700000464916, -97572.399000000208616 ], [ -87050.676699999719858, -97582.71820000000298 ], [ -87023.856999999843538, -97587.027699999511242 ], [ -86992.157300000078976, -97592.477099999785423 ], [ -86960.457200000062585, -97600.256699999794364 ], [ -86947.237300000153482, -97597.726299999281764 ], [ -86740.298299999907613, -97658.163200000301003 ], [ -86601.008899999782443, -97698.880799999460578 ], [ -86587.438699999824166, -97695.27559999935329 ], [ -86570.809100000187755, -97695.940600000321865 ], [ -86543.189299999736249, -97698.050200000405312 ], [ -86513.339200000278652, -97703.009600000455976 ], [ -86471.979199999943376, -97715.519200000911951 ], [ -86393.339700000360608, -97751.067800000309944 ], [ -86321.629800000227988, -97779.686300000175834 ], [ -86293.889600000344217, -97793.066099999472499 ], [ -86275.309799999929965, -97806.445499999448657 ], [ -86261.569600000046194, -97813.385500000789762 ], [ -86174.464800000190735, -97833.25899999961257 ], [ -86121.774000000208616, -97837.477099999785423 ], [ -86095.754499999806285, -97835.960899999365211 ], [ -86011.201799999922514, -97808.490800000727177 ], [ -85929.046000000089407, -97776.544999999925494 ], [ -85892.394999999552965, -97856.924000000581145 ], [ -85815.007100000046194, -97853.667199999094009 ], [ -85792.572300000116229, -97872.119100000709295 ], [ -85782.495799999684095, -97864.153599999845028 ], [ -85716.643000000156462, -97925.05599999986589 ], [ -85608.952200000174344, -97966.824999999254942 ], [ -85575.262000000104308, -97979.584499999880791 ], [ -85524.722699999809265, -97995.413699999451637 ], [ -85478.27240000013262, -98014.292899999767542 ], [ -85434.372600000351667, -98035.732499999925494 ], [ -85385.872800000011921, -98053.601299999281764 ], [ -85334.313000000081956, -98075.04079999960959 ], [ -85311.342699999921024, -98085.760299999266863 ], [ -85259.133100000210106, -98094.629200000315905 ], [ -85240.603000000119209, -98104.449100000783801 ], [ -85199.113099999725819, -98127.248299999162555 ], [ -85156.402800000272691, -98149.377399999648333 ], [ -85132.912700000219047, -98169.106799999251962 ], [ -85112.162999999709427, -98187.116900000721216 ], [ -85081.632699999958277, -98207.706100000068545 ], [ -85047.672500000335276, -98231.895199999213219 ], [ -85025.212700000032783, -98255.574599999934435 ], [ -85007.202100000344217, -98272.214600000530481 ], [ -84992.622600000351667, -98283.01410000026226 ], [ -84974.442099999636412, -98305.833699999377131 ], [ -84973.822399999946356, -98307.093800000846386 ], [ -84956.611700000241399, -98342.203400000929832 ], [ -84936.881400000303984, -98383.722799999639392 ], [ -84916.481200000271201, -98425.571900000795722 ], [ -84906.490799999795854, -98446.571699999272823 ], [ -84894.830900000408292, -98468.881699999794364 ], [ -84772.129900000058115, -98569.229199999943376 ], [ -84757.030100000090897, -98581.928600000217557 ], [ -84705.929700000211596, -98637.847500000149012 ], [ -84674.369400000199676, -98667.566899999976158 ], [ -84628.408999999985099, -98707.705800000578165 ], [ -84601.689100000075996, -98732.895600000396371 ], [ -84586.939100000075996, -98739.064999999478459 ], [ -84566.019100000150502, -98741.124900000169873 ], [ -84464.321600000374019, -98733.109400000423193 ], [ -84459.822200000286102, -98760.539599999785423 ], [ -84456.654699999839067, -98775.909800000488758 ], [ -84445.771300000138581, -98937.187400000169873 ], [ -84428.526999999769032, -99218.515699999406934 ], [ -84427.494500000029802, -99233.264499999582767 ], [ -84401.129700000397861, -99608.98450000025332 ], [ -84400.779199999757111, -99613.984099999070168 ], [ -84371.339800000190735, -100033.58809999935329 ], [ -84368.483599999919534, -100066.208000000566244 ], [ -84367.988599999807775, -100071.889299999922514 ], [ -84367.779299999587238, -100090.810200000181794 ], [ -84344.953599999658763, -100411.096599999815226 ], [ -84344.526399999856949, -100417.526799999177456 ], [ -84342.470900000073016, -100448.706000000238419 ], [ -84340.571700000204146, -100477.5168999992311 ], [ -84319.155199999921024, -100802.104499999433756 ], [ -84317.107300000265241, -100849.314099999144673 ], [ -84315.923499999567866, -100857.876800000667572 ], [ -84315.615899999625981, -100860.113299999386072 ] ] ] ] } },
{ "type": "Feature", "properties": { "dtmnfr": "110639", "freguesia": "São Domingos de Benfica", "municipio": "Lisboa", "distrito_ilha": "Lisboa", "nuts3": "Grande Lisboa", "nuts2": "Grande Lisboa", "nuts1": "Continente", "area_ha": 429.43, "perimetro_km": 10, "designacao_simplificada": "São Domingos de Benfica" }, "geometry": { "type": "MultiPolygon", "coordinates": [ [ [ [ -89085.214300000108778, -102683.029999999329448 ], [ -89170.650000000372529, -102727.7182 ], [ -89188.014299999922514, -102736.809200000017881 ], [ -89189.332600000314415, -102737.499399999156594 ], [ -89225.521800000220537, -102756.446000000461936 ], [ -89233.853900000452995, -102760.808100000023842 ], [ -89237.061300000175834, -102762.487299999222159 ], [ -89267.227500000037253, -102778.280600000172853 ], [ -89274.849999999627471, -102779.83049999922514 ], [ -89279.28870000038296, -102780.7331000007689 ], [ -89280.627999999560416, -102781.005300000309944 ], [ -89293.83669999986887, -102783.691099999472499 ], [ -89304.018099999986589, -102785.761199999600649 ], [ -89331.965300000272691, -102778.717499999329448 ], [ -89345.575100000016391, -102775.287399999797344 ], [ -89538.796799999661744, -102726.588700000196695 ], [ -89605.777400000020862, -102709.707200000062585 ], [ -89612.377399999648333, -102708.097400000318885 ], [ -89685.430499999783933, -102690.279699999839067 ], [ -89797.436999999918044, -102662.960999999195337 ], [ -89798.505499999970198, -102662.280300000682473 ], [ -89841.277200000360608, -102635.031999999657273 ], [ -89862.027400000020862, -102615.582499999552965 ], [ -89893.807799999602139, -102583.1722999997437 ], [ -89909.950000000186265, -102553.345799999311566 ], [ -89920.151800000108778, -102534.495600000023842 ], [ -89928.171099999919534, -102519.677999999374151 ], [ -90003.207200000062585, -102390.82039999961853 ], [ -90013.300800000317395, -102373.486899999901652 ], [ -90014.61780000012368, -102371.524000000208616 ], [ -90022.230999999679625, -102360.177200000733137 ], [ -90048.877600000239909, -102379.136700000613928 ], [ -90131.478799999691546, -102437.908600000664592 ], [ -90140.159199999645352, -102444.777599999681115 ], [ -90142.978600000031292, -102447.008799999952316 ], [ -90165.378100000321865, -102467.809000000357628 ], [ -90184.177600000053644, -102486.109300000593066 ], [ -90194.877299999818206, -102498.309399999678135 ], [ -90207.076999999582767, -102513.60950000025332 ], [ -90215.976800000295043, -102520.409600000828505 ], [ -90239.97580000013113, -102563.1097999997437 ], [ -90243.075699999928474, -102570.709799999371171 ], [ -90256.575000000186265, -102603.409800000488758 ], [ -90264.374499999918044, -102629.1097999997437 ], [ -90275.074400000274181, -102631.709899999201298 ], [ -90285.87430000025779, -102633.510099999606609 ], [ -90298.174100000411272, -102634.810300000011921 ], [ -90308.674100000411272, -102634.510500000789762 ], [ -90319.173999999649823, -102633.010700000450015 ], [ -90335.873999999836087, -102629.31110000051558 ], [ -90353.074000000022352, -102622.911399999633431 ], [ -90373.373999999836087, -102613.111800000071526 ], [ -90390.639499999582767, -102603.668800000101328 ], [ -90433.637400000356138, -102631.394099999219179 ], [ -90488.552299999631941, -102666.803600000217557 ], [ -90526.807400000281632, -102923.513499999418855 ], [ -90548.19400000013411, -103161.622600000351667 ], [ -90648.552899999544024, -103123.92339999973774 ], [ -90685.229899999685585, -103110.223099999129772 ], [ -90773.402900000102818, -103077.286000000312924 ], [ -90783.691399999894202, -103073.357200000435114 ], [ -90808.022900000214577, -103064.066700000315905 ], [ -90942.992899999953806, -103013.159499999135733 ], [ -91116.073900000192225, -102948.633099999278784 ], [ -91153.464900000020862, -102934.385299999266863 ], [ -91165.306300000287592, -102929.873199999332428 ], [ -91170.145800000056624, -102928.0304000005126 ], [ -91172.762299999594688, -102927.317199999466538 ], [ -91191.522900000214577, -102922.204600000753999 ], [ -91208.642900000326335, -102915.214999999850988 ], [ -91224.283900000154972, -102908.465299999341369 ], [ -91277.093000000342727, -102885.676400000229478 ], [ -91319.493200000375509, -102859.247400000691414 ], [ -91371.222400000318885, -102827.758500000461936 ], [ -91387.72649999987334, -102817.491900000721216 ], [ -91488.684000000357628, -102754.691199999302626 ], [ -91557.146900000050664, -102711.540699999779463 ], [ -91560.58530000038445, -102709.133799999952316 ], [ -91564.914300000295043, -102706.102900000289083 ], [ -91569.190399999730289, -102700.502000000327826 ], [ -91571.143400000408292, -102697.942999999970198 ], [ -91580.841699999757111, -102685.531999999657273 ], [ -91584.754800000227988, -102672.293500000610948 ], [ -91585.209800000302494, -102670.138499999418855 ], [ -91586.314899999648333, -102664.903500000014901 ], [ -91585.478199999779463, -102651.553600000217557 ], [ -91585.145299999974668, -102646.243599999696016 ], [ -91585.925400000065565, -102641.19370000064373 ], [ -91584.755499999970198, -102633.033700000494719 ], [ -91583.34360000025481, -102629.787699999287724 ], [ -91580.865699999965727, -102624.093699999153614 ], [ -91566.866100000217557, -102606.213600000366569 ], [ -91556.422399999573827, -102593.894500000402331 ], [ -91543.136800000444055, -102578.224300000816584 ], [ -91536.137000000104308, -102568.903300000354648 ], [ -91529.467299999669194, -102556.468699999153614 ], [ -91527.58739999961108, -102552.963199999183416 ], [ -91525.860500000417233, -102545.094200000166893 ], [ -91524.857599999755621, -102540.523299999535084 ], [ -91524.549599999561906, -102539.166300000622869 ], [ -91522.917799999937415, -102531.973300000652671 ], [ -91523.698200000450015, -102508.653500000014901 ], [ -91523.698400000110269, -102499.325500000268221 ], [ -91531.450600000098348, -102485.368300000205636 ], [ -91533.511599999852479, -102481.886800000444055 ], [ -91536.53969999961555, -102476.774399999529123 ], [ -91541.617700000293553, -102472.262000000104308 ], [ -91547.028800000436604, -102467.454199999570847 ], [ -91555.978900000452995, -102459.294399999082088 ], [ -91605.293200000189245, -102429.130999999120831 ], [ -91627.159199999645352, -102415.756999999284744 ], [ -91628.687199999578297, -102414.841000000014901 ], [ -91634.939199999906123, -102411.096100000664592 ], [ -91648.447300000116229, -102402.338400000706315 ], [ -91649.329300000332296, -102401.766499999910593 ], [ -91654.277300000190735, -102399.120600000023842 ], [ -91666.049300000071526, -102392.826799999922514 ], [ -91677.329400000162423, -102386.606100000441074 ], [ -91690.559399999678135, -102382.727299999445677 ], [ -91701.829300000332296, -102379.618599999696016 ], [ -91714.669300000183284, -102376.507799999788404 ], [ -91719.046799999661744, -102375.554400000721216 ], [ -91723.619300000369549, -102374.558000000193715 ], [ -91728.201299999840558, -102374.11710000038147 ], [ -91735.669200000353158, -102373.398199999704957 ], [ -91746.949099999852479, -102373.398399999365211 ], [ -91751.708100000396371, -102373.568499999120831 ], [ -91757.839100000448525, -102373.788599999621511 ], [ -91769.899000000208616, -102374.558800000697374 ], [ -91781.958899999968708, -102374.949100000783801 ], [ -91803.559600000269711, -102381.487400000914931 ], [ -91810.573900000192225, -102383.610600000247359 ], [ -91818.581299999728799, -102386.034399999305606 ], [ -91898.803299999795854, -102089.153100000694394 ], [ -91899.397300000302494, -102087.656099999323487 ], [ -91900.04619999974966, -102086.018699999898672 ], [ -91865.803700000047684, -102077.002599999308586 ], [ -91867.500799999572337, -102032.628699999302626 ], [ -91867.550800000317395, -102031.321599999442697 ], [ -91869.022199999541044, -101992.848999999463558 ], [ -91870.315799999982119, -101959.023499999195337 ], [ -91865.806699999608099, -101911.283700000494719 ], [ -91859.497800000011921, -101858.153999999165535 ], [ -91856.797199999913573, -101832.034099999815226 ], [ -91844.180200000293553, -101714.952199999243021 ], [ -91829.154000000096858, -101615.176599999889731 ], [ -91824.745699999853969, -101585.904999999329448 ], [ -91818.953700000420213, -101547.446299999952316 ], [ -91812.36670000012964, -101527.700799999758601 ], [ -91812.116600000299513, -101526.950799999758601 ], [ -91800.024799999780953, -101490.705399999395013 ], [ -91775.696299999952316, -101418.654400000348687 ], [ -91772.199500000104308, -101409.546399999409914 ], [ -91745.957899999804795, -101341.19539999961853 ], [ -91725.291899999603629, -101295.639299999922514 ], [ -91715.31940000038594, -101273.655300000682473 ], [ -91692.790300000458956, -101231.325200000777841 ], [ -91684.790599999949336, -101216.145099999383092 ], [ -91651.909799999557436, -101160.636499999091029 ], [ -91643.877399999648333, -101147.05460000038147 ], [ -91609.873300000093877, -101097.134600000455976 ], [ -91597.136599999852479, -101081.439500000327826 ], [ -91562.294700000435114, -101038.504100000485778 ], [ -91560.234699999913573, -101035.964099999517202 ], [ -91547.060100000351667, -101020.741900000721216 ], [ -91518.855899999849498, -100988.153699999675155 ], [ -91492.415500000119209, -100961.089400000870228 ], [ -91481.90679999999702, -100950.332200000062585 ], [ -91468.128999999724329, -100936.564699999988079 ], [ -91453.981999999843538, -100922.428400000557303 ], [ -91387.279000000096858, -100862.972100000828505 ], [ -91383.296699999831617, -100859.962799999862909 ], [ -91313.380499999970198, -100807.130100000649691 ], [ -91251.201700000092387, -100765.700300000607967 ], [ -91228.246100000105798, -100751.81900000013411 ], [ -91216.95230000000447, -100744.989800000563264 ], [ -91144.442200000397861, -100709.055600000545382 ], [ -91107.904000000096858, -100690.948200000450015 ], [ -91089.88329999987036, -100683.277899999171495 ], [ -91059.244699999690056, -100670.237500000745058 ], [ -91019.58530000038445, -100654.91579999960959 ], [ -90964.61600000038743, -100637.80599999986589 ], [ -90915.946600000374019, -100623.395199999213219 ], [ -90867.409500000067055, -100612.819399999454618 ], [ -90866.377100000157952, -100612.5943 ], [ -90864.24239999987185, -100612.129699999466538 ], [ -90856.816200000233948, -100610.513199999928474 ], [ -90845.657300000078976, -100608.084000000730157 ], [ -90777.157999999821186, -100594.57179999910295 ], [ -90725.788499999791384, -100587.371999999508262 ], [ -90694.248300000093877, -100584.671399999409914 ], [ -90636.569199999794364, -100581.9704 ], [ -90580.699599999934435, -100581.059399999678135 ], [ -90548.249800000339746, -100581.058800000697374 ], [ -90319.099700000137091, -100597.661599999293685 ], [ -90182.882100000046194, -100612.95380000025034 ], [ -90103.012099999934435, -100621.920399999246001 ], [ -90110.611499999649823, -100649.620300000533462 ], [ -90110.539599999785423, -100651.801599999889731 ], [ -90107.404600000008941, -100746.870999999344349 ], [ -90106.809399999678135, -100764.91950000077486 ], [ -90106.619599999859929, -100768.416799999773502 ], [ -90106.315100000239909, -100774.025399999693036 ], [ -90104.708700000308454, -100803.619200000539422 ], [ -90101.307900000363588, -100852.11879999935627 ], [ -90097.606800000183284, -100910.818299999460578 ], [ -90097.306699999608099, -100918.818299999460578 ], [ -90098.106499999761581, -100927.7182 ], [ -90085.506299999542534, -100943.517899999395013 ], [ -90073.106100000441074, -100959.017599999904633 ], [ -90049.6875, -100988.840900000184774 ], [ -90020.405199999921024, -101027.516100000590086 ], [ -90004.90500000026077, -101048.315700000151992 ], [ -89999.604899999685585, -101055.515599999576807 ], [ -89974.904500000178814, -101087.214900000020862 ], [ -89958.604199999943376, -101107.314500000327826 ], [ -89948.203999999910593, -101120.914200000464916 ], [ -89938.303899999707937, -101133.713899999856949 ], [ -89935.457499999552965, -101138.593100000172853 ], [ -89933.403699999675155, -101142.113800000399351 ], [ -89932.082499999552965, -101143.191400000825524 ], [ -89893.803399999625981, -101174.412900000810623 ], [ -89873.503200000151992, -101194.212300000712276 ], [ -89811.115600000135601, -101272.566299999132752 ], [ -89798.101999999955297, -101288.910299999639392 ], [ -89776.801599999889731, -101315.709799999371171 ], [ -89757.760400000028312, -101331.324400000274181 ], [ -89743.301199999637902, -101354.608899999409914 ], [ -89740.800900000147521, -101369.308800000697374 ], [ -89740.621799999848008, -101370.675400000065565 ], [ -89738.100499999709427, -101389.908600000664592 ], [ -89737.372600000351667, -101395.268400000408292 ], [ -89737.00040000025183, -101398.008500000461936 ], [ -89732.787100000306964, -101411.541300000622869 ], [ -89729.590800000354648, -101421.807600000873208 ], [ -89727.099899999797344, -101429.808100000023842 ], [ -89714.899600000120699, -101448.507699999958277 ], [ -89685.981100000441074, -101507.068600000813603 ], [ -89452.943599999882281, -101978.976999999955297 ], [ -89451.010200000368059, -101982.892300000414252 ], [ -89841.08530000038445, -102190.554999999701977 ], [ -89829.56319999974221, -102199.169800000265241 ], [ -89796.181900000199676, -102224.127599999308586 ], [ -89547.691499999724329, -102409.913799999281764 ], [ -89529.002799999900162, -102423.886600000783801 ], [ -89527.423100000247359, -102425.067700000479817 ], [ -89479.637699999846518, -102454.055500000715256 ], [ -89476.449300000444055, -102455.989700000733137 ], [ -89474.743999999947846, -102457.02419999986887 ], [ -89467.272900000214577, -102461.556399999186397 ], [ -89434.253100000321865, -102463.91579999960959 ], [ -89296.66399999987334, -102463.91330000013113 ], [ -89189.718399999663234, -102457.664899999275804 ], [ -89188.901800000108778, -102459.341499999165535 ], [ -89187.936099999584258, -102461.324799999594688 ], [ -89182.132000000216067, -102473.242000000551343 ], [ -89175.517199999652803, -102484.562699999660254 ], [ -89161.259499999694526, -102508.96199999935925 ], [ -89065.769100000150502, -102672.770400000736117 ], [ -89085.214300000108778, -102683.029999999329448 ] ] ] ] } },
{ "type": "Feature", "properties": { "dtmnfr": "110654", "freguesia": "Alvalade", "municipio": "Lisboa", "distrito_ilha": "Lisboa", "nuts3": "Grande Lisboa", "nuts2": "Grande Lisboa", "nuts1": "Continente", "area_ha": 534.17, "perimetro_km": 11, "designacao_simplificada": "Alvalade" }, "geometry": { "type": "MultiPolygon", "coordinates": [ [ [ [ -88015.877399999648333, -102011.95299999974668 ], [ -88088.974899999797344, -102028.592800000682473 ], [ -88191.168899999931455, -102051.856000000610948 ], [ -88195.399000000208616, -102018.566299999132752 ], [ -88196.823900000192225, -102010.68720000050962 ], [ -88200.897499999962747, -101988.161699999123812 ], [ -88201.03110000025481, -101987.42259999923408 ], [ -88201.450100000016391, -101985.106599999591708 ], [ -88256.212199999950826, -101682.366800000891089 ], [ -88259.30449999962002, -101665.272199999541044 ], [ -88262.343299999833107, -101648.473500000312924 ], [ -88264.405399999581277, -101648.857599999755621 ], [ -88267.265700000338256, -101649.410099999979138 ], [ -88355.174899999983609, -101662.791600000113249 ], [ -88424.922899999655783, -101674.902599999681115 ], [ -88434.329900000244379, -101676.535900000482798 ], [ -88514.60259999986738, -101690.472899999469519 ], [ -88533.504099999554455, -101693.754599999636412 ], [ -88710.99129999987781, -101728.057600000873208 ], [ -88879.279600000008941, -101758.180500000715256 ], [ -88981.474700000137091, -101783.923599999397993 ], [ -88985.597400000318885, -101784.962200000882149 ], [ -89033.77240000013262, -101800.731899999082088 ], [ -89082.71820000000298, -101816.753799999132752 ], [ -89121.236600000411272, -101833.484300000593066 ], [ -89181.452800000086427, -101858.072300000116229 ], [ -89258.534699999727309, -101889.547499999403954 ], [ -89428.167399999685585, -101970.847300000488758 ], [ -89430.361999999731779, -101971.899000000208616 ], [ -89432.98589999973774, -101973.296099999919534 ], [ -89440.378899999894202, -101977.232200000435114 ], [ -89449.064699999988079, -101981.856300000101328 ], [ -89451.010200000368059, -101982.892300000414252 ], [ -89452.943599999882281, -101978.976999999955297 ], [ -89685.981100000441074, -101507.068600000813603 ], [ -89714.899600000120699, -101448.507699999958277 ], [ -89727.099899999797344, -101429.808100000023842 ], [ -89729.590800000354648, -101421.807600000873208 ], [ -89732.787100000306964, -101411.541300000622869 ], [ -89737.00040000025183, -101398.008500000461936 ], [ -89737.372600000351667, -101395.268400000408292 ], [ -89738.100499999709427, -101389.908600000664592 ], [ -89740.621799999848008, -101370.675400000065565 ], [ -89740.800900000147521, -101369.308800000697374 ], [ -89743.301199999637902, -101354.608899999409914 ], [ -89757.760400000028312, -101331.324400000274181 ], [ -89776.801599999889731, -101315.709799999371171 ], [ -89798.101999999955297, -101288.910299999639392 ], [ -89811.115600000135601, -101272.566299999132752 ], [ -89873.503200000151992, -101194.212300000712276 ], [ -89893.803399999625981, -101174.412900000810623 ], [ -89932.082499999552965, -101143.191400000825524 ], [ -89933.403699999675155, -101142.113800000399351 ], [ -89935.457499999552965, -101138.593100000172853 ], [ -89938.303899999707937, -101133.713899999856949 ], [ -89948.203999999910593, -101120.914200000464916 ], [ -89958.604199999943376, -101107.314500000327826 ], [ -89974.904500000178814, -101087.214900000020862 ], [ -89999.604899999685585, -101055.515599999576807 ], [ -90004.90500000026077, -101048.315700000151992 ], [ -90020.405199999921024, -101027.516100000590086 ], [ -90049.6875, -100988.840900000184774 ], [ -90073.106100000441074, -100959.017599999904633 ], [ -90085.506299999542534, -100943.517899999395013 ], [ -90098.106499999761581, -100927.7182 ], [ -90097.306699999608099, -100918.818299999460578 ], [ -90097.606800000183284, -100910.818299999460578 ], [ -90101.307900000363588, -100852.11879999935627 ], [ -90104.708700000308454, -100803.619200000539422 ], [ -90106.315100000239909, -100774.025399999693036 ], [ -90106.619599999859929, -100768.416799999773502 ], [ -90106.809399999678135, -100764.91950000077486 ], [ -90107.404600000008941, -100746.870999999344349 ], [ -90110.539599999785423, -100651.801599999889731 ], [ -90110.611499999649823, -100649.620300000533462 ], [ -90103.012099999934435, -100621.920399999246001 ], [ -90098.198800000362098, -100622.123800000175834 ], [ -89934.654799999669194, -100629.034199999645352 ], [ -89919.203200000338256, -100629.687000000849366 ], [ -89912.374099999666214, -100630.022199999541044 ], [ -89864.223500000312924, -100632.385999999940395 ], [ -89855.091000000014901, -100632.385800000280142 ], [ -89810.153800000436604, -100632.384999999776483 ], [ -89780.41399999987334, -100632.384500000625849 ], [ -89772.552099999971688, -100632.541300000622869 ], [ -89735.354299999773502, -100633.283600000664592 ], [ -89681.284799999557436, -100626.082699999213219 ], [ -89678.462199999950826, -100625.992499999701977 ], [ -89629.0152000002563, -100624.411800000816584 ], [ -89598.571700000204146, -100616.134400000795722 ], [ -89563.236999999731779, -100606.527200000360608 ], [ -89526.661399999633431, -100596.582599999383092 ], [ -89477.777200000360608, -100583.291400000452995 ], [ -89424.313000000081956, -100568.754899999126792 ], [ -89384.418100000359118, -100557.907800000160933 ], [ -89260.353799999691546, -100514.98340000025928 ], [ -89245.030399999581277, -100509.681700000539422 ], [ -89240.504599999636412, -100508.115900000557303 ], [ -89230.544300000183284, -100504.669700000435114 ], [ -88835.439799999818206, -100367.326799999922514 ], [ -88832.363300000317395, -100366.265900000929832 ], [ -88752.79769999999553, -100338.833100000396371 ], [ -88625.495900000445545, -100294.941700000315905 ], [ -88549.167100000195205, -100268.624199999496341 ], [ -88545.186999999918044, -100267.251800000667572 ], [ -88535.159099999815226, -100263.794299999251962 ], [ -88528.496500000357628, -100261.448100000619888 ], [ -88508.719499999657273, -100254.483899999409914 ], [ -88491.731800000183284, -100247.144600000232458 ], [ -88450.611800000071526, -100229.373099999502301 ], [ -88434.777499999850988, -100222.529799999669194 ], [ -88355.361700000241399, -100188.210500000044703 ], [ -88257.199000000022352, -100153.978199999779463 ], [ -88247.841099999845028, -100150.714800000190735 ], [ -88242.049599999561906, -100148.696000000461936 ], [ -88112.337600000202656, -100113.462899999693036 ], [ -88023.963700000196695, -100089.458599999547005 ], [ -88004.735999999567866, -100084.23589999973774 ], [ -87990.671000000089407, -100081.343399999663234 ], [ -87951.078999999910593, -100073.201199999079108 ], [ -87913.630300000309944, -100065.499800000339746 ], [ -87887.927199999801815, -100060.233899999409914 ], [ -87852.53249999973923, -100052.959300000220537 ], [ -87818.387900000438094, -100045.942700000479817 ], [ -87715.068900000303984, -100029.280999999493361 ], [ -87707.910000000149012, -100028.585799999535084 ], [ -87654.193199999630451, -100023.369400000199676 ], [ -87653.295599999837577, -100023.282299999147654 ], [ -87595.079900000244379, -100017.628900000825524 ], [ -87443.440999999642372, -100012.6261 ], [ -87291.423999999649823, -100014.996400000527501 ], [ -87230.132399999536574, -100015.951199999079108 ], [ -87011.766800000332296, -100020.022199999541044 ], [ -86787.715900000184774, -100024.198799999430776 ], [ -86673.989599999971688, -100026.318800000473857 ], [ -86605.216400000266731, -100027.60080000013113 ], [ -86570.021599999628961, -100027.610200000926852 ], [ -86568.593000000342727, -100027.610500000417233 ], [ -86555.947499999776483, -100027.613900000229478 ], [ -86542.331899999640882, -100027.630400000140071 ], [ -86534.788399999961257, -100027.639499999582767 ], [ -86529.510300000198185, -100028.299399999901652 ], [ -86521.489599999971688, -100029.302300000563264 ], [ -86523.046000000089407, -100054.828099999576807 ], [ -86522.648400000296533, -100056.370100000873208 ], [ -86522.926900000311434, -100060.220100000500679 ], [ -86523.55530000012368, -100063.111600000411272 ], [ -86525.177600000053644, -100068.540599999949336 ], [ -86525.666400000452995, -100071.180400000885129 ], [ -86525.395600000396371, -100072.996500000357628 ], [ -86524.113599999807775, -100075.950699999928474 ], [ -86521.434299999848008, -100079.13880000077188 ], [ -86520.51410000026226, -100079.608899999409914 ], [ -86520.028500000014901, -100079.982999999076128 ], [ -86519.228000000119209, -100080.599899999797344 ], [ -86518.187400000169873, -100082.028300000354648 ], [ -86517.730000000447035, -100083.673800000920892 ], [ -86517.724100000225008, -100085.193199999630451 ], [ -86518.066899999976158, -100086.692900000140071 ], [ -86518.645299999974668, -100087.98369999974966 ], [ -86519.453999999910593, -100088.931700000539422 ], [ -86520.437599999830127, -100089.869000000879169 ], [ -86522.185600000433624, -100090.543899999931455 ], [ -86523.856700000353158, -100090.833200000226498 ], [ -86526.357900000177324, -100090.28690000064671 ], [ -86527.912999999709427, -100089.540400000289083 ], [ -86533.666899999603629, -100094.613199999555945 ], [ -86539.605299999937415, -100099.829600000753999 ], [ -86551.84320000000298, -100110.262299999594688 ], [ -86553.106100000441074, -100109.089900000020862 ], [ -86553.775799999944866, -100109.539799999445677 ], [ -86555.267799999564886, -100110.711100000888109 ], [ -86557.214200000278652, -100111.759899999946356 ], [ -86558.905199999921024, -100112.25139999948442 ], [ -86559.928899999707937, -100112.289899999275804 ], [ -86560.923700000159442, -100112.32740000076592 ], [ -86562.313699999824166, -100112.009899999946356 ], [ -86563.30559999961406, -100111.781999999657273 ], [ -86567.390100000426173, -100114.677300000563264 ], [ -86572.04660000000149, -100117.97829999960959 ], [ -86575.454900000244379, -100120.38990000076592 ], [ -86581.02280000038445, -100124.331199999898672 ], [ -86576.20299999974668, -100140.229399999603629 ], [ -86566.244599999859929, -100173.07120000012219 ], [ -86565.313900000415742, -100178.447399999946356 ], [ -86563.955000000074506, -100186.281099999323487 ], [ -86564.694099999964237, -100196.080399999395013 ], [ -86565.922399999573827, -100206.607400000095367 ], [ -86567.203099999576807, -100221.149800000712276 ], [ -86569.420699999667704, -100246.058700000867248 ], [ -86571.762699999846518, -100270.439500000327826 ], [ -86574.170699999667704, -100296.937899999320507 ], [ -86555.904299999587238, -100298.357400000095367 ], [ -86557.197300000116229, -100312.341600000858307 ], [ -86558.109400000423193, -100322.206399999558926 ], [ -86560.319899999536574, -100347.39780000038445 ], [ -86563.259800000116229, -100380.427999999374151 ], [ -86563.406499999575317, -100382.096400000154972 ], [ -86569.980299999937415, -100381.419800000265241 ], [ -86574.120799999684095, -100428.856000000610948 ], [ -86575.930399999953806, -100452.709899999201298 ], [ -86576.677099999971688, -100461.335200000554323 ], [ -86577.964399999938905, -100476.232300000265241 ], [ -86580.34499999973923, -100500.7820999994874 ], [ -86584.857900000177324, -100500.919700000435114 ], [ -86592.525799999944866, -100499.718299999833107 ], [ -86593.457700000144541, -100514.333699999377131 ], [ -86594.138899999670684, -100525.016699999570847 ], [ -86596.139000000432134, -100549.936599999666214 ], [ -86597.093500000424683, -100559.558599999174476 ], [ -86598.251899999566376, -100571.260600000619888 ], [ -86598.584999999962747, -100574.608500000089407 ], [ -86600.716500000096858, -100599.899299999698997 ], [ -86603.00690000038594, -100624.688699999824166 ], [ -86605.346599999815226, -100649.456599999219179 ], [ -86607.44550000037998, -100674.526699999347329 ], [ -86609.353699999861419, -100699.184299999848008 ], [ -86611.844700000248849, -100724.257699999958277 ], [ -86614.507799999788404, -100749.27930000051856 ], [ -86616.19550000037998, -100773.538200000301003 ], [ -86616.328099999576807, -100774.434699999168515 ], [ -86618.500799999572337, -100798.785299999639392 ], [ -86620.660299999639392, -100823.504699999466538 ], [ -86622.779500000178814, -100848.575400000438094 ], [ -86623.377399999648333, -100850.493400000035763 ], [ -86624.442999999970198, -100853.913699999451637 ], [ -86629.409900000318885, -100869.813400000333786 ], [ -86629.677899999544024, -100871.700500000268221 ], [ -86630.036799999885261, -100877.130499999970198 ], [ -86631.948200000450015, -100901.852800000458956 ], [ -86632.595900000073016, -100901.798900000751019 ], [ -86633.318300000391901, -100901.737400000914931 ], [ -86635.330400000326335, -100927.587799999862909 ], [ -86633.831799999810755, -100927.734600000083447 ], [ -86635.317099999636412, -100946.054500000551343 ], [ -86636.717199999839067, -100963.324999999254942 ], [ -86639.327100000344217, -100986.755699999630451 ], [ -86641.430200000293553, -101005.63429999910295 ], [ -86643.921500000171363, -101005.951400000602007 ], [ -86646.545800000429153, -101006.285399999469519 ], [ -86647.778599999845028, -101018.233899999409914 ], [ -86642.9375, -101024.165200000628829 ], [ -86644.769600000232458, -101047.595599999651313 ], [ -86647.292100000195205, -101074.091499999165535 ], [ -86649.978099999949336, -101099.753399999812245 ], [ -86650.802799999713898, -101111.390399999916553 ], [ -86651.834099999628961, -101125.94370000064373 ], [ -86653.72510000038892, -101150.943099999800324 ], [ -86654.122999999672174, -101162.743899999186397 ], [ -86655.383399999700487, -101177.043800000101328 ], [ -86656.254399999976158, -101186.93129999935627 ], [ -86656.546699999831617, -101189.383099999278784 ], [ -86657.089999999850988, -101196.32289999909699 ], [ -86657.557400000281632, -101201.719900000840425 ], [ -86657.801400000229478, -101211.3454 ], [ -86658.013000000268221, -101215.1554000005126 ], [ -86658.356800000183284, -101219.732699999585748 ], [ -86658.462600000202656, -101221.478900000452995 ], [ -86658.859400000423193, -101226.585400000214577 ], [ -86659.811700000427663, -101239.179500000551343 ], [ -86660.895899999886751, -101249.535199999809265 ], [ -86661.075799999758601, -101251.763499999418855 ], [ -86661.277800000272691, -101254.464700000360608 ], [ -86661.501500000245869, -101257.454600000753999 ], [ -86662.150000000372529, -101266.23960000090301 ], [ -86662.928299999795854, -101276.749399999156594 ], [ -86664.405500000342727, -101293.636399999260902 ], [ -86665.520700000226498, -101306.363099999725819 ], [ -86666.14089999999851, -101306.312400000169873 ], [ -86667.143400000408292, -101317.784099999815226 ], [ -86660.673499999567866, -101314.431900000199676 ], [ -86654.333100000396371, -101315.261499999091029 ], [ -86649.761699999682605, -101315.480900000780821 ], [ -86646.994300000369549, -101315.613600000739098 ], [ -86641.140100000426173, -101315.897399999201298 ], [ -86631.162299999967217, -101316.381100000813603 ], [ -86625.601599999703467, -101320.35080000013113 ], [ -86623.043100000359118, -101322.174599999561906 ], [ -86618.902700000442564, -101325.122300000861287 ], [ -86605.215099999681115, -101337.812400000169873 ], [ -86601.250900000333786, -101346.133300000801682 ], [ -86594.613199999555945, -101360.850600000470877 ], [ -86590.167000000365078, -101365.758400000631809 ], [ -86587.383100000210106, -101372.491399999707937 ], [ -86581.360399999655783, -101380.319199999794364 ], [ -86579.449500000104308, -101384.714800000190735 ], [ -86577.087600000202656, -101389.436599999666214 ], [ -86576.928600000217557, -101401.951400000602007 ], [ -86576.742999999783933, -101420.1546 ], [ -86576.583999999798834, -101437.299499999731779 ], [ -86578.0472999997437, -101447.243100000545382 ], [ -86578.224100000225008, -101448.542199999094009 ], [ -86579.588800000026822, -101454.494999999180436 ], [ -86578.240600000135601, -101456.570699999108911 ], [ -86577.855600000359118, -101458.287599999457598 ], [ -86577.664499999955297, -101461.107599999755621 ], [ -86576.358900000341237, -101462.380999999120831 ], [ -86574.690000000409782, -101463.380000000819564 ], [ -86574.458800000138581, -101466.182900000363588 ], [ -86574.669900000095367, -101480.67879999987781 ], [ -86573.871100000105798, -101483.590399999171495 ], [ -86573.071100000292063, -101484.440700000151992 ], [ -86571.192099999636412, -101485.301300000399351 ], [ -86570.147199999541044, -101485.67989999987185 ], [ -86569.019100000150502, -101486.088800000026822 ], [ -86567.952100000344217, -101486.345300000160933 ], [ -86566.799599999561906, -101486.622199999168515 ], [ -86563.50109999999404, -101487.902200000360608 ], [ -86561.628700000233948, -101488.682499999180436 ], [ -86560.390599999576807, -101489.990100000053644 ], [ -86559.632100000046194, -101491.791600000113249 ], [ -86555.685399999842048, -101492.479399999603629 ], [ -86549.379300000146031, -101493.671800000593066 ], [ -86550.135900000110269, -101498.946000000461936 ], [ -86551.69510000012815, -101508.187300000339746 ], [ -86555.513700000010431, -101507.703099999576807 ], [ -86557.714700000360608, -101513.885900000110269 ], [ -86553.889700000174344, -101515.149800000712276 ], [ -86549.511599999852479, -101518.327099999412894 ], [ -86551.733799999579787, -101530.180400000885129 ], [ -86552.619300000369549, -101534.229699999094009 ], [ -86561.250900000333786, -101537.292700000107288 ], [ -86558.849100000225008, -101544.699200000613928 ], [ -86562.118599999696016, -101545.807800000533462 ], [ -86565.442999999970198, -101546.744799999520183 ], [ -86570.159300000406802, -101549.041799999773502 ], [ -86572.458499999716878, -101543.604100000113249 ], [ -86573.428199999965727, -101541.310399999842048 ], [ -86580.127000000327826, -101541.909600000828505 ], [ -86587.551300000399351, -101542.74100000038743 ], [ -86591.863900000229478, -101542.624299999326468 ], [ -86598.840900000184774, -101535.749500000849366 ], [ -86601.399000000208616, -101532.843100000172853 ], [ -86602.937599999830127, -101531.612700000405312 ], [ -86604.639600000344217, -101530.699100000783801 ], [ -86608.248599999584258, -101529.169700000435114 ], [ -86615.348600000143051, -101525.960400000214577 ], [ -86617.300599999725819, -101525.542899999767542 ], [ -86617.927699999883771, -101525.319900000467896 ], [ -86620.307799999602139, -101524.459499999880791 ], [ -86622.839599999599159, -101523.542999999597669 ], [ -86628.18859999999404, -101521.040100000798702 ], [ -86631.450100000016391, -101518.762199999764562 ], [ -86637.021599999628961, -101516.702299999073148 ], [ -86637.82909999974072, -101516.281199999153614 ], [ -86638.750500000081956, -101515.799100000411272 ], [ -86642.004099999554455, -101513.604399999603629 ], [ -86643.799599999561906, -101511.811000000685453 ], [ -86644.001199999824166, -101514.080700000748038 ], [ -86671.117999999783933, -101510.584499999880791 ], [ -86682.960099999792874, -101521.124500000849366 ], [ -86682.82010000012815, -101524.902100000530481 ], [ -86683.248200000263751, -101528.630100000649691 ], [ -86684.298499999567866, -101532.001599999144673 ], [ -86685.777200000360608, -101535.0 ], [ -86688.186599999666214, -101538.121500000357628 ], [ -86691.397300000302494, -101540.351600000634789 ], [ -86695.857699999585748, -101541.862700000405312 ], [ -86682.906299999915063, -101541.840500000864267 ], [ -86676.960900000296533, -101541.906400000676513 ], [ -86667.217899999581277, -101542.014200000092387 ], [ -86655.130099999718368, -101543.192099999636412 ], [ -86650.590499999932945, -101544.549599999561906 ], [ -86646.690100000239909, -101546.560499999672174 ], [ -86644.778500000014901, -101547.541200000792742 ], [ -86639.11739999987185, -101553.771099999547005 ], [ -86633.738599999807775, -101560.728199999779463 ], [ -86632.39879999961704, -101563.49129999987781 ], [ -86631.986299999989569, -101564.349899999797344 ], [ -86629.928399999625981, -101571.523299999535084 ], [ -86629.817499999888241, -101577.879300000146031 ], [ -86630.169900000095367, -101582.602700000628829 ], [ -86631.078300000168383, -101587.888199999928474 ], [ -86632.458300000056624, -101592.189099999144673 ], [ -86634.418200000189245, -101595.840700000524521 ], [ -86639.418499999679625, -101601.961799999698997 ], [ -86639.248499999754131, -101604.401300000026822 ], [ -86668.707100000232458, -101615.281199999153614 ], [ -86669.985000000335276, -101619.230200000107288 ], [ -86671.546500000171363, -101624.069499999284744 ], [ -86677.219100000336766, -101624.058299999684095 ], [ -86679.373999999836087, -101624.051200000569224 ], [ -86684.017300000414252, -101624.036399999633431 ], [ -86685.098399999551475, -101648.994400000199676 ], [ -86686.046000000089407, -101670.870699999853969 ], [ -86687.31359999999404, -101671.790400000289083 ], [ -86699.216699999757111, -101680.421299999579787 ], [ -86699.451399999670684, -101682.814600000157952 ], [ -86701.675200000405312, -101705.451199999079108 ], [ -86702.151100000366569, -101709.647199999541044 ], [ -86702.545099999755621, -101713.121200000867248 ], [ -86705.245500000193715, -101743.120999999344349 ], [ -86706.594200000166893, -101758.11089999973774 ], [ -86713.400799999944866, -101832.05460000038147 ], [ -86714.483900000341237, -101846.953500000759959 ], [ -86714.764499999582767, -101850.45549999922514 ], [ -86715.4222999997437, -101858.660399999469519 ], [ -86706.510099999606609, -101859.812400000169873 ], [ -86704.306400000117719, -101860.097100000828505 ], [ -86706.952200000174344, -101922.39809999987483 ], [ -86707.010700000450015, -101923.769799999892712 ], [ -86740.791400000452995, -101923.114000000059605 ], [ -86773.390800000168383, -101922.481100000441074 ], [ -86775.309799999929965, -101922.638000000268221 ], [ -86859.732599999755621, -101929.542500000447035 ], [ -87073.575000000186265, -101961.294600000604987 ], [ -87074.181900000199676, -101961.384800000116229 ], [ -87088.807900000363588, -101963.556500000879169 ], [ -87187.807199999690056, -101969.858300000429153 ], [ -87244.006699999794364, -101974.359300000593066 ], [ -87297.006299999542534, -101977.960200000554323 ], [ -87355.405799999833107, -101982.36119999922812 ], [ -87486.104799999855459, -101991.663499999791384 ], [ -87502.436999999918044, -101993.226700000464916 ], [ -87507.004599999636412, -101993.663899999111891 ], [ -87517.504499999806285, -101995.26410000026226 ], [ -87556.304100000299513, -101999.064799999818206 ], [ -87557.487999999895692, -101999.003499999642372 ], [ -87579.503999999724329, -101997.865199999883771 ], [ -87662.503399999812245, -102002.666699999943376 ], [ -87704.603000000119209, -102004.86739999987185 ], [ -87755.402599999681115, -102008.968299999833107 ], [ -87785.186099999584258, -102008.48589999973774 ], [ -87823.470399999991059, -102007.86570000089705 ], [ -87916.458300000056624, -102006.359400000423193 ], [ -87929.911500000394881, -102006.141499999910593 ], [ -88003.450899999588728, -102011.732799999415874 ], [ -88014.947200000286102, -102011.918800000101328 ], [ -88015.877399999648333, -102011.95299999974668 ] ] ] ] } },
{ "type": "Feature", "properties": { "dtmnfr": "110655", "freguesia": "Areeiro", "municipio": "Lisboa", "distrito_ilha": "Lisboa", "nuts3": "Grande Lisboa", "nuts2": "Grande Lisboa", "nuts1": "Continente", "area_ha": 171.89, "perimetro_km": 6, "designacao_simplificada": "Areeiro" }, "geometry": { "type": "MultiPolygon", "coordinates": [ [ [ [ -85811.448200000450015, -102462.13990000076592 ], [ -85832.095999999903142, -102479.811200000345707 ], [ -85832.599000000394881, -102480.242599999532104 ], [ -85865.076299999840558, -102508.070599999278784 ], [ -85890.724799999967217, -102514.442800000309944 ], [ -85906.400200000032783, -102518.340399999171495 ], [ -85929.556699999608099, -102524.095300000160933 ], [ -85937.760099999606609, -102523.615499999374151 ], [ -85946.288099999539554, -102522.690700000151992 ], [ -85956.967199999839067, -102521.352900000289083 ], [ -85972.669800000265241, -102519.228800000622869 ], [ -85983.559899999760091, -102517.757200000807643 ], [ -86003.722699999809265, -102515.0320999994874 ], [ -86023.955400000326335, -102512.402100000530481 ], [ -86041.815399999730289, -102511.059399999678135 ], [ -86056.44440000038594, -102510.035599999129772 ], [ -86075.75719999987632, -102509.462799999862909 ], [ -86080.221499999985099, -102509.321000000461936 ], [ -86085.607499999925494, -102509.564699999988079 ], [ -86093.637500000186265, -102511.120200000703335 ], [ -86104.496399999596179, -102516.087400000542402 ], [ -86114.269299999810755, -102522.451500000432134 ], [ -86124.818199999630451, -102530.678600000217557 ], [ -86141.894999999552965, -102550.02280000038445 ], [ -86141.177699999883771, -102591.291500000283122 ], [ -86142.294999999925494, -102624.662299999967217 ], [ -86143.001899999566376, -102633.316199999302626 ], [ -86143.467600000090897, -102639.076999999582767 ], [ -86134.50870000012219, -102646.262000000104308 ], [ -86122.285600000061095, -102658.235700000077486 ], [ -86120.311900000087917, -102660.79619999974966 ], [ -86117.032399999909103, -102666.301599999889731 ], [ -86102.10219999961555, -102685.141200000420213 ], [ -86085.650500000454485, -102707.327299999073148 ], [ -86085.468399999663234, -102707.572799999266863 ], [ -86085.807000000029802, -102707.803400000557303 ], [ -86130.320299999788404, -102738.113900000229478 ], [ -86221.060200000181794, -102778.425599999725819 ], [ -86234.768699999898672, -102784.515399999916553 ], [ -86294.480200000107288, -102804.72690000012517 ], [ -86316.017699999734759, -102812.016699999570847 ], [ -86350.965300000272691, -102819.30629999935627 ], [ -86369.427099999971688, -102823.157299999147654 ], [ -86376.639000000432134, -102825.95920000039041 ], [ -86419.647099999710917, -102842.67820000089705 ], [ -86423.816399999894202, -102844.298499999567866 ], [ -86456.035500000230968, -102851.138499999418855 ], [ -86480.725300000049174, -102856.379399999976158 ], [ -86522.55379999987781, -102869.042099999263883 ], [ -86552.466500000096858, -102878.017000000923872 ], [ -86553.295400000177324, -102877.9693 ], [ -86577.924800000153482, -102876.521099999547005 ], [ -86579.795199999585748, -102876.641000000759959 ], [ -86593.534599999897182, -102877.521299999207258 ], [ -86600.126600000075996, -102878.259899999946356 ], [ -86601.275100000202656, -102878.386700000613928 ], [ -86602.053100000135601, -102878.472500000149012 ], [ -86603.644600000232458, -102878.651499999687076 ], [ -86656.451899999752641, -102882.191800000146031 ], [ -86779.693199999630451, -102890.453600000590086 ], [ -86935.682900000363588, -102900.825400000438094 ], [ -87014.99129999987781, -102906.098799999803305 ], [ -87061.612900000065565, -102909.198599999770522 ], [ -87242.541699999943376, -102921.226700000464916 ], [ -87244.589499999769032, -102921.362900000065565 ], [ -87242.038900000043213, -102955.142599999904633 ], [ -87241.716799999587238, -102974.292999999597669 ], [ -87241.67850000038743, -102976.572499999776483 ], [ -87244.588200000114739, -102988.552400000393391 ], [ -87249.677899999544024, -103005.982400000095367 ], [ -87258.75760000012815, -103016.882500000298023 ], [ -87260.628700000233948, -103018.120500000193715 ], [ -87284.557199999690056, -103033.952800000086427 ], [ -87298.716900000348687, -103043.45299999974668 ], [ -87326.356399999931455, -103061.203400000929832 ], [ -87382.605600000359118, -103085.864299999549985 ], [ -87406.295300000347197, -103091.784700000658631 ], [ -87472.424700000323355, -103096.715800000354648 ], [ -87689.569299999624491, -103102.640100000426173 ], [ -87689.971900000236928, -103100.050400000065565 ], [ -87704.477400000207126, -103006.765399999916553 ], [ -87716.791799999773502, -102927.572799999266863 ], [ -87727.476400000043213, -102858.860799999907613 ], [ -87741.868900000117719, -102766.302999999374151 ], [ -87749.769799999892712, -102716.993400000035763 ], [ -87755.685600000433624, -102678.554700000211596 ], [ -87754.688000000081956, -102678.18129999935627 ], [ -87709.301099999807775, -102661.763100000098348 ], [ -87738.912299999967217, -102580.884199999272823 ], [ -87833.816599999554455, -102392.590199999511242 ], [ -87844.340400000102818, -102371.710400000214577 ], [ -87846.329900000244379, -102367.763699999079108 ], [ -87878.006400000303984, -102304.918600000441074 ], [ -87930.018299999646842, -102180.640300000086427 ], [ -87978.382399999536574, -102067.969100000336766 ], [ -87981.028800000436604, -102061.829900000244379 ], [ -87988.893299999646842, -102050.568299999460578 ], [ -87997.313299999572337, -102038.517899999395013 ], [ -88005.049599999561906, -102027.44789999909699 ], [ -88007.399500000290573, -102024.084599999710917 ], [ -88012.38980000000447, -102016.942399999126792 ], [ -88015.877399999648333, -102011.95299999974668 ], [ -88014.947200000286102, -102011.918800000101328 ], [ -88003.450899999588728, -102011.732799999415874 ], [ -87929.911500000394881, -102006.141499999910593 ], [ -87916.458300000056624, -102006.359400000423193 ], [ -87823.470399999991059, -102007.86570000089705 ], [ -87785.186099999584258, -102008.48589999973774 ], [ -87755.402599999681115, -102008.968299999833107 ], [ -87704.603000000119209, -102004.86739999987185 ], [ -87662.503399999812245, -102002.666699999943376 ], [ -87579.503999999724329, -101997.865199999883771 ], [ -87557.487999999895692, -101999.003499999642372 ], [ -87556.304100000299513, -101999.064799999818206 ], [ -87517.504499999806285, -101995.26410000026226 ], [ -87507.004599999636412, -101993.663899999111891 ], [ -87502.436999999918044, -101993.226700000464916 ], [ -87486.104799999855459, -101991.663499999791384 ], [ -87355.405799999833107, -101982.36119999922812 ], [ -87297.006299999542534, -101977.960200000554323 ], [ -87244.006699999794364, -101974.359300000593066 ], [ -87187.807199999690056, -101969.858300000429153 ], [ -87088.807900000363588, -101963.556500000879169 ], [ -87074.181900000199676, -101961.384800000116229 ], [ -87073.575000000186265, -101961.294600000604987 ], [ -86859.732599999755621, -101929.542500000447035 ], [ -86775.309799999929965, -101922.638000000268221 ], [ -86773.390800000168383, -101922.481100000441074 ], [ -86740.791400000452995, -101923.114000000059605 ], [ -86707.010700000450015, -101923.769799999892712 ], [ -86706.952200000174344, -101922.39809999987483 ], [ -86704.306400000117719, -101860.097100000828505 ], [ -86706.510099999606609, -101859.812400000169873 ], [ -86715.4222999997437, -101858.660399999469519 ], [ -86714.764499999582767, -101850.45549999922514 ], [ -86714.483900000341237, -101846.953500000759959 ], [ -86713.400799999944866, -101832.05460000038147 ], [ -86706.594200000166893, -101758.11089999973774 ], [ -86705.245500000193715, -101743.120999999344349 ], [ -86702.545099999755621, -101713.121200000867248 ], [ -86702.151100000366569, -101709.647199999541044 ], [ -86701.675200000405312, -101705.451199999079108 ], [ -86699.451399999670684, -101682.814600000157952 ], [ -86699.216699999757111, -101680.421299999579787 ], [ -86687.31359999999404, -101671.790400000289083 ], [ -86686.046000000089407, -101670.870699999853969 ], [ -86685.098399999551475, -101648.994400000199676 ], [ -86684.017300000414252, -101624.036399999633431 ], [ -86679.373999999836087, -101624.051200000569224 ], [ -86677.219100000336766, -101624.058299999684095 ], [ -86671.546500000171363, -101624.069499999284744 ], [ -86668.268799999728799, -101623.8429000005126 ], [ -86666.826899999752641, -101623.731100000441074 ], [ -86658.736999999731779, -101625.43099999986589 ], [ -86655.395999999716878, -101626.842399999499321 ], [ -86652.516999999992549, -101628.060799999162555 ], [ -86647.057000000029802, -101630.880699999630451 ], [ -86638.966900000348687, -101635.400499999523163 ], [ -86629.366899999789894, -101641.990299999713898 ], [ -86621.456799999810755, -101648.200099999085069 ], [ -86614.866200000047684, -101655.349999999627471 ], [ -86608.836600000038743, -101663.249800000339746 ], [ -86602.066499999724329, -101672.2796 ], [ -86596.036299999803305, -101685.269899999722838 ], [ -86582.028500000014901, -101707.447499999776483 ], [ -86572.505800000391901, -101722.528799999505281 ], [ -86570.095700000412762, -101726.960699999704957 ], [ -86569.52379999961704, -101728.018400000408292 ], [ -86561.76549999974668, -101742.288899999111891 ], [ -86535.414900000207126, -101784.247700000181794 ], [ -86524.494599999859929, -101803.627299999818206 ], [ -86505.224200000055134, -101833.256799999624491 ], [ -86504.534199999645352, -101834.306800000369549 ], [ -86499.064100000075996, -101843.236600000411272 ], [ -86485.143799999728799, -101865.916200000792742 ], [ -86472.333399999886751, -101892.075799999758601 ], [ -86464.674200000241399, -101907.234999999403954 ], [ -86463.49309999961406, -101909.574999999254942 ], [ -86439.9527000002563, -101942.134899999946356 ], [ -86436.752600000239909, -101947.774800000712276 ], [ -86433.911500000394881, -101951.775699999183416 ], [ -86432.612499999813735, -101953.604599999263883 ], [ -86430.342000000178814, -101955.694599999114871 ], [ -86425.452499999664724, -101960.194499999284744 ], [ -86419.283400000073016, -101967.732799999415874 ], [ -86416.982300000265241, -101970.544199999421835 ], [ -86410.75069999974221, -101977.244599999859929 ], [ -86407.002199999988079, -101981.274000000208616 ], [ -86402.842899999581277, -101984.95160000026226 ], [ -86398.912100000306964, -101988.423800000920892 ], [ -86382.712000000290573, -102001.033399999141693 ], [ -86379.432500000111759, -102003.583300000056624 ], [ -86372.551900000311434, -102008.933199999853969 ], [ -86356.171799999661744, -102020.792799999937415 ], [ -86334.141499999910593, -102044.872199999168515 ], [ -86314.792899999767542, -102059.377299999818206 ], [ -86312.301900000311434, -102061.241699999198318 ], [ -86307.212700000032783, -102064.569599999114871 ], [ -86298.181300000287592, -102070.471400000154972 ], [ -86278.221099999733269, -102087.970899999141693 ], [ -86268.431099999696016, -102094.550699999555945 ], [ -86255.781700000166893, -102104.730399999767542 ], [ -86253.930900000035763, -102106.2204 ], [ -86217.220700000412762, -102133.319499999284744 ], [ -86202.720700000412762, -102141.409199999645352 ], [ -86180.32050000037998, -102155.708699999377131 ], [ -86171.378999999724329, -102160.860500000417233 ], [ -86154.520399999804795, -102170.578099999576807 ], [ -86137.010499999858439, -102176.037799999117851 ], [ -86123.460500000044703, -102179.417500000447035 ], [ -86122.678999999538064, -102179.638000000268221 ], [ -86116.120500000193715, -102181.487400000914931 ], [ -86105.760499999858439, -102186.757099999114871 ], [ -86100.352500000037253, -102189.595499999821186 ], [ -86098.230499999597669, -102190.707499999552965 ], [ -86082.258899999782443, -102200.865100000053644 ], [ -86051.160199999809265, -102220.635900000110269 ], [ -86031.592199999839067, -102234.545499999076128 ], [ -86000.699799999594688, -102262.594699999317527 ], [ -85981.869599999859929, -102279.714199999347329 ], [ -85936.117300000041723, -102316.225899999961257 ], [ -85899.78870000038296, -102358.942199999466538 ], [ -85889.808600000105798, -102372.111899999901652 ], [ -85885.019799999892712, -102379.003200000151992 ], [ -85883.149400000460446, -102381.699599999934435 ], [ -85881.387900000438094, -102384.239199999719858 ], [ -85870.598199999891222, -102399.77140000090003 ], [ -85843.067800000309944, -102429.95920000039041 ], [ -85833.698200000450015, -102440.230499999597669 ], [ -85830.306699999608099, -102443.570900000631809 ], [ -85827.807900000363588, -102446.030600000172853 ], [ -85811.448200000450015, -102462.13990000076592 ] ] ] ] } },
{ "type": "Feature", "properties": { "dtmnfr": "110656", "freguesia": "Arroios", "municipio": "Lisboa", "distrito_ilha": "Lisboa", "nuts3": "Grande Lisboa", "nuts2": "Grande Lisboa", "nuts1": "Continente", "area_ha": 212.78, "perimetro_km": 8, "designacao_simplificada": "Arroios" }, "geometry": { "type": "MultiPolygon", "coordinates": [ [ [ [ -86779.693199999630451, -102890.453600000590086 ], [ -86779.292700000107288, -102914.694499999284744 ], [ -86778.862300000153482, -102938.934299999848008 ], [ -86783.390100000426173, -103054.223600000143051 ], [ -86786.408300000242889, -103127.192700000479817 ], [ -86787.418100000359118, -103166.452899999916553 ], [ -86789.958100000396371, -103217.223099999129772 ], [ -86792.456199999898672, -103267.122300000861287 ], [ -86806.545800000429153, -103284.432499999180436 ], [ -86831.804800000041723, -103359.300499999895692 ], [ -86832.624200000427663, -103361.442399999126792 ], [ -86871.99210000038147, -103463.865100000053644 ], [ -86934.268699999898672, -103626.532500000670552 ], [ -86940.627399999648333, -103642.675000000745058 ], [ -86951.177799999713898, -103668.943600000813603 ], [ -86956.077600000426173, -103681.142500000074506 ], [ -86952.007799999788404, -103678.402799999341369 ], [ -86951.459300000220537, -103678.033800000324845 ], [ -86950.877700000070035, -103677.642400000244379 ], [ -86943.077800000086427, -103672.442299999296665 ], [ -86934.377999999560416, -103666.542199999094009 ], [ -86944.076799999922514, -103729.342000000178814 ], [ -86946.195299999788404, -103750.843699999153614 ], [ -86946.75650000013411, -103756.554099999368191 ], [ -86955.174499999731779, -103786.913599999621511 ], [ -86952.497000000439584, -103798.15059999935329 ], [ -86952.332499999552965, -103798.846799999475479 ], [ -86952.114199999719858, -103799.769500000402331 ], [ -86946.084999999962747, -103825.071299999952316 ], [ -86943.576299999840558, -103829.7204 ], [ -86930.993900000117719, -103853.04759999923408 ], [ -86930.119599999859929, -103852.921099999919534 ], [ -86926.171099999919534, -103850.551699999719858 ], [ -86922.175300000235438, -103848.152899999171495 ], [ -86921.4847999997437, -103847.74070000089705 ], [ -86920.594800000078976, -103847.920700000599027 ], [ -86914.364799999631941, -103849.21059999987483 ], [ -86903.034699999727309, -103861.030300000682473 ], [ -86887.274500000290573, -103876.289899999275804 ], [ -86885.644199999980628, -103877.469399999827147 ], [ -86875.174399999901652, -103885.03969999961555 ], [ -86868.086400000378489, -103888.587799999862909 ], [ -86865.104399999603629, -103890.0793999992311 ], [ -86852.784400000236928, -103892.049200000241399 ], [ -86840.964499999769032, -103892.049000000581145 ], [ -86828.644600000232458, -103890.808800000697374 ], [ -86811.974799999967217, -103887.338500000536442 ], [ -86806.414800000376999, -103887.338400000706315 ], [ -86799.264899999834597, -103888.67820000089705 ], [ -86794.358099999837577, -103890.495799999684095 ], [ -86788.744800000451505, -103894.997999999672174 ], [ -86784.804700000211596, -103903.867900000885129 ], [ -86775.444799999706447, -103930.447499999776483 ], [ -86773.011900000274181, -103936.00760000012815 ], [ -86772.734299999661744, -103936.636700000613928 ], [ -86771.994199999608099, -103938.326899999752641 ], [ -86741.272599999792874, -103936.466000000014901 ], [ -86739.484400000423193, -103936.356799999251962 ], [ -86737.023900000378489, -103963.436599999666214 ], [ -86733.083599999547005, -103984.616399999707937 ], [ -86728.643199999816716, -104005.286199999973178 ], [ -86718.302600000053644, -104046.1557 ], [ -86709.241899999789894, -104087.745300000533462 ], [ -86710.960699999704957, -104095.324899999424815 ], [ -86712.632399999536574, -104102.707399999722838 ], [ -86716.331199999898672, -104119.025200000032783 ], [ -86722.730299999937415, -104141.675200000405312 ], [ -86731.380199999548495, -104172.665100000798702 ], [ -86766.118599999696016, -104243.475299999117851 ], [ -86846.755199999548495, -104403.975600000470877 ], [ -86841.638899999670684, -104433.307099999859929 ], [ -86901.363400000147521, -104480.136099999770522 ], [ -86877.463200000114739, -104501.235500000417233 ], [ -86839.162800000049174, -104535.334599999710917 ], [ -86832.062800000421703, -104542.234400000423193 ], [ -86828.162700000219047, -104547.13429999910295 ], [ -86825.762699999846518, -104550.734300000593066 ], [ -86823.262600000016391, -104556.634199999272823 ], [ -86821.662499999627471, -104561.334100000560284 ], [ -86820.96239999961108, -104566.334100000560284 ], [ -86820.362300000153482, -104574.533999999985099 ], [ -86820.962100000120699, -104582.63399999961257 ], [ -86832.661199999973178, -104626.233899999409914 ], [ -86852.659599999897182, -104706.533700000494719 ], [ -86857.159300000406802, -104722.033700000494719 ], [ -86860.159199999645352, -104729.23369999974966 ], [ -86864.658999999985099, -104737.73369999974966 ], [ -86869.558899999596179, -104742.833799999207258 ], [ -86877.558699999935925, -104749.133899999782443 ], [ -86904.058199999853969, -104767.934200000017881 ], [ -86934.857599999755621, -104789.234600000083447 ], [ -86944.957399999722838, -104796.134800000116229 ], [ -86953.857200000435114, -104802.734899999573827 ], [ -86959.657100000418723, -104808.435000000521541 ], [ -86963.080599999986589, -104814.752199999988079 ], [ -86965.956799999810755, -104819.535000000149012 ], [ -86986.65610000025481, -104853.795099999755621 ], [ -86992.47580000013113, -104867.05519999936223 ], [ -86994.08490000013262, -104889.994999999180436 ], [ -86993.764499999582767, -104907.124900000169873 ], [ -86992.905500000342727, -104914.873099999502301 ], [ -86992.744099999777973, -104916.343499999493361 ], [ -86992.605999999679625, -104917.573200000450015 ], [ -86992.475599999539554, -104918.762599999085069 ], [ -87013.844800000078976, -104942.625900000333786 ], [ -87014.776200000196695, -104941.315300000831485 ], [ -87023.613800000399351, -104928.876700000837445 ], [ -87032.633200000040233, -104916.183800000697374 ], [ -87033.564799999818206, -104914.867200000211596 ], [ -87034.396999999880791, -104913.695199999958277 ], [ -87035.356300000101328, -104913.766699999570847 ], [ -87070.683899999596179, -104916.485999999567866 ], [ -87071.462600000202656, -104916.545499999076128 ], [ -87077.894500000402331, -104907.306399999186397 ], [ -87086.255300000309944, -104888.14670000039041 ], [ -87095.895200000144541, -104863.457100000232458 ], [ -87097.775299999862909, -104853.587200000882149 ], [ -87103.185899999924004, -104818.547499999403954 ], [ -87104.14809999987483, -104808.649599999189377 ], [ -87104.836500000208616, -104800.417500000447035 ], [ -87109.634499999694526, -104799.048200000077486 ], [ -87128.017500000074506, -104793.800400000065565 ], [ -87131.83559999987483, -104823.357499999925494 ], [ -87136.497200000099838, -104823.175799999386072 ], [ -87138.685200000181794, -104823.087899999693036 ], [ -87143.19550000037998, -104822.909299999475479 ], [ -87144.555100000463426, -104822.857100000604987 ], [ -87145.885700000450015, -104822.806399999186397 ], [ -87155.564600000157952, -104822.421299999579787 ], [ -87182.634100000374019, -104821.341900000348687 ], [ -87182.503899999894202, -104820.017200000584126 ], [ -87180.72510000038892, -104802.028799999505281 ], [ -87180.354399999603629, -104798.258300000801682 ], [ -87181.254900000058115, -104798.13880000077188 ], [ -87206.655500000342727, -104794.779400000348687 ], [ -87220.415599999949336, -104792.959799999371171 ], [ -87281.567200000397861, -104778.253399999812245 ], [ -87300.586099999956787, -104858.870100000873208 ], [ -87300.984199999831617, -104860.549900000914931 ], [ -87301.184799999929965, -104861.401900000870228 ], [ -87310.332999999634922, -104900.210699999704957 ], [ -87297.502799999900162, -104921.151799999177456 ], [ -87273.892199999652803, -104959.689600000157952 ], [ -87262.381000000052154, -104974.190300000831485 ], [ -87258.951999999582767, -104978.50929999910295 ], [ -87254.751799999736249, -104990.539100000634789 ], [ -87257.831500000320375, -105002.129100000485778 ], [ -87283.720599999651313, -105043.75929999910295 ], [ -87284.840499999932945, -105051.639200000092387 ], [ -87283.701399999670684, -105054.106699999421835 ], [ -87278.090200000442564, -105066.25899999961257 ], [ -87241.551799999549985, -105116.049100000411272 ], [ -87240.962700000032783, -105116.855399999767542 ], [ -87256.439299999736249, -105128.637700000777841 ], [ -87266.559100000187755, -105136.308299999684095 ], [ -87300.29839999973774, -105160.838800000026822 ], [ -87307.658300000242889, -105163.508899999782443 ], [ -87322.214399999938905, -105163.74070000089705 ], [ -87324.708100000396371, -105166.849199999123812 ], [ -87327.809899999760091, -105175.348200000822544 ], [ -87332.397699999623001, -105187.89919999986887 ], [ -87341.089100000448525, -105210.963800000026822 ], [ -87353.388100000098348, -105237.199799999594688 ], [ -87355.407999999821186, -105241.50870000012219 ], [ -87360.878299999982119, -105250.7818 ], [ -87362.945899999700487, -105254.337200000882149 ], [ -87376.462600000202656, -105279.033700000494719 ], [ -87389.895100000314415, -105305.519400000572205 ], [ -87397.895600000396371, -105317.830700000748038 ], [ -87402.924700000323355, -105325.569499999284744 ], [ -87404.738900000229478, -105326.865800000727177 ], [ -87407.944600000046194, -105326.569599999114871 ], [ -87410.636400000192225, -105325.02140000090003 ], [ -87411.465200000442564, -105324.548900000751019 ], [ -87414.985000000335276, -105324.11089999973774 ], [ -87427.233599999919534, -105327.179700000211596 ], [ -87433.266699999570847, -105328.690600000321865 ], [ -87434.234400000423193, -105332.740199999883771 ], [ -87435.066599999554455, -105337.290899999439716 ], [ -87435.480999999679625, -105339.540500000119209 ], [ -87435.943799999542534, -105341.740399999544024 ], [ -87469.627999999560416, -105340.866100000217557 ], [ -87472.123999999836087, -105340.600700000301003 ], [ -87477.499900000169873, -105340.986800000071526 ], [ -87484.522499999962747, -105341.36089999973774 ], [ -87488.183100000023842, -105341.558499999344349 ], [ -87486.502100000157952, -105331.620500000193715 ], [ -87486.211099999956787, -105328.248999999836087 ], [ -87485.876299999654293, -105324.371899999678135 ], [ -87484.834400000050664, -105312.201099999248981 ], [ -87487.504499999806285, -105303.181199999526143 ], [ -87493.524600000120699, -105296.50139999948442 ], [ -87496.675800000317395, -105292.243300000205636 ], [ -87499.766400000080466, -105290.13230000063777 ], [ -87504.595700000412762, -105286.232599999755621 ], [ -87506.564799999818206, -105283.801699999719858 ], [ -87507.51480000000447, -105282.311699999496341 ], [ -87519.884999999776483, -105263.0921 ], [ -87524.495199999772012, -105252.622199999168515 ], [ -87529.135300000198185, -105245.104000000283122 ], [ -87544.847400000318885, -105228.694599999114871 ], [ -87554.877299999818206, -105217.363399999216199 ], [ -87560.667799999937415, -105220.051899999380112 ], [ -87565.434600000269711, -105222.426300000399351 ], [ -87571.133600000292063, -105225.265300000086427 ], [ -87576.197499999776483, -105229.967299999669194 ], [ -87580.887000000104308, -105234.321699999272823 ], [ -87592.136300000362098, -105224.252100000157952 ], [ -87596.155299999751151, -105220.653699999675155 ], [ -87609.516699999570847, -105219.253000000491738 ], [ -87670.966099999845028, -105136.73340000025928 ], [ -87671.851300000213087, -105135.301699999719858 ], [ -87681.752299999818206, -105119.294099999591708 ], [ -87685.276700000278652, -105113.596100000664592 ], [ -87705.147099999710917, -105081.946699999272823 ], [ -87716.747399999760091, -105062.246999999508262 ], [ -87722.347500000149012, -105052.847200000658631 ], [ -87729.147699999623001, -105041.547399999573827 ], [ -87731.853000000119209, -105035.898199999704957 ], [ -87732.485100000165403, -105034.578400000929832 ], [ -87719.992200000211596, -105029.374800000339746 ], [ -87707.548100000247359, -105024.347100000828505 ], [ -87698.66330000013113, -105022.4057 ], [ -87696.277700000442564, -105021.884400000795722 ], [ -87695.648299999535084, -105021.746899999678135 ], [ -87688.065600000321865, -105019.793600000441074 ], [ -87677.967100000008941, -105017.192399999126792 ], [ -87675.848500000312924, -105016.646600000560284 ], [ -87674.480600000359118, -105016.284900000318885 ], [ -87658.448699999600649, -105012.046299999579787 ], [ -87653.646300000138581, -105009.370600000023842 ], [ -87651.448800000362098, -105008.146199999377131 ], [ -87618.550099999643862, -104947.546000000089407 ], [ -87602.553600000217557, -104942.637499999254942 ], [ -87601.95160000026226, -104942.452899999916553 ], [ -87621.881799999624491, -104894.273700000718236 ], [ -87623.941100000403821, -104889.296499999240041 ], [ -87628.212299999780953, -104878.044600000604987 ], [ -87646.021999999880791, -104831.127299999818206 ], [ -87645.631199999712408, -104830.644400000572205 ], [ -87629.003499999642372, -104810.099099999293685 ], [ -87597.503499999642372, -104771.176799999549985 ], [ -87596.144500000402331, -104767.110799999907613 ], [ -87595.370099999941885, -104763.71169999986887 ], [ -87609.841699999757111, -104763.0932 ], [ -87641.28249999973923, -104761.74970000050962 ], [ -87680.636400000192225, -104760.057900000363588 ], [ -87684.186099999584258, -104757.212500000372529 ], [ -87724.27350000012666, -104725.0793999992311 ], [ -87728.653500000014901, -104722.889499999582767 ], [ -87729.771999999880791, -104722.330000000074506 ], [ -87715.618400000035763, -104678.283600000664592 ], [ -87711.844600000418723, -104666.559599999338388 ], [ -87710.187699999660254, -104663.197599999606609 ], [ -87703.004999999888241, -104648.619500000029802 ], [ -87675.666100000031292, -104596.719399999827147 ], [ -87671.005599999800324, -104586.803400000557303 ], [ -87631.47759999986738, -104532.678999999538064 ], [ -87664.75760000012815, -104519.78969999961555 ], [ -87673.107499999925494, -104519.789899999275804 ], [ -87693.190700000151992, -104501.109400000423193 ], [ -87697.327800000086427, -104497.260500000789762 ], [ -87707.154900000430644, -104489.46169999986887 ], [ -87765.198300000280142, -104443.402100000530481 ], [ -87779.666799999773502, -104430.855200000107288 ], [ -87775.781600000336766, -104428.453400000929832 ], [ -87729.379800000227988, -104399.768200000748038 ], [ -87730.177600000053644, -104391.64780000038445 ], [ -87732.794900000095367, -104365.007999999448657 ], [ -87735.439399999566376, -104338.092199999839067 ], [ -87735.440399999730289, -104337.435000000521541 ], [ -87735.553999999538064, -104331.204700000584126 ], [ -87749.876000000163913, -104332.775200000032783 ], [ -87757.190299999900162, -104334.302699999883771 ], [ -87761.17960000038147, -104318.995799999684095 ], [ -87762.540699999779463, -104313.772900000214577 ], [ -87763.003200000151992, -104311.494999999180436 ], [ -87767.365799999795854, -104303.323200000450015 ], [ -87773.552600000053644, -104285.754000000655651 ], [ -87782.461199999786913, -104269.174799999222159 ], [ -87792.061499999836087, -104254.753799999132752 ], [ -87820.371700000017881, -104233.704500000923872 ], [ -87840.57149999961257, -104238.19480000063777 ], [ -87842.669700000435114, -104236.816600000485778 ], [ -87856.754499999806285, -104230.46309999935329 ], [ -87860.104600000195205, -104226.825300000607967 ], [ -87870.271999999880791, -104200.575600000098348 ], [ -87861.292500000447035, -104174.355599999427795 ], [ -87870.612800000235438, -104155.025900000706315 ], [ -87856.84360000025481, -104139.166400000452995 ], [ -87854.743800000287592, -104136.748299999162555 ], [ -87846.783200000412762, -104141.011600000783801 ], [ -87845.753200000151992, -104141.565600000321865 ], [ -87843.423299999907613, -104142.055500000715256 ], [ -87832.63329999987036, -104144.325300000607967 ], [ -87830.233300000429153, -104144.08530000038445 ], [ -87829.033300000242889, -104143.965199999511242 ], [ -87808.857699999585748, -104129.759500000625849 ], [ -87820.030899999663234, -104112.555299999192357 ], [ -87842.384399999864399, -104078.135900000110269 ], [ -87844.884200000204146, -104074.492799999192357 ], [ -87901.405199999921024, -103992.121700000017881 ], [ -87910.595800000242889, -103978.727800000458956 ], [ -87985.109400000423193, -103872.999800000339746 ], [ -88000.684500000439584, -103849.663599999621511 ], [ -88009.882399999536574, -103854.513100000098348 ], [ -88019.456799999810755, -103859.556500000879169 ], [ -88070.916699999943376, -103869.691500000655651 ], [ -88134.492300000041723, -103880.370200000703335 ], [ -88146.616499999538064, -103885.668999999761581 ], [ -88167.825600000098348, -103894.944099999964237 ], [ -88198.175400000065565, -103892.92369999922812 ], [ -88199.07039999961853, -103892.864199999719858 ], [ -88200.549800000153482, -103893.063699999824166 ], [ -88206.203200000338256, -103893.825999999418855 ], [ -88218.357699999585748, -103895.463999999687076 ], [ -88232.372600000351667, -103895.464299999177456 ], [ -88244.528900000266731, -103890.13289999961853 ], [ -88245.389899999834597, -103889.755200000479817 ], [ -88253.568199999630451, -103875.662200000137091 ], [ -88263.495600000023842, -103858.555099999532104 ], [ -88192.722699999809265, -103713.9068 ], [ -88102.552600000053644, -103529.614399999380112 ], [ -88026.879900000058115, -103378.001000000163913 ], [ -87969.697399999946356, -103263.433800000697374 ], [ -87995.781000000424683, -103107.87529999949038 ], [ -87852.447700000368059, -103107.58669999986887 ], [ -87845.49199999962002, -103107.572499999776483 ], [ -87792.886400000192225, -103105.908600000664592 ], [ -87689.569299999624491, -103102.640100000426173 ], [ -87472.424700000323355, -103096.715800000354648 ], [ -87406.295300000347197, -103091.784700000658631 ], [ -87382.605600000359118, -103085.864299999549985 ], [ -87326.356399999931455, -103061.203400000929832 ], [ -87298.716900000348687, -103043.45299999974668 ], [ -87284.557199999690056, -103033.952800000086427 ], [ -87260.628700000233948, -103018.120500000193715 ], [ -87258.75760000012815, -103016.882500000298023 ], [ -87249.677899999544024, -103005.982400000095367 ], [ -87244.588200000114739, -102988.552400000393391 ], [ -87241.67850000038743, -102976.572499999776483 ], [ -87241.716799999587238, -102974.292999999597669 ], [ -87242.038900000043213, -102955.142599999904633 ], [ -87244.589499999769032, -102921.362900000065565 ], [ -87242.541699999943376, -102921.226700000464916 ], [ -87061.612900000065565, -102909.198599999770522 ], [ -87014.99129999987781, -102906.098799999803305 ], [ -86935.682900000363588, -102900.825400000438094 ], [ -86779.693199999630451, -102890.453600000590086 ] ] ] ] } },
{ "type": "Feature", "properties": { "dtmnfr": "110657", "freguesia": "Avenidas Novas", "municipio": "Lisboa", "distrito_ilha": "Lisboa", "nuts3": "Grande Lisboa", "nuts2": "Grande Lisboa", "nuts1": "Continente", "area_ha": 299.45, "perimetro_km": 9, "designacao_simplificada": "Avenidas Novas" }, "geometry": { "type": "MultiPolygon", "coordinates": [ [ [ [ -89451.010200000368059, -101982.892300000414252 ], [ -89449.064699999988079, -101981.856300000101328 ], [ -89440.378899999894202, -101977.232200000435114 ], [ -89432.98589999973774, -101973.296099999919534 ], [ -89430.361999999731779, -101971.899000000208616 ], [ -89428.167399999685585, -101970.847300000488758 ], [ -89258.534699999727309, -101889.547499999403954 ], [ -89181.452800000086427, -101858.072300000116229 ], [ -89121.236600000411272, -101833.484300000593066 ], [ -89082.71820000000298, -101816.753799999132752 ], [ -89033.77240000013262, -101800.731899999082088 ], [ -88985.597400000318885, -101784.962200000882149 ], [ -88981.474700000137091, -101783.923599999397993 ], [ -88879.279600000008941, -101758.180500000715256 ], [ -88710.99129999987781, -101728.057600000873208 ], [ -88533.504099999554455, -101693.754599999636412 ], [ -88514.60259999986738, -101690.472899999469519 ], [ -88434.329900000244379, -101676.535900000482798 ], [ -88424.922899999655783, -101674.902599999681115 ], [ -88355.174899999983609, -101662.791600000113249 ], [ -88267.265700000338256, -101649.410099999979138 ], [ -88264.405399999581277, -101648.857599999755621 ], [ -88262.343299999833107, -101648.473500000312924 ], [ -88259.30449999962002, -101665.272199999541044 ], [ -88256.212199999950826, -101682.366800000891089 ], [ -88201.450100000016391, -101985.106599999591708 ], [ -88201.03110000025481, -101987.42259999923408 ], [ -88200.897499999962747, -101988.161699999123812 ], [ -88196.823900000192225, -102010.68720000050962 ], [ -88195.399000000208616, -102018.566299999132752 ], [ -88191.168899999931455, -102051.856000000610948 ], [ -88088.974899999797344, -102028.592800000682473 ], [ -88015.877399999648333, -102011.95299999974668 ], [ -88012.38980000000447, -102016.942399999126792 ], [ -88007.399500000290573, -102024.084599999710917 ], [ -88005.049599999561906, -102027.44789999909699 ], [ -87997.313299999572337, -102038.517899999395013 ], [ -87988.893299999646842, -102050.568299999460578 ], [ -87981.028800000436604, -102061.829900000244379 ], [ -87978.382399999536574, -102067.969100000336766 ], [ -87930.018299999646842, -102180.640300000086427 ], [ -87878.006400000303984, -102304.918600000441074 ], [ -87846.329900000244379, -102367.763699999079108 ], [ -87844.340400000102818, -102371.710400000214577 ], [ -87833.816599999554455, -102392.590199999511242 ], [ -87738.912299999967217, -102580.884199999272823 ], [ -87709.301099999807775, -102661.763100000098348 ], [ -87754.688000000081956, -102678.18129999935627 ], [ -87755.685600000433624, -102678.554700000211596 ], [ -87749.769799999892712, -102716.993400000035763 ], [ -87741.868900000117719, -102766.302999999374151 ], [ -87727.476400000043213, -102858.860799999907613 ], [ -87716.791799999773502, -102927.572799999266863 ], [ -87704.477400000207126, -103006.765399999916553 ], [ -87689.971900000236928, -103100.050400000065565 ], [ -87689.569299999624491, -103102.640100000426173 ], [ -87792.886400000192225, -103105.908600000664592 ], [ -87845.49199999962002, -103107.572499999776483 ], [ -87852.447700000368059, -103107.58669999986887 ], [ -87995.781000000424683, -103107.87529999949038 ], [ -87969.697399999946356, -103263.433800000697374 ], [ -88026.879900000058115, -103378.001000000163913 ], [ -88102.552600000053644, -103529.614399999380112 ], [ -88192.722699999809265, -103713.9068 ], [ -88263.495600000023842, -103858.555099999532104 ], [ -88263.853400000371039, -103859.286100000143051 ], [ -88272.0152000002563, -103875.955099999904633 ], [ -88383.721699999645352, -104101.184900000691414 ], [ -88391.153400000184774, -104116.168999999761581 ], [ -88432.669200000353158, -104199.875800000503659 ], [ -88443.840499999932945, -104200.623199999332428 ], [ -88523.658099999651313, -104205.96309999935329 ], [ -88525.143400000408292, -104206.0625 ], [ -88737.110799999907613, -104220.241800000891089 ], [ -88738.022099999710917, -104220.30350000038743 ], [ -88754.618800000287592, -104221.42820000089705 ], [ -88960.812699999660254, -104235.394200000911951 ], [ -88985.193900000303984, -104237.0456000007689 ], [ -88989.466000000014901, -104233.476500000804663 ], [ -89041.174300000071526, -104190.277000000700355 ], [ -89117.282700000330806, -104086.380100000649691 ], [ -89259.328300000168383, -103892.472899999469519 ], [ -89271.604700000025332, -103875.652499999850988 ], [ -89296.775500000454485, -103841.113500000908971 ], [ -89285.52379999961704, -103831.169199999421835 ], [ -89216.122899999842048, -103769.831000000238419 ], [ -89057.074400000274181, -103629.260999999940395 ], [ -88898.588200000114739, -103488.399000000208616 ], [ -89045.547799999825656, -103339.130799999460578 ], [ -89046.8125, -103337.846799999475479 ], [ -89047.249800000339746, -103337.402699999511242 ], [ -89154.907800000160933, -103232.667500000447035 ], [ -89213.353699999861419, -103262.490100000053644 ], [ -89223.518600000068545, -103240.439799999818206 ], [ -89207.739400000311434, -103187.205099999904633 ], [ -89182.072900000028312, -103187.584899999201298 ], [ -89160.589300000108778, -103170.473500000312924 ], [ -89155.456399999558926, -103148.419199999421835 ], [ -89138.026899999938905, -103153.135700000450015 ], [ -89137.472500000149012, -103153.285700000822544 ], [ -89098.605100000277162, -103025.755899999290705 ], [ -89082.296000000089407, -102985.29590000025928 ], [ -89104.046000000089407, -102972.006300000473857 ], [ -89079.892699999734759, -102931.525699999183416 ], [ -89086.701999999582767, -102926.986300000920892 ], [ -89088.936999999918044, -102925.496400000527501 ], [ -89064.050499999895692, -102877.337500000372529 ], [ -89043.012699999846518, -102868.123199999332428 ], [ -88974.803399999625981, -102840.24100000038743 ], [ -88973.537299999967217, -102839.723400000482798 ], [ -89051.38219999987632, -102730.499800000339746 ], [ -89085.214300000108778, -102683.029999999329448 ], [ -89065.769100000150502, -102672.770400000736117 ], [ -89161.259499999694526, -102508.96199999935925 ], [ -89175.517199999652803, -102484.562699999660254 ], [ -89182.132000000216067, -102473.242000000551343 ], [ -89187.936099999584258, -102461.324799999594688 ], [ -89188.901800000108778, -102459.341499999165535 ], [ -89189.718399999663234, -102457.664899999275804 ], [ -89296.66399999987334, -102463.91330000013113 ], [ -89434.253100000321865, -102463.91579999960959 ], [ -89467.272900000214577, -102461.556399999186397 ], [ -89474.743999999947846, -102457.02419999986887 ], [ -89476.449300000444055, -102455.989700000733137 ], [ -89479.637699999846518, -102454.055500000715256 ], [ -89527.423100000247359, -102425.067700000479817 ], [ -89529.002799999900162, -102423.886600000783801 ], [ -89547.691499999724329, -102409.913799999281764 ], [ -89796.181900000199676, -102224.127599999308586 ], [ -89829.56319999974221, -102199.169800000265241 ], [ -89841.08530000038445, -102190.554999999701977 ], [ -89451.010200000368059, -101982.892300000414252 ] ] ] ] } },
{ "type": "Feature", "properties": { "dtmnfr": "110658", "freguesia": "Belém", "municipio": "Lisboa", "distrito_ilha": "Lisboa", "nuts3": "Grande Lisboa", "nuts2": "Grande Lisboa", "nuts1": "Continente", "area_ha": 1042.76, "perimetro_km": 16, "designacao_simplificada": "Belém" }, "geometry": { "type": "MultiPolygon", "coordinates": [ [ [ [ -93606.016200000420213, -104764.686000000685453 ], [ -93591.622499999590218, -104805.775000000372529 ], [ -93563.831600000150502, -104867.354599999263883 ], [ -93523.170699999667704, -104934.023399999365211 ], [ -93475.959800000302494, -104998.80210000090301 ], [ -93417.158800000324845, -105074.130499999970198 ], [ -93384.558299999684095, -105117.939600000157952 ], [ -93377.199900000356138, -105127.040999999269843 ], [ -93367.417999999597669, -105139.14919999986887 ], [ -93345.927699999883771, -105163.538599999621511 ], [ -93281.506799999624491, -105236.246899999678135 ], [ -93298.50650000013411, -105246.947200000286102 ], [ -93301.306400000117719, -105249.247199999168515 ], [ -93305.306300000287592, -105254.947200000286102 ], [ -93331.415199999697506, -105304.057399999350309 ], [ -93333.00650000013411, -105306.845899999141693 ], [ -93335.774299999698997, -105311.69620000012219 ], [ -93343.035600000061095, -105307.723500000312924 ], [ -93347.478600000031292, -105305.404200000688434 ], [ -93359.80449999962002, -105298.346899999305606 ], [ -93361.86629999987781, -105301.99970000050962 ], [ -93365.619900000281632, -105308.671599999070168 ], [ -93414.93099999986589, -105396.319299999624491 ], [ -93411.784300000406802, -105398.523299999535084 ], [ -93405.370699999853969, -105402.334799999371171 ], [ -93398.820199999958277, -105406.30599999986589 ], [ -93392.342000000178814, -105409.426999999210238 ], [ -93390.442900000140071, -105410.437699999660254 ], [ -93399.752500000409782, -105427.407800000160933 ], [ -93404.694099999964237, -105430.186599999666214 ], [ -93405.392900000326335, -105430.577600000426173 ], [ -93413.011800000444055, -105434.857999999076128 ], [ -93448.831299999728799, -105475.008400000631809 ], [ -93455.041199999861419, -105478.328500000759959 ], [ -93457.808699999935925, -105476.414000000804663 ], [ -93471.938900000415742, -105468.999299999326468 ], [ -93473.881299999542534, -105467.978900000452995 ], [ -93477.082799999974668, -105465.780899999663234 ], [ -93523.005800000391901, -105433.999900000169873 ], [ -93527.494199999608099, -105440.043500000610948 ], [ -93531.538499999791384, -105445.662000000476837 ], [ -93544.003100000321865, -105437.729000000283122 ], [ -93546.5472999997437, -105436.11460000090301 ], [ -93551.06180000025779, -105433.279999999329448 ], [ -93552.673200000077486, -105432.258300000801682 ], [ -93553.266099999658763, -105433.118400000035763 ], [ -93553.708899999968708, -105433.760700000450015 ], [ -93564.970999999903142, -105450.190600000321865 ], [ -93568.43099999986589, -105449.400699999183416 ], [ -93574.863499999977648, -105458.457000000402331 ], [ -93576.630699999630451, -105461.023499999195337 ], [ -93592.08559999987483, -105449.85840000025928 ], [ -93594.488800000399351, -105448.122300000861287 ], [ -93595.720800000242889, -105449.781199999153614 ], [ -93600.829499999992549, -105456.680099999532104 ], [ -93603.399100000038743, -105460.143100000917912 ], [ -93615.537399999797344, -105476.524000000208616 ], [ -93623.271399999968708, -105486.960999999195337 ], [ -93635.306900000199676, -105504.509600000455976 ], [ -93638.489299999549985, -105509.449699999764562 ], [ -93639.761400000192225, -105511.423100000247359 ], [ -93642.359400000423193, -105515.451899999752641 ], [ -93649.71100000012666, -105526.860700000077486 ], [ -93651.22690000012517, -105532.339900000020862 ], [ -93651.809500000439584, -105534.459599999710917 ], [ -93652.481499999761581, -105537.041600000113249 ], [ -93653.038800000213087, -105541.411599999293685 ], [ -93653.828700000420213, -105545.521600000560284 ], [ -93654.600300000049174, -105549.831499999389052 ], [ -93655.878499999642372, -105556.941600000485778 ], [ -93657.00829999987036, -105564.951500000432134 ], [ -93657.778199999593198, -105570.471499999985099 ], [ -93658.108199999667704, -105571.911499999463558 ], [ -93656.599700000137091, -105572.209499999880791 ], [ -93655.308199999853969, -105572.461500000208616 ], [ -93655.427500000223517, -105573.211799999698997 ], [ -93659.597699999809265, -105599.551400000229478 ], [ -93661.00690000038594, -105605.983200000599027 ], [ -93662.047399999573827, -105610.74129999987781 ], [ -93664.387199999764562, -105621.301300000399351 ], [ -93666.326999999582767, -105634.851199999451637 ], [ -93670.066599999554455, -105654.57120000012219 ], [ -93673.436300000175834, -105666.991100000217557 ], [ -93667.706399999558926, -105667.151000000536442 ], [ -93659.556400000117719, -105667.440899999812245 ], [ -93651.106499999761581, -105667.910700000822544 ], [ -93645.50650000013411, -105668.350600000470877 ], [ -93637.676500000059605, -105668.960500000044703 ], [ -93633.306599999777973, -105669.490399999544024 ], [ -93625.116600000299513, -105670.380200000479817 ], [ -93620.406600000336766, -105670.830199999734759 ], [ -93610.106700000353158, -105671.849999999627471 ], [ -93604.496700000017881, -105672.42989999987185 ], [ -93597.496700000017881, -105673.049699999392033 ], [ -93580.796799999661744, -105673.859400000423193 ], [ -93557.207000000402331, -105674.309000000357628 ], [ -93536.917100000195205, -105674.148600000888109 ], [ -93521.027200000360608, -105673.97829999960959 ], [ -93510.0472999997437, -105673.978099999949336 ], [ -93504.907300000078976, -105673.997999999672174 ], [ -93500.86739999987185, -105674.448000000789762 ], [ -93498.137400000356138, -105674.94789999909699 ], [ -93489.847400000318885, -105676.447699999436736 ], [ -93482.58739999961108, -105677.907600000500679 ], [ -93480.967400000430644, -105678.25760000012815 ], [ -93474.748999999836087, -105680.758300000801682 ], [ -93462.007399999536574, -105685.887199999764562 ], [ -93452.977800000458956, -105689.828999999910593 ], [ -93448.637400000356138, -105691.72690000012517 ], [ -93451.537200000137091, -105701.666899999603629 ], [ -93452.547100000083447, -105705.716900000348687 ], [ -93452.657100000418723, -105709.306900000199676 ], [ -93452.246100000105798, -105711.388699999079108 ], [ -93451.986999999731779, -105712.69679999910295 ], [ -93451.087000000290573, -105714.256799999624491 ], [ -93449.746899999678135, -105716.276799999177456 ], [ -93445.146900000050664, -105720.776599999517202 ], [ -93419.889200000092387, -105740.5152000002563 ], [ -93384.536500000394881, -105766.275200000032783 ], [ -93354.626199999824166, -105790.971999999135733 ], [ -93353.801199999637902, -105791.644999999552965 ], [ -93349.878200000151992, -105794.836300000548363 ], [ -93324.417000000365078, -105796.245799999684095 ], [ -93302.086500000208616, -105796.24349999986589 ], [ -93267.846499999985099, -105798.553300000727177 ], [ -93263.386300000362098, -105798.853800000622869 ], [ -93211.651499999687076, -105965.330000000074506 ], [ -93200.653500000014901, -106000.71030000038445 ], [ -93203.363400000147521, -106004.560300000011921 ], [ -93203.753399999812245, -106005.171000000089407 ], [ -93205.513299999758601, -106007.930299999192357 ], [ -93207.013199999928474, -106010.5304000005126 ], [ -93211.27309999987483, -106014.170399999246001 ], [ -93215.013000000268221, -106020.810399999842048 ], [ -93217.912899999879301, -106027.450400000438094 ], [ -93219.572800000198185, -106032.430400000885129 ], [ -93220.402599999681115, -106040.730399999767542 ], [ -93221.234000000171363, -106046.909700000658631 ], [ -93220.402400000020862, -106053.180299999192357 ], [ -93219.572200000286102, -106060.240199999883771 ], [ -93217.882100000046194, -106066.510199999436736 ], [ -93217.292100000195205, -106070.460100000724196 ], [ -93216.731999999843538, -106073.420099999755621 ], [ -93215.832000000402331, -106077.310100000351667 ], [ -93215.051900000311434, -106080.21000000089407 ], [ -93213.861899999901652, -106084.029999999329448 ], [ -93212.511800000444055, -106087.789899999275804 ], [ -93210.981700000353158, -106091.499900000169873 ], [ -93183.450600000098348, -106166.478900000452995 ], [ -93182.526800000108778, -106166.172100000083447 ], [ -93181.689600000157952, -106165.891000000759959 ], [ -93075.602800000458956, -106130.596300000324845 ], [ -93040.246899999678135, -106118.831599999219179 ], [ -93024.741600000299513, -106113.671499999240041 ], [ -93024.481100000441074, -106114.894799999892712 ], [ -93020.599499999545515, -106154.83559999987483 ], [ -93020.514200000092387, -106155.679099999368191 ], [ -93017.531299999915063, -106186.375700000673532 ], [ -93017.271800000220537, -106188.7972999997437 ], [ -93007.000099999830127, -106284.834899999201298 ], [ -93005.907700000330806, -106291.404899999499321 ], [ -93005.499400000087917, -106293.844799999147654 ], [ -93003.239099999889731, -106314.894600000232458 ], [ -93005.478199999779463, -106351.152300000190735 ], [ -93005.638399999588728, -106353.742000000551343 ], [ -93008.867300000041723, -106413.155500000342727 ], [ -93009.805200000293553, -106430.38230000063777 ], [ -93010.756599999964237, -106447.913799999281764 ], [ -93012.57799999974668, -106481.195599999278784 ], [ -93015.83490000013262, -106540.60329999960959 ], [ -93017.120900000445545, -106582.841399999335408 ], [ -93019.13289999961853, -106648.88260000012815 ], [ -93021.561300000175834, -106681.82039999961853 ], [ -93023.541799999773502, -106708.702299999073148 ], [ -93022.854100000113249, -106718.931700000539422 ], [ -93022.046299999579787, -106731.013100000098348 ], [ -93030.300699999555945, -106766.572000000625849 ], [ -92976.211199999786913, -106787.929400000721216 ], [ -92969.390700000338256, -106790.620799999684095 ], [ -92963.009700000286102, -106793.050599999725819 ], [ -92906.220700000412762, -106814.66950000077486 ], [ -92899.399600000120699, -106822.617799999192357 ], [ -92897.190499999560416, -106825.189200000837445 ], [ -92887.620000000111759, -106829.399000000208616 ], [ -92884.799499999731779, -106830.639499999582767 ], [ -92878.39049999974668, -106833.458799999207258 ], [ -92850.180499999783933, -106843.538200000301003 ], [ -92807.601599999703467, -106855.85840000025928 ], [ -92795.27280000038445, -106859.426500000059605 ], [ -92792.747000000439584, -106840.119000000879169 ], [ -92791.329699999652803, -106829.285800000652671 ], [ -92774.523599999956787, -106700.807800000533462 ], [ -92774.000900000333786, -106693.566199999302626 ], [ -92734.003700000233948, -106710.947000000625849 ], [ -92693.753600000403821, -106729.685699999332428 ], [ -92679.103600000031292, -106736.505899999290705 ], [ -92672.663599999621511, -106737.43720000050962 ], [ -92658.73369999974966, -106739.45549999922514 ], [ -92539.294300000183284, -106749.953199999406934 ], [ -92526.433799999766052, -106782.342800000682473 ], [ -92485.582000000402331, -106896.621300000697374 ], [ -92346.653300000354648, -106849.529100000858307 ], [ -92316.42200000025332, -106839.286399999633431 ], [ -92313.013100000098348, -106838.129599999636412 ], [ -92284.914099999703467, -106882.022399999201298 ], [ -92261.031700000166893, -106914.447699999436736 ], [ -92259.604299999773502, -106913.488500000908971 ], [ -92234.772300000302494, -106896.758300000801682 ], [ -92233.463700000196695, -106898.676699999719858 ], [ -92172.892400000244379, -106987.794999999925494 ], [ -92161.832200000062585, -107004.424599999561906 ], [ -92120.721300000324845, -107072.053400000557303 ], [ -92046.569600000046194, -107193.49129999987781 ], [ -91972.730299999937415, -107180.939999999478459 ], [ -91877.601300000213087, -107159.348400000482798 ], [ -91855.111600000411272, -107153.068099999800324 ], [ -91852.781600000336766, -107152.417999999597669 ], [ -91775.572499999776483, -107130.846799999475479 ], [ -91774.622399999760091, -107134.706700000911951 ], [ -91741.960199999623001, -107268.5152000002563 ], [ -91730.619400000199676, -107319.384700000286102 ], [ -91727.748300000093877, -107332.116499999538064 ], [ -91598.519600000232458, -107905.188300000503659 ], [ -91880.336199999786913, -107990.962899999693036 ], [ -92457.778800000436604, -108185.42200000025332 ], [ -93058.785000000149012, -108721.639299999922514 ], [ -93512.486800000071526, -109004.475700000301003 ], [ -94729.257100000046194, -109086.007200000807643 ], [ -95412.771599999628961, -109141.019200000911951 ], [ -96135.311999999918044, -108849.0943 ], [ -95467.887400000356138, -107581.255699999630451 ], [ -95430.638299999758601, -107506.974099999293685 ], [ -95426.94539999961853, -107502.120600000023842 ], [ -95393.282800000160933, -107457.269400000572205 ], [ -95395.092899999581277, -107455.958200000226498 ], [ -95398.142900000326335, -107453.688400000333786 ], [ -95401.31290000025183, -107451.158800000324845 ], [ -95412.912899999879301, -107442.828600000590086 ], [ -95400.563400000333786, -107416.848600000143051 ], [ -95389.123800000175834, -107390.098699999973178 ], [ -95382.144100000150502, -107375.378900000825524 ], [ -95310.062699999660254, -107217.562300000339746 ], [ -95284.546799999661744, -107227.548800000920892 ], [ -95255.266499999910593, -107241.238099999725819 ], [ -95243.326799999922514, -107246.857699999585748 ], [ -95222.106599999591708, -107258.107499999925494 ], [ -95202.836600000038743, -107269.107100000604987 ], [ -95197.40679999999702, -107272.907299999147654 ], [ -95188.576799999922514, -107278.706900000572205 ], [ -95184.95230000000447, -107281.159900000318885 ], [ -95145.517599999904633, -107233.466700000688434 ], [ -95111.658300000242889, -107196.456499999389052 ], [ -95127.488400000147521, -107185.626800000667572 ], [ -95154.50829999987036, -107167.457599999383092 ], [ -95181.118700000457466, -107150.927899999544024 ], [ -95184.278599999845028, -107148.877699999138713 ], [ -95176.628600000403821, -107119.488099999725819 ], [ -95186.558899999596179, -107110.558199999853969 ], [ -95192.288900000043213, -107104.308199999853969 ], [ -95196.999099999666214, -107095.518500000238419 ], [ -95200.819099999964237, -107085.708399999886751 ], [ -95201.589200000278652, -107074.998700000345707 ], [ -95199.299399999901652, -107067.738800000399351 ], [ -95195.869599999859929, -107062.638699999079108 ], [ -95188.729500000365078, -107053.468900000676513 ], [ -95181.980000000447035, -107047.478700000792742 ], [ -95172.940000000409782, -107035.628799999132752 ], [ -95166.320299999788404, -107021.738900000229478 ], [ -95162.120600000023842, -107006.448699999600649 ], [ -95159.700500000268221, -106997.558800000697374 ], [ -95156.650899999774992, -106978.568900000303984 ], [ -95147.241799999959767, -106918.28940000012517 ], [ -95143.171799999661744, -106892.419099999591708 ], [ -95135.912700000219047, -106845.7796 ], [ -95133.242999999783933, -106828.449799999594688 ], [ -95125.993900000117719, -106783.849999999627471 ], [ -95121.533999999985099, -106754.920299999415874 ], [ -95109.824900000356138, -106683.590700000524521 ], [ -95102.685899999924004, -106641.64049999974668 ], [ -95098.736200000159442, -106613.221100000664592 ], [ -95092.246799999848008, -106574.350999999791384 ], [ -95086.267099999822676, -106541.221400000154972 ], [ -95080.287499999627471, -106498.401300000026822 ], [ -95077.997800000011921, -106482.601500000804663 ], [ -95073.538399999961257, -106462.851600000634789 ], [ -95062.208700000308454, -106442.081800000742078 ], [ -95051.88910000026226, -106428.701400000602007 ], [ -95040.03899999987334, -106417.111500000581145 ], [ -95026.039200000464916, -106405.89130000025034 ], [ -95005.659900000318885, -106391.61119999922812 ], [ -94991.13980000000447, -106380.401200000196695 ], [ -94943.130800000391901, -106343.710899999365211 ], [ -94932.17090000025928, -106335.690500000491738 ], [ -94903.901399999856949, -106313.770500000566244 ], [ -94883.271599999628961, -106299.120400000363588 ], [ -94865.322399999946356, -106287.530300000682473 ], [ -94836.282399999909103, -106269.179800000041723 ], [ -94808.762799999676645, -106252.879599999636412 ], [ -94792.973100000061095, -106242.939600000157952 ], [ -94771.193400000222027, -106229.809399999678135 ], [ -94756.803600000217557, -106220.899399999529123 ], [ -94745.983900000341237, -106212.359200000762939 ], [ -94737.574199999682605, -106202.679199999198318 ], [ -94732.734000000171363, -106192.219200000166893 ], [ -94729.294300000183284, -106181.898800000548363 ], [ -94728.480000000447035, -106175.925000000745058 ], [ -94727.644999999552965, -106169.799399999901652 ], [ -94729.934999999590218, -106159.099099999293685 ], [ -94732.204900000244379, -106149.439400000497699 ], [ -94732.995000000111759, -106146.099500000476837 ], [ -94739.875099999830127, -106128.759800000116229 ], [ -94753.125500000081956, -106098.419999999925494 ], [ -94764.975599999539554, -106067.590600000694394 ], [ -94776.696000000461936, -106041.35050000064075 ], [ -94790.065999999642372, -106008.971100000664592 ], [ -94795.416699999943376, -105996.871200000867248 ], [ -94801.916699999943376, -105982.601500000804663 ], [ -94807.256699999794364, -105967.371700000017881 ], [ -94809.256699999794364, -105957.951700000092387 ], [ -94813.127100000157952, -105939.911800000816584 ], [ -94816.187400000169873, -105914.282400000840425 ], [ -94820.387699999846518, -105878.862400000914931 ], [ -94822.697999999858439, -105857.082499999552965 ], [ -94825.488400000147521, -105836.302899999544024 ], [ -94826.638500000350177, -105822.16330000013113 ], [ -94827.528800000436604, -105812.093399999663234 ], [ -94827.048899999819696, -105800.723099999129772 ], [ -94826.028800000436604, -105787.60329999960959 ], [ -94823.739099999889731, -105769.123500000685453 ], [ -94820.749200000427663, -105749.073599999770522 ], [ -94819.269700000062585, -105738.293299999088049 ], [ -94814.690200000070035, -105721.593299999833107 ], [ -94806.800499999895692, -105686.943900000303984 ], [ -94805.400799999944866, -105680.313799999654293 ], [ -94801.580699999816716, -105659.544099999591708 ], [ -94795.741100000217557, -105630.104100000113249 ], [ -94791.921500000171363, -105609.844100000336766 ], [ -94785.81209999974817, -105577.214099999517202 ], [ -94780.972199999727309, -105556.194599999114871 ], [ -94774.223000000230968, -105522.944199999794364 ], [ -94771.423100000247359, -105509.434399999678135 ], [ -94766.963700000196695, -105488.154500000178814 ], [ -94761.243800000287592, -105455.794999999925494 ], [ -94757.673899999819696, -105439.995100000873208 ], [ -94752.134300000034273, -105420.564799999818206 ], [ -94745.184899999760091, -105404.115100000053644 ], [ -94736.124900000169873, -105385.995200000703335 ], [ -94731.275200000032783, -105377.134899999946356 ], [ -94722.635400000028312, -105364.905099999159575 ], [ -94704.845599999651313, -105337.434800000861287 ], [ -94686.786500000394881, -105310.504799999296665 ], [ -94665.527099999599159, -105281.425100000575185 ], [ -94652.677500000223517, -105261.185100000351667 ], [ -94617.438099999912083, -105208.0945999994874 ], [ -94600.048899999819696, -105182.714600000530481 ], [ -94576.609299999661744, -105149.434499999508262 ], [ -94537.420500000007451, -105089.774800000712276 ], [ -94526.030899999663234, -105073.524599999189377 ], [ -94521.162200000137091, -105066.029500000178814 ], [ -94518.800900000147521, -105062.394400000572205 ], [ -94388.282999999821186, -105037.528400000184774 ], [ -94367.913200000301003, -105032.248099999502301 ], [ -94354.763799999840558, -105028.335799999535084 ], [ -94332.473600000143051, -105021.697499999776483 ], [ -94275.904299999587238, -105005.116599999368191 ], [ -94245.252299999818206, -104996.234699999913573 ], [ -94237.896300000138581, -104994.104499999433756 ], [ -94223.864900000393391, -104990.035700000822544 ], [ -94203.825199999846518, -104983.037900000810623 ], [ -94161.265700000338256, -104968.184699999168515 ], [ -93773.600899999961257, -104826.478700000792742 ], [ -93763.110600000247359, -104822.617499999701977 ], [ -93744.941300000064075, -104815.92820000089705 ], [ -93624.407399999909103, -104771.449300000444055 ], [ -93606.016200000420213, -104764.686000000685453 ] ] ] ] } },
{ "type": "Feature", "properties": { "dtmnfr": "110659", "freguesia": "Campo de Ourique", "municipio": "Lisboa", "distrito_ilha": "Lisboa", "nuts3": "Grande Lisboa", "nuts2": "Grande Lisboa", "nuts1": "Continente", "area_ha": 165.14, "perimetro_km": 7, "designacao_simplificada": "Campo de Ourique" }, "geometry": { "type": "MultiPolygon", "coordinates": [ [ [ [ -89356.480200000107288, -104300.051999999210238 ], [ -89270.589399999938905, -104378.349899999797344 ], [ -89266.352300000376999, -104382.680600000545382 ], [ -89253.889200000092387, -104395.419399999082088 ], [ -89184.148699999786913, -104444.417799999937415 ], [ -89114.878299999982119, -104492.036299999803305 ], [ -89098.108199999667704, -104504.185900000855327 ], [ -89073.528099999763072, -104522.175300000235438 ], [ -89053.747899999842048, -104536.424900000914931 ], [ -89034.637600000016391, -104562.194299999624491 ], [ -89018.407300000078976, -104582.722899999469519 ], [ -89010.287200000137091, -104592.743699999526143 ], [ -88967.196399999782443, -104654.592499999329448 ], [ -88927.115600000135601, -104712.020400000736117 ], [ -88921.765300000086427, -104730.271099999547005 ], [ -88916.425099999643862, -104744.071000000461936 ], [ -88914.644600000232458, -104770.7807 ], [ -88925.253999999724329, -104800.831900000572205 ], [ -88928.003800000064075, -104808.620699999853969 ], [ -88925.771900000050664, -104914.130000000819564 ], [ -88923.540199999697506, -104953.309699999168515 ], [ -88888.489099999889731, -105083.848200000822544 ], [ -88881.328599999658763, -105112.487800000235438 ], [ -88862.217100000008941, -105205.556900000199676 ], [ -88852.276600000448525, -105235.546499999240041 ], [ -88833.036000000312924, -105273.015900000929832 ], [ -88829.885999999940395, -105278.785800000652671 ], [ -88810.664599999785423, -105313.145199999213219 ], [ -88819.557699999772012, -105318.804800000041723 ], [ -88829.934600000269711, -105325.396500000730157 ], [ -88839.064899999648333, -105331.215600000694394 ], [ -88861.053399999625981, -105340.135900000110269 ], [ -88876.192400000058115, -105346.276699999347329 ], [ -88895.834099999628961, -105354.246500000357628 ], [ -88955.69440000038594, -105375.50789999961853 ], [ -88982.63300000037998, -105385.077299999073148 ], [ -88998.030799999833107, -105388.880100000649691 ], [ -89015.292600000277162, -105393.148399999365211 ], [ -89023.354100000113249, -105394.238500000908971 ], [ -89046.812300000339746, -105397.408900000154972 ], [ -89097.403500000014901, -105396.577099999412894 ], [ -89095.986999999731779, -105391.722599999979138 ], [ -89095.110600000247359, -105388.721899999305606 ], [ -89088.682099999859929, -105366.769400000572205 ], [ -89074.783599999733269, -105319.300000000745058 ], [ -89127.193300000391901, -105286.768600000068545 ], [ -89156.243999999947846, -105268.731799999251962 ], [ -89197.794099999591708, -105244.893200000748038 ], [ -89214.284099999815226, -105247.313100000843406 ], [ -89301.463100000284612, -105260.104499999433756 ], [ -89360.292600000277162, -105267.915500000119209 ], [ -89372.932500000111759, -105269.175699999555945 ], [ -89377.632500000298023, -105269.175799999386072 ], [ -89382.632399999536574, -105268.275900000706315 ], [ -89387.632500000298023, -105264.876000000163913 ], [ -89390.932500000111759, -105260.8761 ], [ -89391.604199999943376, -105260.0777000002563 ], [ -89398.032599999569356, -105252.476299999281764 ], [ -89410.915000000037253, -105233.395400000736117 ], [ -89416.532999999821186, -105225.076799999922514 ], [ -89427.533200000412762, -105208.877100000157952 ], [ -89435.133399999700487, -105197.477299999445677 ], [ -89446.033599999733269, -105182.077600000426173 ], [ -89448.003200000151992, -105179.75929999910295 ], [ -89448.892199999652803, -105178.716299999505281 ], [ -89449.433600000105798, -105178.0777000002563 ], [ -89459.633500000461936, -105183.977900000289083 ], [ -89474.433199999853969, -105192.078099999576807 ], [ -89487.032999999821186, -105198.878299999982119 ], [ -89502.232800000347197, -105205.878499999642372 ], [ -89513.63260000012815, -105210.978700000792742 ], [ -89535.532300000078976, -105219.879000000655651 ], [ -89567.63190000038594, -105231.479499999433756 ], [ -89597.531499999575317, -105242.980000000447035 ], [ -89628.831000000238419, -105255.08049999922514 ], [ -89655.630699999630451, -105264.780899999663234 ], [ -89642.758200000040233, -105269.779200000688434 ], [ -89638.630699999630451, -105271.380499999970198 ], [ -89639.242600000463426, -105272.509999999776483 ], [ -89649.130199999548495, -105290.680600000545382 ], [ -89662.029699999839067, -105313.880699999630451 ], [ -89674.229199999943376, -105337.980699999257922 ], [ -89680.128899999894202, -105350.680700000375509 ], [ -89685.328700000420213, -105363.380699999630451 ], [ -89695.128100000321865, -105389.280799999833107 ], [ -89703.627700000070035, -105410.480799999088049 ], [ -89709.627399999648333, -105426.180800000205636 ], [ -89720.726800000295043, -105452.180800000205636 ], [ -89726.426500000059605, -105467.680800000205636 ], [ -89729.726300000213087, -105478.180800000205636 ], [ -89735.025799999944866, -105501.2807 ], [ -89737.325299999676645, -105530.380599999800324 ], [ -89740.424599999561906, -105567.2804000005126 ], [ -89752.624400000087917, -105572.880599999800324 ], [ -89765.424300000071526, -105576.680800000205636 ], [ -89766.436099999584258, -105576.559399999678135 ], [ -89778.624200000427663, -105575.081000000238419 ], [ -89803.624200000427663, -105567.081499999389052 ], [ -89807.121700000017881, -105566.080299999564886 ], [ -89816.52419999986887, -105563.381799999624491 ], [ -89828.524100000038743, -105561.48200000077486 ], [ -89836.524100000038743, -105561.482200000435114 ], [ -89842.623999999836087, -105562.082299999892712 ], [ -89849.823900000192225, -105563.782400000840425 ], [ -89873.023599999956787, -105570.582800000905991 ], [ -89884.615600000135601, -105574.482699999585748 ], [ -89906.323200000450015, -105581.783299999311566 ], [ -89922.892500000074506, -105586.515599999576807 ], [ -89923.444799999706447, -105586.674699999392033 ], [ -89934.322900000028312, -105589.783700000494719 ], [ -89938.622899999842048, -105589.983799999579787 ], [ -89942.922799999825656, -105589.58390000090003 ], [ -89948.041500000283122, -105586.425300000235438 ], [ -89950.803600000217557, -105584.722599999979138 ], [ -89952.322900000028312, -105583.784099999815226 ], [ -89966.722900000400841, -105579.684399999678135 ], [ -89968.415500000119209, -105579.786199999973178 ], [ -89973.622800000011921, -105579.98450000025332 ], [ -89982.92269999999553, -105582.084699999541044 ], [ -89992.126799999736249, -105584.459799999371171 ], [ -90011.222400000318885, -105590.385099999606609 ], [ -90028.022199999541044, -105594.585400000214577 ], [ -90030.122100000269711, -105595.085400000214577 ], [ -90032.408800000324845, -105595.070199999958277 ], [ -90036.422100000083447, -105594.385600000619888 ], [ -90039.822100000455976, -105593.185599999502301 ], [ -90043.922100000083447, -105590.285700000822544 ], [ -90047.522199999541044, -105587.085799999535084 ], [ -90049.822200000286102, -105584.585899999365211 ], [ -90051.722299999557436, -105581.185900000855327 ], [ -90054.122299999929965, -105576.385999999940395 ], [ -90057.622399999760091, -105568.386099999770522 ], [ -90067.422799999825656, -105544.286499999463558 ], [ -90078.123300000093877, -105514.78690000064671 ], [ -90080.223399999551475, -105506.58699999935925 ], [ -90081.52350000012666, -105501.287000000476837 ], [ -90092.024100000038743, -105466.187400000169873 ], [ -90096.924300000071526, -105449.287599999457598 ], [ -90108.724999999627471, -105406.788100000470877 ], [ -90123.525899999774992, -105355.88880000077188 ], [ -90130.626299999654293, -105331.589099999517202 ], [ -90134.926500000059605, -105316.789200000464916 ], [ -90138.825600000098348, -105303.610300000756979 ], [ -90139.126699999906123, -105302.589400000870228 ], [ -90160.22649999987334, -105306.989800000563264 ], [ -90166.726400000043213, -105308.289899999275804 ], [ -90169.326399999670684, -105308.489900000393391 ], [ -90171.626400000415742, -105308.689999999478459 ], [ -90172.55449999962002, -105308.568199999630451 ], [ -90173.126400000415742, -105308.490000000223517 ], [ -90175.426400000229478, -105307.890000000596046 ], [ -90177.126400000415742, -105307.190099999308586 ], [ -90182.045400000177324, -105304.730699999257922 ], [ -90185.726400000043213, -105302.8902000002563 ], [ -90191.426400000229478, -105299.890399999916553 ], [ -90192.395700000226498, -105299.460999999195337 ], [ -90197.526399999856949, -105297.190500000491738 ], [ -90213.026399999856949, -105291.29079999960959 ], [ -90213.907700000330806, -105290.949799999594688 ], [ -90217.926400000229478, -105289.390900000929832 ], [ -90228.226400000043213, -105285.391100000590086 ], [ -90233.715099999681115, -105283.111600000411272 ], [ -90241.22649999987334, -105279.991399999707937 ], [ -90249.526499999687076, -105276.591600000858307 ], [ -90294.626500000245869, -105258.992499999701977 ], [ -90324.426500000059605, -105247.093100000172853 ], [ -90347.37540000025183, -105238.103199999779463 ], [ -90351.22649999987334, -105236.593699999153614 ], [ -90357.72649999987334, -105234.093800000846386 ], [ -90362.026499999687076, -105232.093900000676513 ], [ -90364.72649999987334, -105230.494000000879169 ], [ -90366.056300000287592, -105229.414899999275804 ], [ -90367.075500000268221, -105230.464800000190735 ], [ -90373.016400000080466, -105236.584100000560284 ], [ -90377.01630000025034, -105244.554199999198318 ], [ -90384.594899999909103, -105259.653200000524521 ], [ -90397.525299999862909, -105285.415200000628829 ], [ -90445.973699999973178, -105381.943900000303984 ], [ -90463.85219999961555, -105432.234400000423193 ], [ -90468.861200000159442, -105455.584400000050664 ], [ -90470.53249999973923, -105466.334300000220537 ], [ -90471.011500000022352, -105469.40430000051856 ], [ -90474.110799999907613, -105502.524100000038743 ], [ -90473.768299999646842, -105507.5945999994874 ], [ -90472.910500000230968, -105520.164000000804663 ], [ -90470.46059999987483, -105520.044999999925494 ], [ -90467.674399999901652, -105520.158399999141693 ], [ -90466.480600000359118, -105521.353900000452995 ], [ -90465.472599999979138, -105521.211899999529123 ], [ -90464.814600000157952, -105521.114299999549985 ], [ -90456.699900000356138, -105560.67339999973774 ], [ -90453.719700000248849, -105574.493300000205636 ], [ -90450.739400000311434, -105588.3136 ], [ -90445.729000000283122, -105612.863299999386072 ], [ -90450.519399999640882, -105616.090600000694394 ], [ -90480.778400000184774, -105636.453400000929832 ], [ -90486.11780000012368, -105636.294199999421835 ], [ -90531.310200000181794, -105634.954800000414252 ], [ -90532.514399999752641, -105634.919800000265241 ], [ -90536.196600000374019, -105634.8125 ], [ -90565.748599999584258, -105633.934699999168515 ], [ -90618.4375, -105632.374299999326468 ], [ -90633.106499999761581, -105631.9375 ], [ -90640.988300000317395, -105610.215399999171495 ], [ -90644.077899999916553, -105601.636600000783801 ], [ -90664.378800000064075, -105544.517300000414252 ], [ -90677.859899999573827, -105505.2193 ], [ -90691.450100000016391, -105465.608300000429153 ], [ -90700.570899999700487, -105413.858899999409914 ], [ -90701.291199999861419, -105399.82799999974668 ], [ -90701.601800000295043, -105393.768999999389052 ], [ -90696.542299999855459, -105341.109300000593066 ], [ -90695.77240000013262, -105333.038100000470877 ], [ -90695.422799999825656, -105329.39299999922514 ], [ -90688.20339999999851, -105282.519500000402331 ], [ -90647.08669999986887, -105117.63990000076592 ], [ -90620.817200000397861, -105016.510099999606609 ], [ -90611.749400000087917, -104981.610200000926852 ], [ -90605.759899999946356, -104953.400200000032783 ], [ -90604.761599999852479, -104943.68129999935627 ], [ -90603.700299999676645, -104933.320299999788404 ], [ -90602.769199999980628, -104910.08049999922514 ], [ -90602.150999999605119, -104894.690600000321865 ], [ -90602.151600000448525, -104863.780799999833107 ], [ -90606.482300000265241, -104823.04109999909997 ], [ -90610.620699999853969, -104800.891400000080466 ], [ -90613.492899999953806, -104785.501499999314547 ], [ -90623.473899999633431, -104753.972899999469519 ], [ -90627.543600000441074, -104741.122099999338388 ], [ -90635.956199999898672, -104709.703400000929832 ], [ -90641.834499999880791, -104687.762700000777841 ], [ -90648.025100000202656, -104651.583100000396371 ], [ -90648.535600000061095, -104624.80320000089705 ], [ -90645.43680000025779, -104582.013499999418855 ], [ -90641.836400000378489, -104566.010999999940395 ], [ -90630.50760000012815, -104522.3136 ], [ -90611.037899999879301, -104458.522199999541044 ], [ -90608.746799999848008, -104451.013399999588728 ], [ -90601.92119999974966, -104432.325099999085069 ], [ -90599.90749999973923, -104426.797100000083447 ], [ -90527.954599999822676, -104449.513199999928474 ], [ -90460.812599999830127, -104470.725199999287724 ], [ -90452.962100000120699, -104473.205299999564886 ], [ -90403.759700000286102, -104488.74970000050962 ], [ -90370.012299999594688, -104498.008500000461936 ], [ -90359.549800000153482, -104500.878799999132752 ], [ -90345.03070000000298, -104503.200400000438094 ], [ -90343.134899999946356, -104503.503499999642372 ], [ -90325.026899999938905, -104506.399399999529123 ], [ -90319.21999999973923, -104507.328099999576807 ], [ -90314.532100000418723, -104507.359699999913573 ], [ -90290.240699999965727, -104507.523499999195337 ], [ -90280.770200000144541, -104507.587400000542402 ], [ -90264.313400000333786, -104506.285099999979138 ], [ -90247.217600000090897, -104504.931800000369549 ], [ -90246.346099999733269, -104504.787599999457598 ], [ -90187.11699999962002, -104492.078999999910593 ], [ -90137.490699999965727, -104481.430900000035763 ], [ -90086.982200000435114, -104470.594100000336766 ], [ -90034.094800000078976, -104458.052200000733137 ], [ -89834.925900000147521, -104410.820699999108911 ], [ -89832.825000000186265, -104410.319900000467896 ], [ -89705.016400000080466, -104381.427699999883771 ], [ -89560.487999999895692, -104348.755300000309944 ], [ -89356.480200000107288, -104300.051999999210238 ] ] ] ] } },
{ "type": "Feature", "properties": { "dtmnfr": "110660", "freguesia": "Estrela", "municipio": "Lisboa", "distrito_ilha": "Lisboa", "nuts3": "Grande Lisboa", "nuts2": "Grande Lisboa", "nuts1": "Continente", "area_ha": 460.4, "perimetro_km": 10, "designacao_simplificada": "Estrela" }, "geometry": { "type": "MultiPolygon", "coordinates": [ [ [ [ -88629.347099999897182, -106432.658299999311566 ], [ -88424.956199999898672, -107616.642599999904633 ], [ -88845.783599999733269, -107602.020400000736117 ], [ -89334.852400000207126, -107490.070000000298023 ], [ -89823.914499999955297, -107743.447200000286102 ], [ -90283.509600000455976, -107843.624900000169873 ], [ -90623.047100000083447, -107857.210899999365211 ], [ -90716.674200000241399, -107130.313999999314547 ], [ -90718.829900000244379, -107113.5777000002563 ], [ -90716.040199999697506, -107097.697799999266863 ], [ -90629.491100000217557, -107080.486300000920892 ], [ -90670.035299999639392, -106833.978700000792742 ], [ -90672.795599999837577, -106817.18889999948442 ], [ -90666.356100000441074, -106793.408900000154972 ], [ -90665.956100000068545, -106791.948899999260902 ], [ -90658.61670000012964, -106764.838999999687076 ], [ -90588.331899999640882, -106505.409399999305606 ], [ -90587.811900000087917, -106503.479399999603629 ], [ -90586.24199999962002, -106497.699500000104308 ], [ -90553.314799999818206, -106354.529799999669194 ], [ -90551.144999999552965, -106345.099799999967217 ], [ -90550.84499999973923, -106343.789899999275804 ], [ -90549.005199999548495, -106335.799900000914931 ], [ -90543.985600000247359, -106316.38990000076592 ], [ -90541.125799999572337, -106304.319900000467896 ], [ -90539.546000000089407, -106297.609999999403954 ], [ -90533.93640000000596, -106273.910000000149012 ], [ -90532.936599999666214, -106264.230100000277162 ], [ -90532.58669999986887, -106260.790100000798702 ], [ -90531.396900000050664, -106249.300100000575185 ], [ -90527.767599999904633, -106214.090299999341369 ], [ -90527.25760000012815, -106209.230299999937415 ], [ -90521.818599999882281, -106157.370600000023842 ], [ -90514.059999999590218, -106083.470899999141693 ], [ -90510.900899999774992, -106038.481200000271201 ], [ -90510.201000000350177, -106028.511199999600649 ], [ -90512.692200000397861, -105966.101700000464916 ], [ -90518.472500000149012, -105945.842000000178814 ], [ -90536.373200000263751, -105897.782600000500679 ], [ -90568.864599999971688, -105810.563799999654293 ], [ -90575.574900000356138, -105791.924000000581145 ], [ -90582.165199999697506, -105773.584300000220537 ], [ -90633.106499999761581, -105631.9375 ], [ -90618.4375, -105632.374299999326468 ], [ -90565.748599999584258, -105633.934699999168515 ], [ -90536.196600000374019, -105634.8125 ], [ -90532.514399999752641, -105634.919800000265241 ], [ -90531.310200000181794, -105634.954800000414252 ], [ -90486.11780000012368, -105636.294199999421835 ], [ -90480.778400000184774, -105636.453400000929832 ], [ -90450.519399999640882, -105616.090600000694394 ], [ -90445.729000000283122, -105612.863299999386072 ], [ -90450.739400000311434, -105588.3136 ], [ -90453.719700000248849, -105574.493300000205636 ], [ -90456.699900000356138, -105560.67339999973774 ], [ -90464.814600000157952, -105521.114299999549985 ], [ -90465.472599999979138, -105521.211899999529123 ], [ -90466.480600000359118, -105521.353900000452995 ], [ -90467.674399999901652, -105520.158399999141693 ], [ -90470.46059999987483, -105520.044999999925494 ], [ -90472.910500000230968, -105520.164000000804663 ], [ -90473.768299999646842, -105507.5945999994874 ], [ -90474.110799999907613, -105502.524100000038743 ], [ -90471.011500000022352, -105469.40430000051856 ], [ -90470.53249999973923, -105466.334300000220537 ], [ -90468.861200000159442, -105455.584400000050664 ], [ -90463.85219999961555, -105432.234400000423193 ], [ -90445.973699999973178, -105381.943900000303984 ], [ -90397.525299999862909, -105285.415200000628829 ], [ -90384.594899999909103, -105259.653200000524521 ], [ -90377.01630000025034, -105244.554199999198318 ], [ -90373.016400000080466, -105236.584100000560284 ], [ -90367.075500000268221, -105230.464800000190735 ], [ -90366.056300000287592, -105229.414899999275804 ], [ -90364.72649999987334, -105230.494000000879169 ], [ -90362.026499999687076, -105232.093900000676513 ], [ -90357.72649999987334, -105234.093800000846386 ], [ -90351.22649999987334, -105236.593699999153614 ], [ -90347.37540000025183, -105238.103199999779463 ], [ -90324.426500000059605, -105247.093100000172853 ], [ -90294.626500000245869, -105258.992499999701977 ], [ -90249.526499999687076, -105276.591600000858307 ], [ -90241.22649999987334, -105279.991399999707937 ], [ -90233.715099999681115, -105283.111600000411272 ], [ -90228.226400000043213, -105285.391100000590086 ], [ -90217.926400000229478, -105289.390900000929832 ], [ -90213.907700000330806, -105290.949799999594688 ], [ -90213.026399999856949, -105291.29079999960959 ], [ -90197.526399999856949, -105297.190500000491738 ], [ -90192.395700000226498, -105299.460999999195337 ], [ -90191.426400000229478, -105299.890399999916553 ], [ -90185.726400000043213, -105302.8902000002563 ], [ -90182.045400000177324, -105304.730699999257922 ], [ -90177.126400000415742, -105307.190099999308586 ], [ -90175.426400000229478, -105307.890000000596046 ], [ -90173.126400000415742, -105308.490000000223517 ], [ -90172.55449999962002, -105308.568199999630451 ], [ -90171.626400000415742, -105308.689999999478459 ], [ -90169.326399999670684, -105308.489900000393391 ], [ -90166.726400000043213, -105308.289899999275804 ], [ -90160.22649999987334, -105306.989800000563264 ], [ -90139.126699999906123, -105302.589400000870228 ], [ -90138.825600000098348, -105303.610300000756979 ], [ -90134.926500000059605, -105316.789200000464916 ], [ -90130.626299999654293, -105331.589099999517202 ], [ -90123.525899999774992, -105355.88880000077188 ], [ -90108.724999999627471, -105406.788100000470877 ], [ -90096.924300000071526, -105449.287599999457598 ], [ -90092.024100000038743, -105466.187400000169873 ], [ -90081.52350000012666, -105501.287000000476837 ], [ -90080.223399999551475, -105506.58699999935925 ], [ -90078.123300000093877, -105514.78690000064671 ], [ -90067.422799999825656, -105544.286499999463558 ], [ -90057.622399999760091, -105568.386099999770522 ], [ -90054.122299999929965, -105576.385999999940395 ], [ -90051.722299999557436, -105581.185900000855327 ], [ -90049.822200000286102, -105584.585899999365211 ], [ -90047.522199999541044, -105587.085799999535084 ], [ -90043.922100000083447, -105590.285700000822544 ], [ -90039.822100000455976, -105593.185599999502301 ], [ -90036.422100000083447, -105594.385600000619888 ], [ -90032.408800000324845, -105595.070199999958277 ], [ -90030.122100000269711, -105595.085400000214577 ], [ -90028.022199999541044, -105594.585400000214577 ], [ -90011.222400000318885, -105590.385099999606609 ], [ -89992.126799999736249, -105584.459799999371171 ], [ -89982.92269999999553, -105582.084699999541044 ], [ -89973.622800000011921, -105579.98450000025332 ], [ -89968.415500000119209, -105579.786199999973178 ], [ -89966.722900000400841, -105579.684399999678135 ], [ -89952.322900000028312, -105583.784099999815226 ], [ -89950.803600000217557, -105584.722599999979138 ], [ -89948.041500000283122, -105586.425300000235438 ], [ -89942.922799999825656, -105589.58390000090003 ], [ -89938.622899999842048, -105589.983799999579787 ], [ -89934.322900000028312, -105589.783700000494719 ], [ -89923.444799999706447, -105586.674699999392033 ], [ -89922.892500000074506, -105586.515599999576807 ], [ -89906.323200000450015, -105581.783299999311566 ], [ -89884.615600000135601, -105574.482699999585748 ], [ -89873.023599999956787, -105570.582800000905991 ], [ -89849.823900000192225, -105563.782400000840425 ], [ -89842.623999999836087, -105562.082299999892712 ], [ -89836.524100000038743, -105561.482200000435114 ], [ -89828.524100000038743, -105561.48200000077486 ], [ -89816.52419999986887, -105563.381799999624491 ], [ -89807.121700000017881, -105566.080299999564886 ], [ -89803.624200000427663, -105567.081499999389052 ], [ -89778.624200000427663, -105575.081000000238419 ], [ -89766.436099999584258, -105576.559399999678135 ], [ -89765.424300000071526, -105576.680800000205636 ], [ -89752.624400000087917, -105572.880599999800324 ], [ -89740.424599999561906, -105567.2804000005126 ], [ -89737.325299999676645, -105530.380599999800324 ], [ -89735.025799999944866, -105501.2807 ], [ -89729.726300000213087, -105478.180800000205636 ], [ -89726.426500000059605, -105467.680800000205636 ], [ -89720.726800000295043, -105452.180800000205636 ], [ -89709.627399999648333, -105426.180800000205636 ], [ -89703.627700000070035, -105410.480799999088049 ], [ -89695.128100000321865, -105389.280799999833107 ], [ -89685.328700000420213, -105363.380699999630451 ], [ -89680.128899999894202, -105350.680700000375509 ], [ -89674.229199999943376, -105337.980699999257922 ], [ -89662.029699999839067, -105313.880699999630451 ], [ -89649.130199999548495, -105290.680600000545382 ], [ -89639.242600000463426, -105272.509999999776483 ], [ -89638.630699999630451, -105271.380499999970198 ], [ -89642.758200000040233, -105269.779200000688434 ], [ -89655.630699999630451, -105264.780899999663234 ], [ -89628.831000000238419, -105255.08049999922514 ], [ -89597.531499999575317, -105242.980000000447035 ], [ -89567.63190000038594, -105231.479499999433756 ], [ -89535.532300000078976, -105219.879000000655651 ], [ -89513.63260000012815, -105210.978700000792742 ], [ -89502.232800000347197, -105205.878499999642372 ], [ -89487.032999999821186, -105198.878299999982119 ], [ -89474.433199999853969, -105192.078099999576807 ], [ -89459.633500000461936, -105183.977900000289083 ], [ -89449.433600000105798, -105178.0777000002563 ], [ -89448.892199999652803, -105178.716299999505281 ], [ -89448.003200000151992, -105179.75929999910295 ], [ -89446.033599999733269, -105182.077600000426173 ], [ -89435.133399999700487, -105197.477299999445677 ], [ -89427.533200000412762, -105208.877100000157952 ], [ -89416.532999999821186, -105225.076799999922514 ], [ -89410.915000000037253, -105233.395400000736117 ], [ -89398.032599999569356, -105252.476299999281764 ], [ -89391.604199999943376, -105260.0777000002563 ], [ -89390.932500000111759, -105260.8761 ], [ -89387.632500000298023, -105264.876000000163913 ], [ -89382.632399999536574, -105268.275900000706315 ], [ -89377.632500000298023, -105269.175799999386072 ], [ -89372.932500000111759, -105269.175699999555945 ], [ -89360.292600000277162, -105267.915500000119209 ], [ -89301.463100000284612, -105260.104499999433756 ], [ -89214.284099999815226, -105247.313100000843406 ], [ -89197.794099999591708, -105244.893200000748038 ], [ -89156.243999999947846, -105268.731799999251962 ], [ -89127.193300000391901, -105286.768600000068545 ], [ -89074.783599999733269, -105319.300000000745058 ], [ -89088.682099999859929, -105366.769400000572205 ], [ -89095.110600000247359, -105388.721899999305606 ], [ -89095.986999999731779, -105391.722599999979138 ], [ -89097.403500000014901, -105396.577099999412894 ], [ -89046.812300000339746, -105397.408900000154972 ], [ -89023.354100000113249, -105394.238500000908971 ], [ -89015.292600000277162, -105393.148399999365211 ], [ -88998.030799999833107, -105388.880100000649691 ], [ -88982.63300000037998, -105385.077299999073148 ], [ -88955.69440000038594, -105375.50789999961853 ], [ -88895.834099999628961, -105354.246500000357628 ], [ -88876.192400000058115, -105346.276699999347329 ], [ -88861.053399999625981, -105340.135900000110269 ], [ -88839.064899999648333, -105331.215600000694394 ], [ -88829.934600000269711, -105325.396500000730157 ], [ -88819.557699999772012, -105318.804800000041723 ], [ -88810.664599999785423, -105313.145199999213219 ], [ -88799.0152000002563, -105334.274800000712276 ], [ -88796.555100000463426, -105338.744799999520183 ], [ -88789.534900000318885, -105351.484600000083447 ], [ -88755.404000000096858, -105412.143500000238419 ], [ -88751.063900000415742, -105419.853399999439716 ], [ -88740.723500000312924, -105446.692999999970198 ], [ -88740.49349999986589, -105447.632999999448657 ], [ -88739.113400000147521, -105453.272900000214577 ], [ -88738.92339999973774, -105454.07289999909699 ], [ -88727.982599999755621, -105498.95240000076592 ], [ -88720.85219999961555, -105525.432099999859929 ], [ -88713.591799999587238, -105552.431800000369549 ], [ -88707.801400000229478, -105575.551599999889731 ], [ -88705.941300000064075, -105582.981499999761581 ], [ -88700.700899999588728, -105603.101199999451637 ], [ -88690.420300000347197, -105642.640799999237061 ], [ -88707.779799999669194, -105663.030999999493361 ], [ -88756.558600000105798, -105712.471499999985099 ], [ -88766.628600000403821, -105706.02170000039041 ], [ -88782.348699999973178, -105695.952099999412894 ], [ -88771.28830000013113, -105721.881699999794364 ], [ -88770.818300000391901, -105722.971699999645352 ], [ -88770.148199999704957, -105725.291699999943376 ], [ -88769.028199999593198, -105729.181600000709295 ], [ -88763.457899999804795, -105748.401399999856949 ], [ -88748.266499999910593, -105831.870600000023842 ], [ -88741.025799999944866, -105871.980200000107288 ], [ -88732.434999999590218, -105918.859699999913573 ], [ -88721.984000000171363, -105975.949100000783801 ], [ -88720.803899999707937, -105982.389000000432134 ], [ -88720.663900000043213, -105983.129000000655651 ], [ -88720.533900000154972, -105983.858999999240041 ], [ -88719.593799999915063, -105988.959000000730157 ], [ -88718.473699999973178, -105994.378900000825524 ], [ -88702.02240000013262, -106073.818099999800324 ], [ -88701.442300000227988, -106076.598099999129772 ], [ -88701.002299999818206, -106078.798000000417233 ], [ -88700.072200000286102, -106083.437999999150634 ], [ -88699.672199999913573, -106085.448000000789762 ], [ -88699.272099999710917, -106087.44789999909699 ], [ -88698.912100000306964, -106089.247899999842048 ], [ -88687.629700000397861, -106119.049799999222159 ], [ -88665.028599999845028, -106233.7171 ], [ -88665.699000000022352, -106273.986099999397993 ], [ -88664.138799999840558, -106281.686000000685453 ], [ -88659.258399999700487, -106305.745699999853969 ], [ -88657.708300000056624, -106313.315700000151992 ], [ -88654.128100000321865, -106328.275499999523163 ], [ -88637.746899999678135, -106396.62470000050962 ], [ -88633.976700000464916, -106412.354599999263883 ], [ -88630.466400000266731, -106426.174399999901652 ], [ -88629.347099999897182, -106432.658299999311566 ] ] ] ] } },
{ "type": "Feature", "properties": { "dtmnfr": "110661", "freguesia": "Misericórdia", "municipio": "Lisboa", "distrito_ilha": "Lisboa", "nuts3": "Grande Lisboa", "nuts2": "Grande Lisboa", "nuts1": "Continente", "area_ha": 219.22, "perimetro_km": 7, "designacao_simplificada": "Misericórdia" }, "geometry": { "type": "MultiPolygon", "coordinates": [ [ [ [ -88829.885999999940395, -105278.785800000652671 ], [ -88796.086600000038743, -105256.885299999266863 ], [ -88784.378299999982119, -105248.186200000345707 ], [ -88769.047100000083447, -105236.794999999925494 ], [ -88762.676799999549985, -105232.11739999987185 ], [ -88750.15749999973923, -105222.934699999168515 ], [ -88718.688299999572337, -105191.364299999549985 ], [ -88706.46860000025481, -105177.064200000837445 ], [ -88685.729199999943376, -105156.334000000730157 ], [ -88680.029299999587238, -105150.303899999707937 ], [ -88671.029500000178814, -105140.783800000324845 ], [ -88665.029299999587238, -105153.775100000202656 ], [ -88634.728400000371039, -105219.392599999904633 ], [ -88631.054700000211596, -105227.524000000208616 ], [ -88620.810399999842048, -105250.1875 ], [ -88610.518699999898672, -105272.954199999570847 ], [ -88595.266099999658763, -105266.07149999961257 ], [ -88587.000099999830127, -105262.340800000354648 ], [ -88583.728400000371039, -105260.861899999901652 ], [ -88575.959400000050664, -105263.271299999207258 ], [ -88508.527999999932945, -105284.189899999648333 ], [ -88484.190200000070035, -105288.636099999770522 ], [ -88446.529400000348687, -105295.517400000244379 ], [ -88450.157300000078976, -105260.510999999940395 ], [ -88453.949199999682605, -105223.889599999412894 ], [ -88430.700500000268221, -105177.869200000539422 ], [ -88404.103500000201166, -105127.119200000539422 ], [ -88389.744699999690056, -105099.758400000631809 ], [ -88388.831699999980628, -105100.211500000208616 ], [ -88379.522099999710917, -105104.858799999579787 ], [ -88363.702100000344217, -105114.628399999812245 ], [ -88314.380800000391901, -105146.86879999935627 ], [ -88299.851700000464916, -105156.367000000551343 ], [ -88269.646599999628961, -105177.481300000101328 ], [ -88249.55420000012964, -105191.528799999505281 ], [ -88248.278300000354648, -105192.410499999299645 ], [ -88245.832399999722838, -105195.385700000450015 ], [ -88242.279600000008941, -105199.698400000110269 ], [ -88240.000300000421703, -105202.462400000542402 ], [ -88233.243200000375509, -105209.124900000169873 ], [ -88220.590300000272691, -105221.556099999696016 ], [ -88218.841099999845028, -105223.275000000372529 ], [ -88208.310999999754131, -105228.9847999997437 ], [ -88205.88150000013411, -105230.145600000396371 ], [ -88200.591500000096858, -105232.675599999725819 ], [ -88195.640999999828637, -105235.04450000077486 ], [ -88181.322499999776483, -105239.792799999937415 ], [ -88114.691100000403821, -105261.88289999961853 ], [ -88077.462100000120699, -105274.35249999910593 ], [ -88067.31140000000596, -105277.752699999138713 ], [ -88064.091099999845028, -105278.831900000572205 ], [ -88058.27240000013262, -105280.20409999974072 ], [ -88053.168800000101328, -105281.412399999797344 ], [ -88015.931200000457466, -105290.211400000378489 ], [ -88015.00069999974221, -105289.767300000414252 ], [ -88011.512900000438094, -105288.102600000798702 ], [ -87996.37390000000596, -105280.881699999794364 ], [ -87993.71239999961108, -105279.611600000411272 ], [ -87963.973100000061095, -105265.428300000727177 ], [ -87938.886400000192225, -105253.458799999207258 ], [ -87938.452399999834597, -105254.10950000025332 ], [ -87932.632799999788404, -105262.830199999734759 ], [ -87930.13219999987632, -105266.579500000923872 ], [ -87895.571299999952316, -105341.427400000393391 ], [ -87877.032300000078976, -105339.370200000703335 ], [ -87875.850999999791384, -105339.240199999883771 ], [ -87874.184999999590218, -105339.056700000539422 ], [ -87871.99280000012368, -105338.815999999642372 ], [ -87869.39130000025034, -105341.827899999916553 ], [ -87856.601099999621511, -105356.697599999606609 ], [ -87781.239900000393391, -105447.565600000321865 ], [ -87754.119699999690056, -105473.154899999499321 ], [ -87729.440000000409782, -105465.634500000625849 ], [ -87717.989099999889731, -105514.963999999687076 ], [ -87720.459099999628961, -105515.364000000059605 ], [ -87722.839100000448525, -105515.744100000709295 ], [ -87728.139000000432134, -105516.244100000709295 ], [ -87732.889000000432134, -105515.804199999198318 ], [ -87739.599000000394881, -105514.844399999827147 ], [ -87743.03899999987334, -105514.344399999827147 ], [ -87747.03899999987334, -105513.844499999657273 ], [ -87751.538900000043213, -105514.644600000232458 ], [ -87754.738900000229478, -105515.644600000232458 ], [ -87757.038800000213087, -105517.544700000435114 ], [ -87757.318799999542534, -105518.704700000584126 ], [ -87757.538800000213087, -105519.644700000062585 ], [ -87757.338700000196695, -105523.144600000232458 ], [ -87780.018299999646842, -105538.334899999201298 ], [ -87816.127600000239909, -105562.455399999395013 ], [ -87821.827600000426173, -105563.535499999299645 ], [ -87852.067300000227988, -105569.266000000759959 ], [ -87861.427199999801815, -105571.04619999974966 ], [ -87860.767099999822676, -105573.746200000867248 ], [ -87857.47690000012517, -105587.145999999716878 ], [ -87856.756799999624491, -105589.936000000685453 ], [ -87843.946000000461936, -105639.665400000289083 ], [ -87834.245299999602139, -105682.525000000372529 ], [ -87831.434500000439584, -105730.104599999263883 ], [ -87832.103900000452995, -105761.904400000348687 ], [ -87833.083100000396371, -105803.324100000783801 ], [ -87834.802500000223517, -105837.363900000229478 ], [ -87834.84250000026077, -105838.233899999409914 ], [ -87813.60259999986738, -105840.773499999195337 ], [ -87783.932699999772012, -105844.32289999909699 ], [ -87781.872700000181794, -105844.57289999909699 ], [ -87811.767400000244379, -106127.141499999910593 ], [ -87812.007299999706447, -106129.401499999687076 ], [ -87758.227699999697506, -106128.340600000694394 ], [ -87719.928000000305474, -106126.13990000076592 ], [ -87691.738199999555945, -106125.939400000497699 ], [ -87691.618200000375509, -106128.089400000870228 ], [ -87691.328099999576807, -106133.439300000667572 ], [ -87691.027999999932945, -106136.539300000295043 ], [ -87690.827899999916553, -106142.939200000837445 ], [ -87690.507799999788404, -106147.769200000911951 ], [ -87690.347799999639392, -106150.109200000762939 ], [ -87689.527599999681115, -106162.439099999144673 ], [ -87689.71750000026077, -106167.249099999666214 ], [ -87689.827399999834597, -106169.838999999687076 ], [ -87689.827399999834597, -106172.039000000804663 ], [ -87689.407300000078976, -106175.928999999538064 ], [ -87670.22759999986738, -106169.438699999824166 ], [ -87655.227800000458956, -106164.338400000706315 ], [ -87653.473699999973178, -106167.690400000661612 ], [ -87652.613699999637902, -106169.910399999469519 ], [ -87651.048600000329316, -106175.477299999445677 ], [ -87650.336500000208616, -106178.760800000280142 ], [ -87648.201399999670684, -106186.641200000420213 ], [ -87646.580699999816716, -106193.544800000265241 ], [ -87671.816999999806285, -106200.92850000038743 ], [ -87674.916899999603629, -106201.828600000590086 ], [ -87686.386800000444055, -106205.56870000064373 ], [ -87696.726700000464916, -106208.928899999707937 ], [ -87736.97620000038296, -106222.009500000625849 ], [ -87754.165900000371039, -106227.599799999967217 ], [ -87740.035000000149012, -106282.95920000039041 ], [ -87737.904900000430644, -106291.32909999974072 ], [ -87730.544400000013411, -106320.158800000324845 ], [ -87709.887400000356138, -106404.842599999159575 ], [ -87469.696700000204146, -107389.506799999624491 ], [ -87702.673200000077486, -107495.930299999192357 ], [ -88168.167799999937415, -107625.567900000140071 ], [ -88424.956199999898672, -107616.642599999904633 ], [ -88629.347099999897182, -106432.658299999311566 ], [ -88630.466400000266731, -106426.174399999901652 ], [ -88633.976700000464916, -106412.354599999263883 ], [ -88637.746899999678135, -106396.62470000050962 ], [ -88654.128100000321865, -106328.275499999523163 ], [ -88657.708300000056624, -106313.315700000151992 ], [ -88659.258399999700487, -106305.745699999853969 ], [ -88664.138799999840558, -106281.686000000685453 ], [ -88665.699000000022352, -106273.986099999397993 ], [ -88665.028599999845028, -106233.7171 ], [ -88687.629700000397861, -106119.049799999222159 ], [ -88698.912100000306964, -106089.247899999842048 ], [ -88699.272099999710917, -106087.44789999909699 ], [ -88699.672199999913573, -106085.448000000789762 ], [ -88700.072200000286102, -106083.437999999150634 ], [ -88701.002299999818206, -106078.798000000417233 ], [ -88701.442300000227988, -106076.598099999129772 ], [ -88702.02240000013262, -106073.818099999800324 ], [ -88718.473699999973178, -105994.378900000825524 ], [ -88719.593799999915063, -105988.959000000730157 ], [ -88720.533900000154972, -105983.858999999240041 ], [ -88720.663900000043213, -105983.129000000655651 ], [ -88720.803899999707937, -105982.389000000432134 ], [ -88721.984000000171363, -105975.949100000783801 ], [ -88732.434999999590218, -105918.859699999913573 ], [ -88741.025799999944866, -105871.980200000107288 ], [ -88748.266499999910593, -105831.870600000023842 ], [ -88763.457899999804795, -105748.401399999856949 ], [ -88769.028199999593198, -105729.181600000709295 ], [ -88770.148199999704957, -105725.291699999943376 ], [ -88770.818300000391901, -105722.971699999645352 ], [ -88771.28830000013113, -105721.881699999794364 ], [ -88782.348699999973178, -105695.952099999412894 ], [ -88766.628600000403821, -105706.02170000039041 ], [ -88756.558600000105798, -105712.471499999985099 ], [ -88707.779799999669194, -105663.030999999493361 ], [ -88690.420300000347197, -105642.640799999237061 ], [ -88700.700899999588728, -105603.101199999451637 ], [ -88705.941300000064075, -105582.981499999761581 ], [ -88707.801400000229478, -105575.551599999889731 ], [ -88713.591799999587238, -105552.431800000369549 ], [ -88720.85219999961555, -105525.432099999859929 ], [ -88727.982599999755621, -105498.95240000076592 ], [ -88738.92339999973774, -105454.07289999909699 ], [ -88739.113400000147521, -105453.272900000214577 ], [ -88740.49349999986589, -105447.632999999448657 ], [ -88740.723500000312924, -105446.692999999970198 ], [ -88751.063900000415742, -105419.853399999439716 ], [ -88755.404000000096858, -105412.143500000238419 ], [ -88789.534900000318885, -105351.484600000083447 ], [ -88796.555100000463426, -105338.744799999520183 ], [ -88799.0152000002563, -105334.274800000712276 ], [ -88810.664599999785423, -105313.145199999213219 ], [ -88829.885999999940395, -105278.785800000652671 ] ] ] ] } },
{ "type": "Feature", "properties": { "dtmnfr": "110662", "freguesia": "Parque das Nações", "municipio": "Lisboa", "distrito_ilha": "Lisboa", "nuts3": "Grande Lisboa", "nuts2": "Grande Lisboa", "nuts1": "Continente", "area_ha": 543.5, "perimetro_km": 12, "designacao_simplificada": "Parque das Nações" }, "geometry": { "type": "MultiPolygon", "coordinates": [ [ [ [ -84464.321600000374019, -98733.109400000423193 ], [ -84346.665300000458956, -98724.478499999269843 ], [ -84156.396800000220537, -98710.665100000798702 ], [ -84116.387099999934435, -98707.764399999752641 ], [ -84089.907399999909103, -98705.424000000581145 ], [ -83975.316200000233948, -98703.784900000318885 ], [ -83958.218299999833107, -98702.533600000664592 ], [ -83947.600399999879301, -98701.908399999141693 ], [ -83951.678100000135601, -98662.116699999198318 ], [ -83957.795099999755621, -98602.43019999936223 ], [ -83964.316200000233948, -98542.786800000816584 ], [ -83972.700699999928474, -98471.423299999907613 ], [ -83979.097099999897182, -98411.766400000080466 ], [ -83984.175099999643862, -98362.025399999693036 ], [ -83992.298200000077486, -98282.439400000497699 ], [ -83994.332899999804795, -98262.543299999088049 ], [ -83999.355800000019372, -98213.426999999210238 ], [ -84007.611299999989569, -98141.848099999129772 ], [ -84023.261199999600649, -98002.419999999925494 ], [ -84027.731399999931455, -97957.847899999469519 ], [ -84042.224499999545515, -97814.970000000670552 ], [ -84043.746500000357628, -97799.965199999511242 ], [ -84055.081299999728799, -97689.352900000289083 ], [ -84086.205000000074506, -97386.423200000077486 ], [ -84091.989299999549985, -97312.923499999567866 ], [ -84094.153699999675155, -97258.883799999952316 ], [ -84095.850599999539554, -97130.71059999987483 ], [ -84091.824900000356138, -97052.252399999648333 ], [ -84087.103900000452995, -97001.464800000190735 ], [ -84068.095999999903142, -96866.468100000172853 ], [ -84033.540900000371039, -96710.467000000178814 ], [ -83998.572599999606609, -96571.634700000286102 ], [ -83973.285400000400841, -96469.254799999296665 ], [ -83955.893400000408292, -96396.41190000064671 ], [ -83946.388299999758601, -96353.407899999991059 ], [ -83881.94550000037998, -96376.415400000289083 ], [ -83878.654900000430644, -96378.667799999937415 ], [ -83873.918499999679625, -96380.181900000199676 ], [ -83867.571800000034273, -96380.749600000679493 ], [ -83862.712299999780953, -96381.077899999916553 ], [ -83855.240600000135601, -96381.582800000905991 ], [ -83851.458899999968708, -96381.838300000876188 ], [ -83840.767300000414252, -96382.135099999606609 ], [ -83839.686300000175834, -96381.918099999427795 ], [ -83838.655399999581277, -96381.702099999412894 ], [ -83837.649400000460446, -96381.512099999934435 ], [ -83836.139399999752641, -96381.289000000804663 ], [ -83834.680399999953806, -96381.041999999433756 ], [ -83833.321399999782443, -96380.821000000461936 ], [ -83818.707600000314415, -96378.119699999690056 ], [ -83817.728600000031292, -96377.828700000420213 ], [ -83816.397599999792874, -96377.406700000166893 ], [ -83815.368599999696016, -96377.064699999988079 ], [ -83813.963600000366569, -96376.540699999779463 ], [ -83812.609600000083447, -96376.017599999904633 ], [ -83811.229700000025332, -96375.468599999323487 ], [ -83809.825699999928474, -96374.919600000604987 ], [ -83808.897699999623001, -96374.528599999845028 ], [ -83807.56969999987632, -96373.92960000038147 ], [ -83806.593700000084937, -96373.436599999666214 ], [ -83804.790699999779463, -96372.478499999269843 ], [ -83803.438799999654293, -96371.778500000014901 ], [ -83802.111800000071526, -96371.129499999806285 ], [ -83800.808799999766052, -96370.531500000506639 ], [ -83799.480800000019372, -96369.907400000840425 ], [ -83798.127899999730289, -96369.258400000631809 ], [ -83796.900899999774992, -96368.68640000000596 ], [ -83795.948900000192225, -96368.244400000199676 ], [ -83794.620900000445545, -96367.620400000363588 ], [ -83793.291899999603629, -96367.022399999201298 ], [ -83791.989900000393391, -96366.398299999535084 ], [ -83790.837000000290573, -96365.85329999960959 ], [ -83789.910000000149012, -96365.436300000175834 ], [ -83788.606999999843538, -96364.863299999386072 ], [ -83787.379999999888241, -96364.26630000025034 ], [ -83786.402999999932945, -96363.773299999535084 ], [ -83785.502000000327826, -96363.307199999690056 ], [ -83784.62609999999404, -96362.790200000628829 ], [ -83783.72510000038892, -96362.324200000613928 ], [ -83782.424100000411272, -96361.549200000241399 ], [ -83781.125099999830127, -96360.699200000613928 ], [ -83779.85010000038892, -96359.89919999986887 ], [ -83771.445299999788404, -96355.040999999269843 ], [ -83770.320299999788404, -96354.31900000013411 ], [ -83766.042399999685585, -96351.864000000059605 ], [ -83764.641400000080466, -96351.062899999320507 ], [ -83763.415400000289083, -96350.38990000076592 ], [ -83762.439399999566376, -96349.846899999305606 ], [ -83761.0625, -96349.095899999141693 ], [ -83760.136500000022352, -96348.628900000825524 ], [ -83759.23450000025332, -96348.162900000810623 ], [ -83757.858500000089407, -96347.436799999326468 ], [ -83756.530500000342727, -96346.762800000607967 ], [ -83755.079599999822676, -96345.960799999535084 ], [ -83753.753600000403821, -96345.185799999162555 ], [ -83752.878600000403821, -96344.69480000063777 ], [ -83751.60259999986738, -96343.945800000801682 ], [ -83750.276600000448525, -96343.22069999948144 ], [ -83749.374699999578297, -96342.754699999466538 ], [ -83748.42269999999553, -96342.286699999123812 ], [ -83747.471699999645352, -96341.819700000807643 ], [ -83746.595700000412762, -96341.303700000047684 ], [ -83744.786600000225008, -96340.306500000879169 ], [ -83743.493800000287592, -96339.519600000232458 ], [ -83742.192800000309944, -96338.7956000007689 ], [ -83740.865799999795854, -96338.096599999815226 ], [ -83739.689799999818206, -96337.474600000306964 ], [ -83738.737800000235438, -96336.982599999755621 ], [ -83737.410899999551475, -96336.333499999716878 ], [ -83735.280899999663234, -96335.319499999284744 ], [ -83734.129900000058115, -96334.723500000312924 ], [ -83733.028900000266731, -96334.103499999269843 ], [ -83731.951899999752641, -96333.533500000834465 ], [ -83730.826000000350177, -96332.962400000542402 ], [ -83729.824000000022352, -96332.444399999454618 ], [ -83724.212100000120699, -96329.819299999624491 ], [ -83722.782100000418723, -96329.320299999788404 ], [ -83721.802099999971688, -96329.003299999982119 ], [ -83720.823099999688566, -96328.687300000339746 ], [ -83719.819099999964237, -96328.345300000160933 ], [ -83718.815100000239909, -96328.054300000891089 ], [ -83717.333200000226498, -96327.655200000852346 ], [ -83700.650299999862909, -96323.185000000521541 ], [ -83699.520399999804795, -96322.841900000348687 ], [ -83698.541400000452995, -96322.550899999216199 ], [ -83687.82149999961257, -96319.554300000891089 ], [ -83676.511599999852479, -96316.392599999904633 ], [ -83675.203599999658763, -96316.14750000089407 ], [ -83673.996700000017881, -96315.92850000038743 ], [ -83672.78870000038296, -96315.735500000417233 ], [ -83671.580699999816716, -96315.566500000655651 ], [ -83670.472699999809265, -96315.425499999895692 ], [ -83668.886699999682605, -96315.277400000020862 ], [ -83667.626699999906123, -96315.158399999141693 ], [ -83666.494699999690056, -96315.016400000080466 ], [ -83665.285699999891222, -96314.873400000855327 ], [ -83664.0777000002563, -96314.705399999395013 ], [ -83662.869800000451505, -96314.537299999967217 ], [ -83661.68680000025779, -96314.369300000369549 ], [ -83660.528800000436604, -96314.227299999445677 ], [ -83658.841799999587238, -96314.027300000190735 ], [ -83657.733799999579787, -96313.936200000345707 ], [ -83656.222799999639392, -96313.814200000837445 ], [ -83654.987800000235438, -96313.721200000494719 ], [ -83653.804800000041723, -96313.603199999779463 ], [ -83652.645800000056624, -96313.512199999764562 ], [ -83651.56290000025183, -96313.421099999919534 ], [ -83650.453900000080466, -96313.380100000649691 ], [ -83648.410899999551475, -96313.352099999785423 ], [ -83645.441999999806285, -96313.337999999523163 ], [ -83627.956000000238419, -96313.620699999853969 ], [ -83626.618999999947846, -96313.652699999511242 ], [ -83625.358000000007451, -96313.685699999332428 ], [ -83623.843999999575317, -96313.714600000530481 ], [ -83622.658999999985099, -96313.697599999606609 ], [ -83620.895100000314415, -96313.673599999397993 ], [ -83619.735100000165403, -96313.656600000336766 ], [ -83618.525100000202656, -96313.64049999974668 ], [ -83617.364099999889731, -96313.64949999935925 ], [ -83616.179100000299513, -96313.682499999180436 ], [ -83614.99210000038147, -96313.767500000074506 ], [ -83613.831100000068545, -96313.851399999111891 ], [ -83612.670099999755621, -96313.961400000378489 ], [ -83610.877100000157952, -96314.113399999216199 ], [ -83610.293499999679625, -96314.165899999439716 ], [ -83609.66509999986738, -96314.222400000318885 ], [ -83608.453099999576807, -96314.331299999728799 ], [ -83607.013100000098348, -96314.53830000013113 ], [ -83605.774100000038743, -96314.748299999162555 ], [ -83604.561099999584258, -96314.958300000056624 ], [ -83603.347099999897182, -96315.193199999630451 ], [ -83602.134200000204146, -96315.403200000524521 ], [ -83600.945199999958277, -96315.613199999555945 ], [ -83599.151200000196695, -96315.916200000792742 ], [ -83597.988199999555945, -96316.127100000157952 ], [ -83596.850200000219047, -96316.33809999935329 ], [ -83595.687199999578297, -96316.549100000411272 ], [ -83594.474200000055134, -96316.759099999442697 ], [ -83593.285199999809265, -96316.994000000879169 ], [ -83592.07120000012219, -96317.255000000819564 ], [ -83590.807199999690056, -96317.514000000432134 ], [ -83588.428199999965727, -96318.085999999195337 ], [ -83586.100200000219047, -96318.633899999782443 ], [ -83584.937199999578297, -96318.869899999350309 ], [ -83583.750199999660254, -96319.029899999499321 ], [ -83582.338600000366569, -96319.213300000876188 ], [ -83581.335699999704957, -96319.337200000882149 ], [ -83580.213200000114739, -96319.4847999997437 ], [ -83579.423200000077486, -96319.609300000593066 ], [ -83578.595200000330806, -96319.739800000563264 ], [ -83577.356200000271201, -96319.974700000137091 ], [ -83576.117200000211596, -96320.234699999913573 ], [ -83575.131199999712408, -96320.447699999436736 ], [ -83574.404600000008941, -96320.614700000733137 ], [ -83572.626199999824166, -96321.017599999904633 ], [ -83571.337299999780953, -96321.251599999144673 ], [ -83570.351300000213087, -96321.439600000157952 ], [ -83569.339300000108778, -96321.677600000053644 ], [ -83568.048299999907613, -96322.038599999621511 ], [ -83566.907300000078976, -96322.425499999895692 ], [ -83564.363400000147521, -96323.39049999974668 ], [ -83563.764299999922514, -96323.617499999701977 ], [ -83562.775299999862909, -96324.007400000467896 ], [ -83561.659300000406802, -96324.420399999246001 ], [ -83560.646300000138581, -96324.759400000795722 ], [ -83559.63329999987036, -96325.072399999946356 ], [ -83558.595300000160933, -96325.360400000587106 ], [ -83557.405299999751151, -96325.6722999997437 ], [ -83556.368300000205636, -96325.935300000011921 ], [ -83555.354299999773502, -96326.273299999535084 ], [ -83554.316300000064075, -96326.587300000712276 ], [ -83553.278300000354648, -96326.87529999949038 ], [ -83552.24129999987781, -96327.138199999928474 ], [ -83551.152300000190735, -96327.400200000032783 ], [ -83550.090300000272691, -96327.637199999764562 ], [ -83548.497299999929965, -96327.96820000000298 ], [ -83547.308299999684095, -96328.20409999974072 ], [ -83546.145299999974668, -96328.440099999308586 ], [ -83544.829300000332296, -96328.749099999666214 ], [ -83543.666299999691546, -96329.010099999606609 ], [ -83542.628299999982119, -96329.247999999672174 ], [ -83541.566300000064075, -96329.484999999403954 ], [ -83540.924300000071526, -96329.762000000104308 ], [ -83540.278800000436604, -96330.114499999210238 ], [ -83539.001299999654293, -96330.286000000312924 ], [ -83537.831299999728799, -96330.349999999627471 ], [ -83536.7972999997437, -96330.384899999946356 ], [ -83529.254800000227988, -96332.094799999147654 ], [ -83522.661399999633431, -96333.288699999451637 ], [ -83521.633399999700487, -96333.484600000083447 ], [ -83519.600399999879301, -96333.90059999935329 ], [ -83518.118400000035763, -96334.273600000888109 ], [ -83513.155399999581277, -96335.732499999925494 ], [ -83507.236399999819696, -96337.501299999654293 ], [ -83506.168399999849498, -96337.860300000756979 ], [ -83494.38190000038594, -96341.045199999585748 ], [ -83488.213399999774992, -96342.71199999935925 ], [ -83482.604399999603629, -96344.124900000169873 ], [ -83479.115399999544024, -96345.004799999296665 ], [ -83477.975399999879301, -96345.296800000593066 ], [ -83476.104399999603629, -96345.706700000911951 ], [ -83475.05350000038743, -96345.903699999675155 ], [ -83474.001500000245869, -96346.078700000420213 ], [ -83472.516499999910593, -96346.382699999958277 ], [ -83471.534500000067055, -96346.577600000426173 ], [ -83468.954499999992549, -96347.126599999144673 ], [ -83466.921500000171363, -96347.518500000238419 ], [ -83465.780500000342727, -96347.788499999791384 ], [ -83464.662499999627471, -96348.033500000834465 ], [ -83461.451500000432134, -96348.972400000318885 ], [ -83460.524500000290573, -96349.418400000780821 ], [ -83459.798499999567866, -96349.697399999946356 ], [ -83457.543499999679625, -96350.34940000064671 ], [ -83455.066499999724329, -96351.194299999624491 ], [ -83449.012500000186265, -96353.059200000017881 ], [ -83435.60840000025928, -96356.707200000062585 ], [ -83424.613499999977648, -96359.78969999961555 ], [ -83415.580500000156462, -96362.586500000208616 ], [ -83410.220599999651313, -96363.898399999365211 ], [ -83407.844600000418723, -96364.348400000482798 ], [ -83401.590599999763072, -96365.202199999243021 ], [ -83401.342699999921024, -96361.88230000063777 ], [ -83395.560700000263751, -96362.289100000634789 ], [ -83395.779600000008941, -96365.146099999547005 ], [ -83394.902599999681115, -96365.209100000560284 ], [ -83393.865600000135601, -96365.130100000649691 ], [ -83392.802699999883771, -96364.9831000007689 ], [ -83391.700699999928474, -96365.044099999591708 ], [ -83390.718700000084937, -96365.262000000104308 ], [ -83389.627700000070035, -96365.621999999508262 ], [ -83387.892699999734759, -96366.004000000655651 ], [ -83386.693199999630451, -96366.229499999433756 ], [ -83385.449699999764562, -96366.524900000542402 ], [ -83384.335699999704957, -96366.885900000110269 ], [ -83383.245699999853969, -96367.290899999439716 ], [ -83382.678700000047684, -96367.517899999395013 ], [ -83381.045699999667704, -96368.19480000063777 ], [ -83379.981700000353158, -96368.668800000101328 ], [ -83379.210699999704957, -96368.994799999520183 ], [ -83375.088700000196695, -96370.171700000762939 ], [ -83371.425699999555945, -96370.666600000113249 ], [ -83366.896300000138581, -96370.84569999948144 ], [ -83363.564699999988079, -96370.800499999895692 ], [ -83357.197800000198185, -96370.238399999216199 ], [ -83355.999800000339746, -96370.67339999973774 ], [ -83351.782899999991059, -96367.941299999132752 ], [ -83349.620699999853969, -96377.905200000852346 ], [ -83330.933899999596179, -96381.392799999564886 ], [ -83274.119199999608099, -96378.696900000795722 ], [ -83126.321899999864399, -96381.388900000602007 ], [ -82811.563500000163913, -96381.404899999499321 ], [ -82885.141099999658763, -96745.275299999862909 ], [ -82938.17269999999553, -97187.203199999406934 ], [ -82982.350399999879301, -97850.089600000530481 ], [ -83013.273199999704957, -98234.567500000819564 ], [ -83046.606499999761581, -98588.565799999982119 ], [ -83066.852500000037253, -98800.784700000658631 ], [ -83106.620000000111759, -98923.414599999785423 ], [ -83166.26549999974668, -99699.000399999320507 ], [ -83156.317400000058115, -100146.447200000286102 ], [ -83162.94469999987632, -100292.286399999633431 ], [ -83159.619800000451505, -100560.754499999806285 ], [ -83179.501699999906123, -101001.571900000795722 ], [ -83242.72690000012517, -101240.441400000825524 ], [ -83576.649600000120699, -101148.107599999755621 ], [ -83582.831199999898672, -101146.398299999535084 ], [ -83691.886400000192225, -101103.550499999895692 ], [ -83701.536399999633431, -101099.750700000673532 ], [ -83798.416400000452995, -101061.682700000703335 ], [ -83950.416500000283122, -101001.415899999439716 ], [ -83989.386500000022352, -100985.966700000688434 ], [ -84079.776600000448525, -100950.138599999248981 ], [ -84091.566599999554455, -100945.45890000090003 ], [ -84104.406600000336766, -100940.369100000709295 ], [ -84133.256599999964237, -100928.929700000211596 ], [ -84282.316700000315905, -100870.642799999564886 ], [ -84296.08669999986887, -100866.373099999502301 ], [ -84306.236600000411272, -100863.223300000652671 ], [ -84307.486600000411272, -100862.833399999886751 ], [ -84313.636599999852479, -100860.923499999567866 ], [ -84315.615899999625981, -100860.113299999386072 ], [ -84315.923499999567866, -100857.876800000667572 ], [ -84317.107300000265241, -100849.314099999144673 ], [ -84319.155199999921024, -100802.104499999433756 ], [ -84340.571700000204146, -100477.5168999992311 ], [ -84342.470900000073016, -100448.706000000238419 ], [ -84344.526399999856949, -100417.526799999177456 ], [ -84344.953599999658763, -100411.096599999815226 ], [ -84367.779299999587238, -100090.810200000181794 ], [ -84367.988599999807775, -100071.889299999922514 ], [ -84368.483599999919534, -100066.208000000566244 ], [ -84371.339800000190735, -100033.58809999935329 ], [ -84400.779199999757111, -99613.984099999070168 ], [ -84401.129700000397861, -99608.98450000025332 ], [ -84427.494500000029802, -99233.264499999582767 ], [ -84428.526999999769032, -99218.515699999406934 ], [ -84445.771300000138581, -98937.187400000169873 ], [ -84456.654699999839067, -98775.909800000488758 ], [ -84459.822200000286102, -98760.539599999785423 ], [ -84464.321600000374019, -98733.109400000423193 ] ] ] ] } },
{ "type": "Feature", "properties": { "dtmnfr": "110663", "freguesia": "Penha de França", "municipio": "Lisboa", "distrito_ilha": "Lisboa", "nuts3": "Grande Lisboa", "nuts2": "Grande Lisboa", "nuts1": "Continente", "area_ha": 271.07, "perimetro_km": 9, "designacao_simplificada": "Penha de França" }, "geometry": { "type": "MultiPolygon", "coordinates": [ [ [ [ -86841.638899999670684, -104433.307099999859929 ], [ -86846.755199999548495, -104403.975600000470877 ], [ -86766.118599999696016, -104243.475299999117851 ], [ -86731.380199999548495, -104172.665100000798702 ], [ -86722.730299999937415, -104141.675200000405312 ], [ -86716.331199999898672, -104119.025200000032783 ], [ -86712.632399999536574, -104102.707399999722838 ], [ -86710.960699999704957, -104095.324899999424815 ], [ -86709.241899999789894, -104087.745300000533462 ], [ -86718.302600000053644, -104046.1557 ], [ -86728.643199999816716, -104005.286199999973178 ], [ -86733.083599999547005, -103984.616399999707937 ], [ -86737.023900000378489, -103963.436599999666214 ], [ -86739.484400000423193, -103936.356799999251962 ], [ -86741.272599999792874, -103936.466000000014901 ], [ -86771.994199999608099, -103938.326899999752641 ], [ -86772.734299999661744, -103936.636700000613928 ], [ -86773.011900000274181, -103936.00760000012815 ], [ -86775.444799999706447, -103930.447499999776483 ], [ -86784.804700000211596, -103903.867900000885129 ], [ -86788.744800000451505, -103894.997999999672174 ], [ -86794.358099999837577, -103890.495799999684095 ], [ -86799.264899999834597, -103888.67820000089705 ], [ -86806.414800000376999, -103887.338400000706315 ], [ -86811.974799999967217, -103887.338500000536442 ], [ -86828.644600000232458, -103890.808800000697374 ], [ -86840.964499999769032, -103892.049000000581145 ], [ -86852.784400000236928, -103892.049200000241399 ], [ -86865.104399999603629, -103890.0793999992311 ], [ -86868.086400000378489, -103888.587799999862909 ], [ -86875.174399999901652, -103885.03969999961555 ], [ -86885.644199999980628, -103877.469399999827147 ], [ -86887.274500000290573, -103876.289899999275804 ], [ -86903.034699999727309, -103861.030300000682473 ], [ -86914.364799999631941, -103849.21059999987483 ], [ -86920.594800000078976, -103847.920700000599027 ], [ -86921.4847999997437, -103847.74070000089705 ], [ -86922.175300000235438, -103848.152899999171495 ], [ -86926.171099999919534, -103850.551699999719858 ], [ -86930.119599999859929, -103852.921099999919534 ], [ -86930.993900000117719, -103853.04759999923408 ], [ -86943.576299999840558, -103829.7204 ], [ -86946.084999999962747, -103825.071299999952316 ], [ -86952.114199999719858, -103799.769500000402331 ], [ -86952.332499999552965, -103798.846799999475479 ], [ -86952.497000000439584, -103798.15059999935329 ], [ -86955.174499999731779, -103786.913599999621511 ], [ -86946.75650000013411, -103756.554099999368191 ], [ -86946.195299999788404, -103750.843699999153614 ], [ -86944.076799999922514, -103729.342000000178814 ], [ -86934.377999999560416, -103666.542199999094009 ], [ -86943.077800000086427, -103672.442299999296665 ], [ -86950.877700000070035, -103677.642400000244379 ], [ -86951.459300000220537, -103678.033800000324845 ], [ -86952.007799999788404, -103678.402799999341369 ], [ -86956.077600000426173, -103681.142500000074506 ], [ -86951.177799999713898, -103668.943600000813603 ], [ -86940.627399999648333, -103642.675000000745058 ], [ -86934.268699999898672, -103626.532500000670552 ], [ -86871.99210000038147, -103463.865100000053644 ], [ -86832.624200000427663, -103361.442399999126792 ], [ -86831.804800000041723, -103359.300499999895692 ], [ -86806.545800000429153, -103284.432499999180436 ], [ -86792.456199999898672, -103267.122300000861287 ], [ -86789.958100000396371, -103217.223099999129772 ], [ -86787.418100000359118, -103166.452899999916553 ], [ -86786.408300000242889, -103127.192700000479817 ], [ -86783.390100000426173, -103054.223600000143051 ], [ -86778.862300000153482, -102938.934299999848008 ], [ -86779.292700000107288, -102914.694499999284744 ], [ -86779.693199999630451, -102890.453600000590086 ], [ -86656.451899999752641, -102882.191800000146031 ], [ -86603.644600000232458, -102878.651499999687076 ], [ -86602.053100000135601, -102878.472500000149012 ], [ -86601.275100000202656, -102878.386700000613928 ], [ -86600.126600000075996, -102878.259899999946356 ], [ -86593.534599999897182, -102877.521299999207258 ], [ -86579.795199999585748, -102876.641000000759959 ], [ -86577.924800000153482, -102876.521099999547005 ], [ -86553.295400000177324, -102877.9693 ], [ -86552.466500000096858, -102878.017000000923872 ], [ -86522.55379999987781, -102869.042099999263883 ], [ -86480.725300000049174, -102856.379399999976158 ], [ -86456.035500000230968, -102851.138499999418855 ], [ -86423.816399999894202, -102844.298499999567866 ], [ -86419.647099999710917, -102842.67820000089705 ], [ -86376.639000000432134, -102825.95920000039041 ], [ -86369.427099999971688, -102823.157299999147654 ], [ -86363.296900000423193, -102837.237400000914931 ], [ -86330.645800000056624, -102912.256300000473857 ], [ -86305.974600000306964, -102985.745400000363588 ], [ -86269.20380000025034, -103041.114299999549985 ], [ -86202.843000000342727, -103111.052699999883771 ], [ -86195.172899999655783, -103119.132500000298023 ], [ -86096.46169999986887, -103224.330000000074506 ], [ -86064.731200000271201, -103262.07909999974072 ], [ -86017.390599999576807, -103311.9079 ], [ -85990.200400000438094, -103331.537299999967217 ], [ -85958.470399999991059, -103347.646600000560284 ], [ -85950.170400000177324, -103350.526399999856949 ], [ -85897.530399999581277, -103368.785399999469519 ], [ -85841.130300000309944, -103392.944199999794364 ], [ -85768.590900000184774, -103385.422900000587106 ], [ -85714.64130000025034, -103383.471899999305606 ], [ -85713.171400000341237, -103383.421900000423193 ], [ -85689.781499999575317, -103386.061499999836087 ], [ -85566.891999999992549, -103399.919099999591708 ], [ -85570.491799999959767, -103411.219100000336766 ], [ -85573.491600000299513, -103419.019099999219179 ], [ -85574.991499999538064, -103427.919099999591708 ], [ -85574.891400000080466, -103433.719100000336766 ], [ -85574.191200000233948, -103441.619000000879169 ], [ -85573.691100000403821, -103449.418899999931455 ], [ -85571.790900000371039, -103460.11879999935627 ], [ -85570.490799999795854, -103465.61879999935627 ], [ -85567.790699999779463, -103474.81870000064373 ], [ -85563.790400000289083, -103490.818499999120831 ], [ -85561.090200000442564, -103501.218399999663234 ], [ -85553.389700000174344, -103531.718000000342727 ], [ -85548.78940000012517, -103550.317800000309944 ], [ -85543.589100000448525, -103569.417600000277162 ], [ -85538.288900000043213, -103583.517400000244379 ], [ -85533.488800000399351, -103590.617200000211596 ], [ -85529.28870000038296, -103597.2171 ], [ -85514.388399999588728, -103620.616699999198318 ], [ -85499.188000000081956, -103646.316199999302626 ], [ -85471.487399999983609, -103691.215399999171495 ], [ -85464.687199999578297, -103702.615199999883771 ], [ -85431.786399999633431, -103757.114299999549985 ], [ -85430.386400000192225, -103759.314200000837445 ], [ -85412.58600000012666, -103789.113700000569224 ], [ -85405.085799999535084, -103801.513499999418855 ], [ -85398.985700000077486, -103812.813300000503659 ], [ -85394.585500000044703, -103822.513199999928474 ], [ -85390.485299999825656, -103834.312999999150634 ], [ -85387.285099999979138, -103845.912900000810623 ], [ -85382.4847999997437, -103866.112600000575185 ], [ -85378.344499999657273, -103883.632400000467896 ], [ -85364.583499999716878, -103941.811799999326468 ], [ -85360.903300000354648, -103957.39159999974072 ], [ -85355.38289999961853, -103980.8114 ], [ -85350.38260000012815, -104001.211100000888109 ], [ -85345.082200000062585, -104022.810900000855327 ], [ -85340.581899999640882, -104041.410700000822544 ], [ -85335.881599999964237, -104061.310499999672174 ], [ -85334.181400000117719, -104068.210400000214577 ], [ -85330.881199999712408, -104080.910299999639392 ], [ -85328.481100000441074, -104088.010199999436736 ], [ -85325.11600000038743, -104094.400100000202656 ], [ -85318.980899999849498, -104102.009899999946356 ], [ -85313.080900000408292, -104107.309800000861287 ], [ -85281.820700000040233, -104129.799000000581145 ], [ -85258.760499999858439, -104146.388499999418855 ], [ -85234.990399999544024, -104163.347999999299645 ], [ -85227.480299999937415, -104168.707800000905991 ], [ -85222.18030000012368, -104173.137700000777841 ], [ -85219.900299999862909, -104175.117599999532104 ], [ -85203.04009999986738, -104189.747199999168515 ], [ -85198.400200000032783, -104188.107100000604987 ], [ -85197.040199999697506, -104187.627100000157952 ], [ -85195.190200000070035, -104186.977099999785423 ], [ -85185.920300000347197, -104183.706900000572205 ], [ -85184.300300000235438, -104184.886900000274181 ], [ -85156.720099999569356, -104204.936300000175834 ], [ -85075.039499999955297, -104269.604299999773502 ], [ -85071.389499999582767, -104272.494200000539422 ], [ -84961.568599999882281, -104359.431700000539422 ], [ -84957.826500000432134, -104362.770199999213219 ], [ -84505.944299999624491, -104765.9206000007689 ], [ -84573.892599999904633, -104832.541400000452995 ], [ -84715.295300000347197, -105186.081599999219179 ], [ -84879.759800000116229, -105428.862999999895692 ], [ -85435.447800000198185, -104944.412299999967217 ], [ -85436.704800000414252, -104943.316400000825524 ], [ -85501.565399999730289, -104889.647900000214577 ], [ -85583.326100000180304, -104821.989800000563264 ], [ -85743.987200000323355, -104698.60359999909997 ], [ -85757.367300000041723, -104688.33390000090003 ], [ -85765.477400000207126, -104681.464099999517202 ], [ -85805.767699999734759, -104647.385099999606609 ], [ -85920.658699999563396, -104550.18779999949038 ], [ -85935.718999999575317, -104533.068199999630451 ], [ -85943.209099999628961, -104520.778400000184774 ], [ -85957.089399999938905, -104498.018799999728799 ], [ -85969.109299999661744, -104500.459000000730157 ], [ -86028.449000000022352, -104494.960100000724196 ], [ -86079.348699999973178, -104491.911100000143051 ], [ -86114.848500000312924, -104489.781700000166893 ], [ -86166.43819999974221, -104486.692700000479817 ], [ -86283.717799999751151, -104469.605000000447035 ], [ -86288.737800000235438, -104468.865100000053644 ], [ -86316.657599999569356, -104464.805600000545382 ], [ -86386.267400000244379, -104454.656899999827147 ], [ -86445.667899999767542, -104401.35840000025928 ], [ -86471.598199999891222, -104378.088999999687076 ], [ -86482.267699999734759, -104402.328999999910593 ], [ -86497.787200000137091, -104421.70920000039041 ], [ -86504.567099999636412, -104425.589299999177456 ], [ -86508.036999999545515, -104427.319299999624491 ], [ -86512.326999999582767, -104429.459400000050664 ], [ -86526.576700000092387, -104438.169600000604987 ], [ -86529.786700000055134, -104440.129599999636412 ], [ -86532.386599999852479, -104440.939699999988079 ], [ -86545.296500000171363, -104444.969900000840425 ], [ -86557.90639999974519, -104445.940099999308586 ], [ -86578.266200000420213, -104444.970499999821186 ], [ -86581.135599999688566, -104478.430299999192357 ], [ -86581.785500000230968, -104486.090299999341369 ], [ -86585.944600000046194, -104534.630000000819564 ], [ -86588.254499999806285, -104534.390100000426173 ], [ -86616.274400000460446, -104531.570599999278784 ], [ -86620.873999999836087, -104552.800499999895692 ], [ -86636.752999999560416, -104601.690500000491738 ], [ -86639.362800000235438, -104609.740499999374151 ], [ -86666.451899999752641, -104648.5307 ], [ -86697.591799999587238, -104644.191299999132752 ], [ -86701.661799999885261, -104642.77140000090003 ], [ -86706.241799999959767, -104641.171499999240041 ], [ -86735.851999999955297, -104622.752100000157952 ], [ -86739.502000000327826, -104620.182199999690056 ], [ -86740.891999999992549, -104619.202299999073148 ], [ -86745.701999999582767, -104614.852399999275804 ], [ -86746.962100000120699, -104613.112400000914931 ], [ -86748.542100000195205, -104610.862500000745058 ], [ -86751.752199999988079, -104604.732599999755621 ], [ -86752.962199999950826, -104602.402599999681115 ], [ -86754.362200000323355, -104599.722599999979138 ], [ -86788.253200000151992, -104534.913699999451637 ], [ -86833.894500000402331, -104447.595100000500679 ], [ -86841.638899999670684, -104433.307099999859929 ] ] ] ] } },
{ "type": "Feature", "properties": { "dtmnfr": "110664", "freguesia": "Santa Clara", "municipio": "Lisboa", "distrito_ilha": "Lisboa", "nuts3": "Grande Lisboa", "nuts2": "Grande Lisboa", "nuts1": "Continente", "area_ha": 335.55, "perimetro_km": 9, "designacao_simplificada": "Santa Clara" }, "geometry": { "type": "MultiPolygon", "coordinates": [ [ [ [ -87653.615399999544024, -98382.754599999636412 ], [ -87813.275500000454485, -98331.967000000178814 ], [ -87834.186999999918044, -98392.598500000312924 ], [ -87886.26480000000447, -98543.594100000336766 ], [ -87957.165000000037253, -98502.995699999853969 ], [ -88025.665300000458956, -98464.297199999913573 ], [ -88064.465599999763072, -98439.496300000697374 ], [ -88152.474700000137091, -98383.241900000721216 ], [ -88155.988699999637902, -98392.52309999987483 ], [ -88181.538099999539554, -98472.604000000283122 ], [ -88309.859000000171363, -98430.02559999935329 ], [ -88408.939899999648333, -98396.834599999710917 ], [ -88429.99890000000596, -98389.352099999785423 ], [ -88456.993900000117719, -98382.964600000530481 ], [ -88482.259800000116229, -98375.534099999815226 ], [ -88535.377899999730289, -98353.497199999168515 ], [ -88579.360500000417233, -98304.198400000110269 ], [ -88602.148900000378489, -98274.473999999463558 ], [ -88620.994199999608099, -98250.700500000268221 ], [ -88627.367200000211596, -98245.523600000888109 ], [ -88632.369199999608099, -98242.273700000718236 ], [ -88645.745199999772012, -98238.80599999986589 ], [ -88672.992200000211596, -98228.898600000888109 ], [ -88711.139200000092387, -98217.504300000146031 ], [ -88733.125199999660254, -98209.64780000038445 ], [ -88752.257100000046194, -98206.607200000435114 ], [ -88761.174999999813735, -98206.607300000265241 ], [ -88770.092000000178814, -98207.10249999910593 ], [ -88780.764899999834597, -98207.612700000405312 ], [ -88781.664800000376999, -98211.912699999287724 ], [ -88799.064600000157952, -98215.612999999895692 ], [ -88801.564399999566376, -98226.612900000065565 ], [ -88820.564399999566376, -98220.313300000503659 ], [ -88827.564299999736249, -98219.813500000163913 ], [ -88833.864299999549985, -98221.613600000739098 ], [ -88838.564199999906123, -98224.913599999621511 ], [ -88841.964100000448525, -98229.413599999621511 ], [ -88843.463999999687076, -98232.713700000196695 ], [ -88845.963800000026822, -98240.913599999621511 ], [ -88852.463800000026822, -98239.913799999281764 ], [ -88856.556099999696016, -98244.904899999499321 ], [ -88873.863199999555945, -98266.014000000432134 ], [ -88879.16260000038892, -98296.013900000602007 ], [ -88884.062599999830127, -98295.313999999314547 ], [ -88886.662299999967217, -98312.31389999948442 ], [ -88884.262299999594688, -98312.713899999856949 ], [ -88887.061900000087917, -98330.813799999654293 ], [ -88892.161899999715388, -98330.013900000602007 ], [ -88894.310800000093877, -98343.983200000599027 ], [ -88895.361499999649823, -98350.813799999654293 ], [ -88887.761500000022352, -98351.913699999451637 ], [ -88889.261300000362098, -98361.31359999999404 ], [ -88894.161299999803305, -98360.613700000569224 ], [ -88896.760999999940395, -98377.613600000739098 ], [ -88894.360999999567866, -98377.913599999621511 ], [ -88897.060700000263751, -98396.013499999418855 ], [ -88902.160600000061095, -98395.31359999999404 ], [ -88905.36019999999553, -98416.013499999418855 ], [ -88897.860299999825656, -98417.213400000706315 ], [ -88901.459800000302494, -98440.613299999386072 ], [ -88997.229199999943376, -98439.352099999785423 ], [ -89004.559200000017881, -98438.415200000628829 ], [ -89012.45920000039041, -98435.715399999171495 ], [ -89018.95920000039041, -98432.115499999374151 ], [ -89023.749200000427663, -98428.329600000753999 ], [ -89059.666500000283122, -98399.979499999433756 ], [ -89067.059600000269711, -98393.916600000113249 ], [ -89101.098399999551475, -98422.031300000846386 ], [ -89202.056599999777973, -98505.418299999088049 ], [ -89201.756699999794364, -98501.318399999290705 ], [ -89201.65679999999702, -98496.318399999290705 ], [ -89201.73369999974966, -98495.21059999987483 ], [ -89202.156899999827147, -98489.118400000035763 ], [ -89203.357099999673665, -98480.218499999493361 ], [ -89205.257299999706447, -98466.718599999323487 ], [ -89207.457600000314415, -98451.61879999935627 ], [ -89208.557699999772012, -98444.418899999931455 ], [ -89209.257799999788404, -98439.318900000303984 ], [ -89209.996700000017881, -98437.804300000891089 ], [ -89211.115600000135601, -98435.510299999266863 ], [ -89212.076299999840558, -98434.226399999111891 ], [ -89233.358199999667704, -98408.419600000604987 ], [ -89235.434500000439584, -98404.860200000926852 ], [ -89235.900700000114739, -98403.639599999412894 ], [ -89237.25829999987036, -98400.019700000062585 ], [ -89237.561499999836087, -98398.291699999943376 ], [ -89238.258399999700487, -98394.319700000807643 ], [ -89238.411199999973178, -98393.038799999281764 ], [ -89239.558600000105798, -98383.419800000265241 ], [ -89240.25870000012219, -98374.719900000840425 ], [ -89240.458800000138581, -98368.919999999925494 ], [ -89240.458999999798834, -98359.619999999180436 ], [ -89240.159099999815226, -98352.920099999755621 ], [ -89239.468399999663234, -98346.529500000178814 ], [ -89239.359299999661744, -98345.520099999383092 ], [ -89239.245900000445545, -98344.303300000727177 ], [ -89238.259499999694526, -98333.720200000330806 ], [ -89237.359699999913573, -98324.620200000703335 ], [ -89236.873399999924004, -98320.566800000146031 ], [ -89236.159900000318885, -98314.620200000703335 ], [ -89235.595399999991059, -98307.782899999991059 ], [ -89235.260099999606609, -98303.720300000160933 ], [ -89234.260300000198185, -98293.220399999991059 ], [ -89233.160400000400841, -98283.82039999961853 ], [ -89232.360500000417233, -98278.120400000363588 ], [ -89228.958800000138581, -98265.018400000408292 ], [ -89279.166899999603629, -98240.042500000447035 ], [ -89297.500900000333786, -98232.271900000050664 ], [ -89325.834800000302494, -98226.937999999150634 ], [ -89360.63910000026226, -98219.796099999919534 ], [ -89383.774699999950826, -98215.22859999909997 ], [ -89421.820600000210106, -98207.744300000369549 ], [ -89467.236600000411272, -98188.003299999982119 ], [ -89482.420599999837577, -98182.365599999204278 ], [ -89486.756000000052154, -98180.971499999985099 ], [ -89489.494599999859929, -98180.090800000354648 ], [ -89493.560499999672174, -98185.925799999386072 ], [ -89496.160299999639392, -98192.325799999758601 ], [ -89498.060200000181794, -98198.72580000013113 ], [ -89499.160099999979138, -98203.72580000013113 ], [ -89500.559999999590218, -98210.825799999758601 ], [ -89502.159799999557436, -98218.025699999183416 ], [ -89504.859600000083447, -98229.725700000301003 ], [ -89506.859400000423193, -98238.725700000301003 ], [ -89508.359299999661744, -98245.925699999555945 ], [ -89510.35910000000149, -98255.225600000470877 ], [ -89512.058899999596179, -98262.625600000843406 ], [ -89512.958899999968708, -98266.325600000098348 ], [ -89536.658699999563396, -98265.426000000908971 ], [ -89536.658800000324845, -98258.926100000739098 ], [ -89535.859000000171363, -98252.12609999999404 ], [ -89534.559100000187755, -98244.326099999248981 ], [ -89532.159400000236928, -98232.826199999079108 ], [ -89528.959599999710917, -98218.326199999079108 ], [ -89525.559899999760091, -98202.82630000077188 ], [ -89522.960199999623001, -98190.026300000026822 ], [ -89521.060399999842048, -98180.426300000399351 ], [ -89519.660500000230968, -98173.62639999948442 ], [ -89518.360600000247359, -98168.526399999856949 ], [ -89517.360700000077486, -98161.726399999111891 ], [ -89516.960799999535084, -98159.526399999856949 ], [ -89516.560800000093877, -98156.726399999111891 ], [ -89516.260900000110269, -98155.426400000229478 ], [ -89514.960900000296533, -98151.526399999856949 ], [ -89512.96100000012666, -98146.926400000229478 ], [ -89510.661199999973178, -98141.62639999948442 ], [ -89508.661199999973178, -98137.526399999856949 ], [ -89508.161299999803305, -98136.526399999856949 ], [ -89504.961400000378489, -98129.426400000229478 ], [ -89499.861700000241399, -98118.226399999111891 ], [ -89498.761699999682605, -98115.62639999948442 ], [ -89497.261800000444055, -98111.826400000602007 ], [ -89495.761900000274181, -98107.826400000602007 ], [ -89494.861899999901652, -98104.226399999111891 ], [ -89493.462000000290573, -98099.026399999856949 ], [ -89492.56209999974817, -98094.62639999948442 ], [ -89492.362200000323355, -98093.226399999111891 ], [ -89491.662299999967217, -98088.226399999111891 ], [ -89491.062300000339746, -98084.12639999948442 ], [ -89489.862499999813735, -98075.926500000059605 ], [ -89489.062599999830127, -98068.926500000059605 ], [ -89488.462700000032783, -98062.526499999687076 ], [ -89487.962799999862909, -98057.126599999144673 ], [ -89487.762900000438094, -98052.426599999889731 ], [ -89487.663099999539554, -98045.426599999889731 ], [ -89487.763199999928474, -98038.326700000092387 ], [ -89488.963299999944866, -98029.126800000667572 ], [ -89490.963399999774992, -98024.226800000295043 ], [ -89489.263600000180304, -98015.026900000870228 ], [ -89491.364099999889731, -97988.327099999412894 ], [ -89491.564100000075996, -97986.127100000157952 ], [ -89492.064199999906123, -97980.027200000360608 ], [ -89497.76480000000447, -97943.527499999850988 ], [ -89500.365000000223517, -97932.627599999308586 ], [ -89502.865199999883771, -97924.227700000628829 ], [ -89505.465300000272691, -97917.027799999341369 ], [ -89518.065799999982119, -97882.028300000354648 ], [ -89524.666100000031292, -97862.828500000759959 ], [ -89527.76630000025034, -97852.128699999302626 ], [ -89530.666600000113249, -97837.128799999132752 ], [ -89534.466900000348687, -97816.629000000655651 ], [ -89534.967000000178814, -97811.129100000485778 ], [ -89535.467100000008941, -97805.229100000113249 ], [ -89536.267300000414252, -97796.229199999943376 ], [ -89536.667399999685585, -97787.52930000051856 ], [ -89535.567499999888241, -97781.829299999400973 ], [ -89532.467699999921024, -97774.429300000891089 ], [ -89526.367899999953806, -97767.429199999198318 ], [ -89517.268000000156462, -97761.029100000858307 ], [ -89498.568300000391901, -97751.82880000025034 ], [ -89489.268500000238419, -97747.228700000792742 ], [ -89463.668899999931455, -97735.528300000354648 ], [ -89456.868999999947846, -97731.728199999779463 ], [ -89451.169099999591708, -97727.628100000321865 ], [ -89447.569199999794364, -97723.328099999576807 ], [ -89444.569299999624491, -97719.028100000694394 ], [ -89441.869400000199676, -97711.828099999576807 ], [ -89441.669499999843538, -97706.028100000694394 ], [ -89442.56969999987632, -97696.228199999779463 ], [ -89445.469899999909103, -97687.828299999237061 ], [ -89446.569899999536574, -97686.128299999982119 ], [ -89448.426300000399351, -97683.306600000709295 ], [ -89449.069899999536574, -97682.328400000929832 ], [ -89454.570000000298023, -97677.028500000014901 ], [ -89464.269999999552965, -97672.428700000047684 ], [ -89471.269999999552965, -97670.628900000825524 ], [ -89483.069899999536574, -97670.029100000858307 ], [ -89489.569899999536574, -97671.529200000688434 ], [ -89494.969700000248849, -97675.929300000891089 ], [ -89508.969399999827147, -97690.129399999976158 ], [ -89522.769100000150502, -97703.029600000008941 ], [ -89535.968700000084937, -97715.129799999296665 ], [ -89570.367999999783933, -97744.330199999734759 ], [ -89597.667399999685585, -97767.730499999597669 ], [ -89603.567200000397861, -97773.030600000172853 ], [ -89610.467100000008941, -97777.830700000748038 ], [ -89618.066999999806285, -97781.830800000578165 ], [ -89624.866899999789894, -97785.230900000780821 ], [ -89629.766800000332296, -97786.630999999120831 ], [ -89637.966699999757111, -97788.531099999323487 ], [ -89645.86670000012964, -97789.231300000101328 ], [ -89664.166500000283122, -97789.631599999964237 ], [ -89681.890599999576807, -97790.027499999850988 ], [ -89686.566399999894202, -97790.131999999284744 ], [ -89690.166400000452995, -97789.732100000604987 ], [ -89696.300999999977648, -97787.315400000661612 ], [ -89699.574900000356138, -97786.025900000706315 ], [ -89706.666400000452995, -97783.232400000095367 ], [ -89735.166500000283122, -97766.132999999448657 ], [ -89753.76659999974072, -97752.233500000089407 ], [ -89755.120699999853969, -97751.130100000649691 ], [ -89770.265999999828637, -97738.78999999910593 ], [ -89820.165699999779463, -97686.119400000199676 ], [ -89953.75, -97545.117499999701977 ], [ -89958.586900000460446, -97541.495899999514222 ], [ -90003.302400000393391, -97508.014699999243021 ], [ -90015.944600000046194, -97498.914200000464916 ], [ -90024.594399999827147, -97492.687899999320507 ], [ -90029.675499999895692, -97489.030300000682473 ], [ -90030.199300000444055, -97486.352900000289083 ], [ -90029.448200000450015, -97486.089099999517202 ], [ -90028.796500000171363, -97485.860300000756979 ], [ -90009.566599999554455, -97464.260099999606609 ], [ -89993.376699999906123, -97464.259899999946356 ], [ -89977.046900000423193, -97445.159600000828505 ], [ -89903.567900000140071, -97439.758500000461936 ], [ -89857.487900000065565, -97435.948000000789762 ], [ -89854.988099999725819, -97425.538200000301003 ], [ -89849.838499999605119, -97402.628399999812245 ], [ -89847.07880000025034, -97400.528400000184774 ], [ -89843.518699999898672, -97399.597999999299645 ], [ -89835.889000000432134, -97401.578199999406934 ], [ -89810.738800000399351, -97409.747400000691414 ], [ -89800.188900000415742, -97412.787699999287724 ], [ -89792.688799999654293, -97414.237600000575185 ], [ -89788.339100000448525, -97414.89750000089407 ], [ -89782.279099999926984, -97415.157199999317527 ], [ -89777.538900000043213, -97414.367000000551343 ], [ -89768.199300000444055, -97412.127199999988079 ], [ -89751.479299999773502, -97408.566899999976158 ], [ -89746.339599999599159, -97407.776799999177456 ], [ -89742.919200000353158, -97408.306399999186397 ], [ -89739.629599999636412, -97410.146600000560284 ], [ -89735.809100000187755, -97413.706499999389052 ], [ -89727.509200000204146, -97431.486500000581145 ], [ -89726.45920000039041, -97432.556600000709295 ], [ -89718.949099999852479, -97429.916200000792742 ], [ -89701.439500000327826, -97420.695900000631809 ], [ -89699.589399999938905, -97418.325999999418855 ], [ -89695.109899999573827, -97395.926300000399351 ], [ -89692.050200000405312, -97378.806099999696016 ], [ -89688.449900000356138, -97374.845899999141693 ], [ -89680.540300000458956, -97375.316299999132752 ], [ -89667.520499999634922, -97376.125800000503659 ], [ -89611.371299999766052, -97326.815300000831485 ], [ -89591.24170000012964, -97308.555500000715256 ], [ -89565.441999999806285, -97286.805299999192357 ], [ -89557.302299999631941, -97279.725299999117851 ], [ -89556.492700000293553, -97275.775200000032783 ], [ -89557.882399999536574, -97270.655099999159575 ], [ -89561.022900000214577, -97260.065500000491738 ], [ -89563.352699999697506, -97249.025499999523163 ], [ -89563.233300000429153, -97239.715600000694394 ], [ -89562.872899999842048, -97235.415599999949336 ], [ -89560.203099999576807, -97230.765399999916553 ], [ -89553.343500000424683, -97222.625399999320507 ], [ -89541.013399999588728, -97210.065300000831485 ], [ -89535.434000000357628, -97206.805299999192357 ], [ -89530.323800000362098, -97205.875399999320507 ], [ -89524.973899999633431, -97206.225099999457598 ], [ -89517.88399999961257, -97207.855000000447035 ], [ -89500.213999999687076, -97212.154600000008941 ], [ -89494.403599999845028, -97213.204500000923872 ], [ -89492.654099999926984, -97212.73450000025332 ], [ -89485.333999999798834, -97205.994899999350309 ], [ -89454.614400000311434, -97175.994799999520183 ], [ -89437.875, -97159.244300000369549 ], [ -89431.705000000074506, -97153.444499999284744 ], [ -89429.955400000326335, -97152.164300000295043 ], [ -89427.055200000293553, -97151.574200000613928 ], [ -89408.455400000326335, -97149.024100000038743 ], [ -89389.385700000450015, -97146.343900000676513 ], [ -89377.765700000338256, -97144.953400000929832 ], [ -89374.615799999795854, -97144.033700000494719 ], [ -89369.965599999763072, -97139.26380000077188 ], [ -89348.116100000217557, -97113.793299999088049 ], [ -89306.717199999839067, -97064.013599999248981 ], [ -89295.08739999961108, -97049.373099999502301 ], [ -89289.738099999725819, -97006.683199999853969 ], [ -89288.218299999833107, -96998.433800000697374 ], [ -89284.728099999949336, -96998.203500000759959 ], [ -89278.798200000077486, -96999.133300000801682 ], [ -89254.268899999558926, -96972.493200000375509 ], [ -89232.069500000216067, -96949.233300000429153 ], [ -89229.279600000008941, -96946.682900000363588 ], [ -89225.209400000050664, -96944.122999999672174 ], [ -89217.539499999955297, -96940.9831000007689 ], [ -89199.049800000153482, -96934.012599999085069 ], [ -89191.730299999937415, -96930.052799999713898 ], [ -89189.049800000153482, -96927.38289999961853 ], [ -89180.220700000412762, -96900.972699999809265 ], [ -89163.131400000303984, -96852.482999999076128 ], [ -89152.781899999827147, -96822.252900000661612 ], [ -89150.582000000402331, -96820.393200000748038 ], [ -89142.442099999636412, -96814.692900000140071 ], [ -89107.552799999713898, -96792.592199999839067 ], [ -89090.222599999979138, -96782.142100000753999 ], [ -89078.942999999970198, -96774.112199999392033 ], [ -89085.203200000338256, -96765.74269999936223 ], [ -89083.692999999970198, -96757.13230000063777 ], [ -89078.113499999977648, -96750.852600000798702 ], [ -89072.303199999965727, -96749.802500000223517 ], [ -89065.673200000077486, -96748.992200000211596 ], [ -89059.743400000035763, -96746.781999999657273 ], [ -89054.98369999974966, -96742.941999999806285 ], [ -89049.983799999579787, -96725.732400000095367 ], [ -89044.16440000012517, -96701.832299999892712 ], [ -89040.454199999570847, -96689.362299999222159 ], [ -89035.014399999752641, -96685.38260000012815 ], [ -89029.844600000418723, -96683.7820999994874 ], [ -89012.474600000306964, -96682.851999999955297 ], [ -88993.504800000227988, -96681.401699999347329 ], [ -88985.814699999988079, -96679.941400000825524 ], [ -88982.105000000447035, -96677.681700000539422 ], [ -88974.545199999585748, -96671.971799999475479 ], [ -88964.465400000102818, -96659.631400000303984 ], [ -88945.095900000073016, -96633.091399999335408 ], [ -88927.066300000064075, -96603.771500000730157 ], [ -88913.136599999852479, -96582.411499999463558 ], [ -88909.156999999657273, -96576.831399999558926 ], [ -88905.307000000029802, -96574.041400000452995 ], [ -88899.736899999901652, -96573.381300000473857 ], [ -88866.317300000227988, -96589.43099999986589 ], [ -88848.287200000137091, -96599.120200000703335 ], [ -88843.777200000360608, -96600.440500000491738 ], [ -88821.097099999897182, -96598.720200000330806 ], [ -88801.477400000207126, -96598.050000000745058 ], [ -88793.777300000190735, -96596.979800000786781 ], [ -88789.667500000447035, -96594.729499999433756 ], [ -88786.088000000454485, -96590.079700000584126 ], [ -88783.177899999544024, -96577.879699999466538 ], [ -88779.728199999779463, -96564.339600000530481 ], [ -88775.348399999551475, -96556.119699999690056 ], [ -88767.258500000461936, -96538.859699999913573 ], [ -88763.548799999989569, -96531.959699999541044 ], [ -88758.638899999670684, -96525.189899999648333 ], [ -88753.20920000039041, -96519.619899999350309 ], [ -88741.399299999698997, -96508.869699999690056 ], [ -88736.229399999603629, -96505.289499999955297 ], [ -88730.929399999789894, -96503.829299999400973 ], [ -88708.119599999859929, -96501.309399999678135 ], [ -88693.129499999806285, -96499.579199999570847 ], [ -88686.099399999715388, -96498.928600000217557 ], [ -88679.469899999909103, -96499.458799999207258 ], [ -88674.829599999822676, -96505.828400000929832 ], [ -88668.729700000025332, -96516.838700000196695 ], [ -88597.830000000074506, -96513.807499999180436 ], [ -88588.149799999780953, -96532.307099999859929 ], [ -88556.440499999560416, -96516.627100000157952 ], [ -88553.633500000461936, -96509.781400000676513 ], [ -88552.840300000272691, -96507.846799999475479 ], [ -88551.660799999721348, -96504.986899999901652 ], [ -88548.720700000412762, -96479.987099999561906 ], [ -88546.761099999770522, -96472.877100000157952 ], [ -88540.881099999882281, -96467.847300000488758 ], [ -88494.101800000295043, -96439.546800000593066 ], [ -88469.982499999925494, -96423.366699999198318 ], [ -88468.392699999734759, -96388.936899999156594 ], [ -88465.573099999688566, -96383.406500000506639 ], [ -88440.713100000284612, -96379.606399999931455 ], [ -88384.623599999584258, -96371.275800000876188 ], [ -88333.493900000117719, -96363.174799999222159 ], [ -88326.804100000299513, -96370.30489999987185 ], [ -88314.80379999987781, -96386.77449999935925 ], [ -88296.433600000105798, -96430.083699999377131 ], [ -88286.73340000025928, -96442.244000000879169 ], [ -88224.253499999642372, -96483.92259999923408 ], [ -88210.863099999725819, -96488.842599999159575 ], [ -88198.663599999621511, -96492.262199999764562 ], [ -88193.743400000035763, -96491.49210000038147 ], [ -88184.973399999551475, -96486.111999999731779 ], [ -88177.433600000105798, -96484.722100000828505 ], [ -88167.733599999919534, -96485.951899999752641 ], [ -88159.273400000296533, -96489.491800000891089 ], [ -88148.653599999845028, -96497.651599999517202 ], [ -88128.833700000308454, -96507.411199999973178 ], [ -88102.833599999547005, -96518.030600000172853 ], [ -88078.213800000026822, -96529.260199999436736 ], [ -88039.904099999926984, -96544.03969999961555 ], [ -88011.443599999882281, -96560.509099999442697 ], [ -88006.743700000457466, -96559.908800000324845 ], [ -88000.323499999940395, -96577.20890000090003 ], [ -87990.193300000391901, -96610.228099999949336 ], [ -87972.932599999941885, -96669.897700000554323 ], [ -87963.552199999801815, -96711.547499999403954 ], [ -87959.891800000332296, -96735.946900000795722 ], [ -87958.391800000332296, -96754.526699999347329 ], [ -87958.211500000208616, -96775.346599999815226 ], [ -87957.080900000408292, -96789.426400000229478 ], [ -87952.770700000226498, -96804.246500000357628 ], [ -87948.080699999816716, -96813.256400000303984 ], [ -87947.890599999576807, -96824.135999999940395 ], [ -87949.580699999816716, -96835.766100000590086 ], [ -87954.64049999974668, -96840.086200000718236 ], [ -87967.020499999634922, -96840.646199999377131 ], [ -87999.849999999627471, -96836.326700000092387 ], [ -88001.160299999639392, -96840.266799999400973 ], [ -88001.350200000219047, -96846.647099999710917 ], [ -87994.78940000012517, -96895.806399999186397 ], [ -87990.658800000324845, -96928.645899999886751 ], [ -87988.96889999974519, -96941.595799999311566 ], [ -87980.338200000114739, -96998.075300000607967 ], [ -87977.14780000038445, -97021.524800000712276 ], [ -87972.277400000020862, -97058.30489999987185 ], [ -87962.146200000308454, -97122.854399999603629 ], [ -87956.885999999940395, -97144.614099999889731 ], [ -87943.575699999928474, -97185.713400000706315 ], [ -87933.815499999560416, -97209.913399999961257 ], [ -87926.315299999900162, -97223.423100000247359 ], [ -87920.635099999606609, -97223.982899999246001 ], [ -87909.285600000061095, -97221.832599999383092 ], [ -87873.465599999763072, -97213.292099999263883 ], [ -87829.236499999649823, -97203.531700000166893 ], [ -87792.096699999645352, -97196.030999999493361 ], [ -87754.767400000244379, -97188.710999999195337 ], [ -87733.247399999760091, -97183.640799999237061 ], [ -87725.367300000041723, -97181.860400000587106 ], [ -87708.297500000335276, -97183.080000000074506 ], [ -87702.767699999734759, -97184.580299999564886 ], [ -87700.047399999573827, -97187.019899999722838 ], [ -87686.827399999834597, -97197.720000000670552 ], [ -87673.877299999818206, -97213.28940000012517 ], [ -87664.777200000360608, -97225.489299999549985 ], [ -87650.337299999780953, -97243.588800000026822 ], [ -87638.516999999992549, -97258.88880000077188 ], [ -87633.177099999971688, -97263.578700000420213 ], [ -87630.736899999901652, -97264.888499999418855 ], [ -87635.89670000039041, -97272.858500000089407 ], [ -87617.416600000113249, -97296.507999999448657 ], [ -87606.066899999976158, -97310.597599999979138 ], [ -87594.816599999554455, -97322.887499999254942 ], [ -87584.866600000299513, -97332.177200000733137 ], [ -87571.456699999980628, -97337.707399999722838 ], [ -87556.506299999542534, -97344.096999999135733 ], [ -87517.146499999798834, -97361.026000000536442 ], [ -87510.396399999968708, -97360.096100000664592 ], [ -87505.136500000022352, -97361.595799999311566 ], [ -87477.096900000236928, -97372.755499999970198 ], [ -87465.457999999634922, -97378.026399999856949 ], [ -87449.375300000421703, -97421.44679999910295 ], [ -87438.497999999672174, -97453.158999999985099 ], [ -87411.798100000247359, -97538.49860000051558 ], [ -87393.423799999989569, -97579.089800000190735 ], [ -87387.234199999831617, -97592.763399999588728 ], [ -87370.967299999669194, -97654.538100000470877 ], [ -87361.272099999710917, -97737.904400000348687 ], [ -87361.572499999776483, -97757.152799999341369 ], [ -87362.009899999946356, -97785.18099999986589 ], [ -87362.240299999713898, -97799.944599999114871 ], [ -87373.871199999935925, -97894.943800000473857 ], [ -87375.217299999669194, -97898.522199999541044 ], [ -87410.705599999986589, -97992.851600000634789 ], [ -87423.722199999727309, -98018.072100000455976 ], [ -87438.064500000327826, -98045.861500000581145 ], [ -87457.234199999831617, -98083.004399999976158 ], [ -87491.161199999973178, -98144.075899999588728 ], [ -87525.281600000336766, -98193.945900000631809 ], [ -87541.567499999888241, -98217.749399999156594 ], [ -87607.483300000429153, -98314.688400000333786 ], [ -87653.615399999544024, -98382.754599999636412 ] ] ] ] } },
{ "type": "Feature", "properties": { "dtmnfr": "110665", "freguesia": "Santa Maria Maior", "municipio": "Lisboa", "distrito_ilha": "Lisboa", "nuts3": "Grande Lisboa", "nuts2": "Grande Lisboa", "nuts1": "Continente", "area_ha": 301.16, "perimetro_km": 9, "designacao_simplificada": "Santa Maria Maior" }, "geometry": { "type": "MultiPolygon", "coordinates": [ [ [ [ -87670.966099999845028, -105136.73340000025928 ], [ -87609.516699999570847, -105219.253000000491738 ], [ -87596.155299999751151, -105220.653699999675155 ], [ -87592.136300000362098, -105224.252100000157952 ], [ -87580.887000000104308, -105234.321699999272823 ], [ -87576.197499999776483, -105229.967299999669194 ], [ -87571.133600000292063, -105225.265300000086427 ], [ -87565.434600000269711, -105222.426300000399351 ], [ -87560.667799999937415, -105220.051899999380112 ], [ -87554.877299999818206, -105217.363399999216199 ], [ -87544.847400000318885, -105228.694599999114871 ], [ -87529.135300000198185, -105245.104000000283122 ], [ -87524.495199999772012, -105252.622199999168515 ], [ -87519.884999999776483, -105263.0921 ], [ -87507.51480000000447, -105282.311699999496341 ], [ -87506.564799999818206, -105283.801699999719858 ], [ -87504.595700000412762, -105286.232599999755621 ], [ -87499.766400000080466, -105290.13230000063777 ], [ -87496.675800000317395, -105292.243300000205636 ], [ -87493.524600000120699, -105296.50139999948442 ], [ -87487.504499999806285, -105303.181199999526143 ], [ -87484.834400000050664, -105312.201099999248981 ], [ -87485.876299999654293, -105324.371899999678135 ], [ -87486.211099999956787, -105328.248999999836087 ], [ -87486.502100000157952, -105331.620500000193715 ], [ -87488.183100000023842, -105341.558499999344349 ], [ -87484.522499999962747, -105341.36089999973774 ], [ -87477.499900000169873, -105340.986800000071526 ], [ -87472.123999999836087, -105340.600700000301003 ], [ -87469.627999999560416, -105340.866100000217557 ], [ -87435.943799999542534, -105341.740399999544024 ], [ -87435.480999999679625, -105339.540500000119209 ], [ -87435.066599999554455, -105337.290899999439716 ], [ -87434.234400000423193, -105332.740199999883771 ], [ -87433.266699999570847, -105328.690600000321865 ], [ -87427.233599999919534, -105327.179700000211596 ], [ -87414.985000000335276, -105324.11089999973774 ], [ -87411.465200000442564, -105324.548900000751019 ], [ -87410.636400000192225, -105325.02140000090003 ], [ -87407.944600000046194, -105326.569599999114871 ], [ -87404.738900000229478, -105326.865800000727177 ], [ -87402.924700000323355, -105325.569499999284744 ], [ -87397.895600000396371, -105317.830700000748038 ], [ -87389.895100000314415, -105305.519400000572205 ], [ -87376.462600000202656, -105279.033700000494719 ], [ -87362.945899999700487, -105254.337200000882149 ], [ -87360.878299999982119, -105250.7818 ], [ -87355.407999999821186, -105241.50870000012219 ], [ -87353.388100000098348, -105237.199799999594688 ], [ -87341.089100000448525, -105210.963800000026822 ], [ -87332.397699999623001, -105187.89919999986887 ], [ -87327.809899999760091, -105175.348200000822544 ], [ -87324.708100000396371, -105166.849199999123812 ], [ -87322.214399999938905, -105163.74070000089705 ], [ -87307.658300000242889, -105163.508899999782443 ], [ -87300.29839999973774, -105160.838800000026822 ], [ -87266.559100000187755, -105136.308299999684095 ], [ -87256.439299999736249, -105128.637700000777841 ], [ -87240.962700000032783, -105116.855399999767542 ], [ -87241.551799999549985, -105116.049100000411272 ], [ -87278.090200000442564, -105066.25899999961257 ], [ -87283.701399999670684, -105054.106699999421835 ], [ -87284.840499999932945, -105051.639200000092387 ], [ -87283.720599999651313, -105043.75929999910295 ], [ -87257.831500000320375, -105002.129100000485778 ], [ -87254.751799999736249, -104990.539100000634789 ], [ -87258.951999999582767, -104978.50929999910295 ], [ -87262.381000000052154, -104974.190300000831485 ], [ -87273.892199999652803, -104959.689600000157952 ], [ -87297.502799999900162, -104921.151799999177456 ], [ -87310.332999999634922, -104900.210699999704957 ], [ -87301.184799999929965, -104861.401900000870228 ], [ -87300.984199999831617, -104860.549900000914931 ], [ -87300.586099999956787, -104858.870100000873208 ], [ -87281.567200000397861, -104778.253399999812245 ], [ -87220.415599999949336, -104792.959799999371171 ], [ -87206.655500000342727, -104794.779400000348687 ], [ -87181.254900000058115, -104798.13880000077188 ], [ -87180.354399999603629, -104798.258300000801682 ], [ -87180.72510000038892, -104802.028799999505281 ], [ -87182.503899999894202, -104820.017200000584126 ], [ -87182.634100000374019, -104821.341900000348687 ], [ -87155.564600000157952, -104822.421299999579787 ], [ -87145.885700000450015, -104822.806399999186397 ], [ -87144.555100000463426, -104822.857100000604987 ], [ -87143.19550000037998, -104822.909299999475479 ], [ -87138.685200000181794, -104823.087899999693036 ], [ -87136.497200000099838, -104823.175799999386072 ], [ -87131.83559999987483, -104823.357499999925494 ], [ -87128.017500000074506, -104793.800400000065565 ], [ -87109.634499999694526, -104799.048200000077486 ], [ -87104.836500000208616, -104800.417500000447035 ], [ -87104.14809999987483, -104808.649599999189377 ], [ -87103.185899999924004, -104818.547499999403954 ], [ -87097.775299999862909, -104853.587200000882149 ], [ -87095.895200000144541, -104863.457100000232458 ], [ -87086.255300000309944, -104888.14670000039041 ], [ -87077.894500000402331, -104907.306399999186397 ], [ -87071.462600000202656, -104916.545499999076128 ], [ -87071.34429999999702, -104917.246300000697374 ], [ -87069.864199999719858, -104924.726199999451637 ], [ -87068.784099999815226, -104930.076099999248981 ], [ -87065.873599999584258, -104961.745899999514222 ], [ -87057.053100000135601, -104989.785499999299645 ], [ -87056.823099999688566, -104990.51549999974668 ], [ -87053.483000000007451, -104997.935399999842048 ], [ -87052.893000000156462, -104999.245400000363588 ], [ -87052.612999999895692, -104999.865399999544024 ], [ -87052.162999999709427, -105000.865299999713898 ], [ -87051.002899999730289, -105003.445299999788404 ], [ -87038.712799999862909, -105017.015000000596046 ], [ -87019.3125, -105039.314500000327826 ], [ -87016.02240000013262, -105042.72440000064671 ], [ -87004.432300000451505, -105054.774100000038743 ], [ -87000.052199999801815, -105059.323999999091029 ], [ -86996.832200000062585, -105062.673900000751019 ], [ -86994.732200000435114, -105064.853900000452995 ], [ -86954.871799999848008, -105100.32289999909699 ], [ -86953.341799999587238, -105101.692900000140071 ], [ -86930.06140000000596, -105129.492300000041723 ], [ -86923.271200000308454, -105146.291999999433756 ], [ -86919.200799999758601, -105169.051799999549985 ], [ -86917.520399999804795, -105192.521600000560284 ], [ -86907.419099999591708, -105264.260900000110269 ], [ -86905.078999999910593, -105270.740800000727177 ], [ -86903.138899999670684, -105276.130799999460578 ], [ -86900.418800000101328, -105283.660700000822544 ], [ -86899.018799999728799, -105287.530600000172853 ], [ -86876.828499999828637, -105307.890100000426173 ], [ -86875.408499999903142, -105309.189999999478459 ], [ -86868.438400000333786, -105318.029899999499321 ], [ -86866.998399999924004, -105319.849799999967217 ], [ -86862.018299999646842, -105326.009700000286102 ], [ -86856.008200000040233, -105333.429500000551343 ], [ -86849.228099999949336, -105343.059299999848008 ], [ -86841.457899999804795, -105354.109099999070168 ], [ -86826.257699999958277, -105375.368699999526143 ], [ -86825.577600000426173, -105376.35869999974966 ], [ -86812.877299999818206, -105401.308299999684095 ], [ -86810.737200000323355, -105405.498199999332428 ], [ -86809.127100000157952, -105412.488099999725819 ], [ -86808.747100000269711, -105413.918099999427795 ], [ -86804.587100000120699, -105415.837999999523163 ], [ -86800.087100000120699, -105415.917999999597669 ], [ -86797.747100000269711, -105415.957900000736117 ], [ -86797.097099999897182, -105415.9679000005126 ], [ -86795.577100000344217, -105415.997899999842048 ], [ -86787.467199999839067, -105412.787699999287724 ], [ -86774.666899999603629, -105434.447399999946356 ], [ -86767.79660000000149, -105454.697100000455976 ], [ -86767.07660000026226, -105456.817099999636412 ], [ -86763.196399999782443, -105466.796900000423193 ], [ -86757.575400000438094, -105526.716399999335408 ], [ -86756.275100000202656, -105542.856300000101328 ], [ -86755.444899999536574, -105553.106200000271201 ], [ -86757.044700000435114, -105561.376199999824166 ], [ -86757.574400000274181, -105577.906099999323487 ], [ -86747.434799999929965, -105563.776000000536442 ], [ -86743.434899999760091, -105558.446000000461936 ], [ -86735.965099999681115, -105552.305900000035763 ], [ -86725.295199999585748, -105550.175699999555945 ], [ -86660.724899999797344, -105589.63429999910295 ], [ -86647.914800000376999, -105597.373999999836087 ], [ -86641.894799999892712, -105598.80379999987781 ], [ -86636.794900000095367, -105600.013699999079108 ], [ -86625.454900000244379, -105601.353499999269843 ], [ -86620.984899999573827, -105600.623500000685453 ], [ -86618.295099999755621, -105595.503399999812245 ], [ -86603.08559999987483, -105571.773299999535084 ], [ -86599.355800000019372, -105562.173299999907613 ], [ -86592.416400000452995, -105533.103399999439716 ], [ -86582.516999999992549, -105499.373400000855327 ], [ -86563.337500000372529, -105481.643200000748038 ], [ -86556.457700000144541, -105475.27309999987483 ], [ -86551.527800000272691, -105471.493100000545382 ], [ -86549.847699999809265, -105474.763000000268221 ], [ -86521.646900000050664, -105529.652100000530481 ], [ -86520.106900000013411, -105529.002100000157952 ], [ -86489.33739999961108, -105516.081599999219179 ], [ -86487.847400000318885, -105515.45160000026226 ], [ -86486.277400000020862, -105514.581599999219179 ], [ -86462.377799999900162, -105501.311200000345707 ], [ -86452.137600000016391, -105517.180900000035763 ], [ -86444.907399999909103, -105528.400699999183416 ], [ -86423.927099999971688, -105557.020199999213219 ], [ -86420.656999999657273, -105558.990100000053644 ], [ -86412.656999999657273, -105563.769899999722838 ], [ -86405.356999999843538, -105567.909800000488758 ], [ -86399.247000000439584, -105571.319599999114871 ], [ -86394.846900000236928, -105574.219499999657273 ], [ -86392.746899999678135, -105575.319499999284744 ], [ -86388.646900000050664, -105577.319399999454618 ], [ -86386.146900000050664, -105578.319299999624491 ], [ -86382.846900000236928, -105579.319299999624491 ], [ -86380.247000000439584, -105579.019200000911951 ], [ -86376.247000000439584, -105576.919199999421835 ], [ -86371.847099999897182, -105573.819099999964237 ], [ -86370.347099999897182, -105572.519099999219179 ], [ -86360.847099999897182, -105579.618899999186397 ], [ -86355.147300000302494, -105570.61879999935627 ], [ -86344.247200000099838, -105579.518600000068545 ], [ -86332.047399999573827, -105569.718399999663234 ], [ -86309.347900000400841, -105551.918099999427795 ], [ -86288.448300000280142, -105538.417799999937415 ], [ -86279.14850000012666, -105531.017699999734759 ], [ -86270.448699999600649, -105522.917600000277162 ], [ -86266.64879999961704, -105518.417600000277162 ], [ -86262.428899999707937, -105513.317500000819564 ], [ -86261.349000000394881, -105512.017500000074506 ], [ -86242.448599999770522, -105538.287000000476837 ], [ -86214.579300000332296, -105513.406700000166893 ], [ -86152.718700000084937, -105564.245200000703335 ], [ -86151.138700000010431, -105565.545199999585748 ], [ -86150.549300000071526, -105534.735300000756979 ], [ -86150.589300000108778, -105533.205399999395013 ], [ -86151.309799999929965, -105506.905600000172853 ], [ -86149.409799999557436, -105508.625499999150634 ], [ -86143.78969999961555, -105513.685399999842048 ], [ -86100.769299999810755, -105552.464299999177456 ], [ -86096.539300000295043, -105556.27419999986887 ], [ -86095.729299999773502, -105557.004200000315905 ], [ -86079.739199999719858, -105566.693800000473857 ], [ -86058.56900000013411, -105582.713400000706315 ], [ -86050.489000000059605, -105588.943199999630451 ], [ -86033.828900000080466, -105601.882799999788404 ], [ -86029.268799999728799, -105605.412699999287724 ], [ -86025.238800000399351, -105609.17259999923408 ], [ -86022.85910000000149, -105611.67820000089705 ], [ -85481.281999999657273, -106181.898800000548363 ], [ -86512.435600000433624, -106706.334000000730157 ], [ -86730.450500000268221, -106906.676599999889731 ], [ -87036.845200000330806, -107083.460999999195337 ], [ -87225.400399999693036, -107277.903100000694394 ], [ -87469.696700000204146, -107389.506799999624491 ], [ -87709.887400000356138, -106404.842599999159575 ], [ -87730.544400000013411, -106320.158800000324845 ], [ -87737.904900000430644, -106291.32909999974072 ], [ -87740.035000000149012, -106282.95920000039041 ], [ -87754.165900000371039, -106227.599799999967217 ], [ -87736.97620000038296, -106222.009500000625849 ], [ -87696.726700000464916, -106208.928899999707937 ], [ -87686.386800000444055, -106205.56870000064373 ], [ -87674.916899999603629, -106201.828600000590086 ], [ -87671.816999999806285, -106200.92850000038743 ], [ -87646.580699999816716, -106193.544800000265241 ], [ -87648.201399999670684, -106186.641200000420213 ], [ -87650.336500000208616, -106178.760800000280142 ], [ -87651.048600000329316, -106175.477299999445677 ], [ -87652.613699999637902, -106169.910399999469519 ], [ -87653.473699999973178, -106167.690400000661612 ], [ -87655.227800000458956, -106164.338400000706315 ], [ -87670.22759999986738, -106169.438699999824166 ], [ -87689.407300000078976, -106175.928999999538064 ], [ -87689.827399999834597, -106172.039000000804663 ], [ -87689.827399999834597, -106169.838999999687076 ], [ -87689.71750000026077, -106167.249099999666214 ], [ -87689.527599999681115, -106162.439099999144673 ], [ -87690.347799999639392, -106150.109200000762939 ], [ -87690.507799999788404, -106147.769200000911951 ], [ -87690.827899999916553, -106142.939200000837445 ], [ -87691.027999999932945, -106136.539300000295043 ], [ -87691.328099999576807, -106133.439300000667572 ], [ -87691.618200000375509, -106128.089400000870228 ], [ -87691.738199999555945, -106125.939400000497699 ], [ -87719.928000000305474, -106126.13990000076592 ], [ -87758.227699999697506, -106128.340600000694394 ], [ -87812.007299999706447, -106129.401499999687076 ], [ -87811.767400000244379, -106127.141499999910593 ], [ -87781.872700000181794, -105844.57289999909699 ], [ -87783.932699999772012, -105844.32289999909699 ], [ -87813.60259999986738, -105840.773499999195337 ], [ -87834.84250000026077, -105838.233899999409914 ], [ -87834.802500000223517, -105837.363900000229478 ], [ -87833.083100000396371, -105803.324100000783801 ], [ -87832.103900000452995, -105761.904400000348687 ], [ -87831.434500000439584, -105730.104599999263883 ], [ -87834.245299999602139, -105682.525000000372529 ], [ -87843.946000000461936, -105639.665400000289083 ], [ -87856.756799999624491, -105589.936000000685453 ], [ -87857.47690000012517, -105587.145999999716878 ], [ -87860.767099999822676, -105573.746200000867248 ], [ -87861.427199999801815, -105571.04619999974966 ], [ -87852.067300000227988, -105569.266000000759959 ], [ -87821.827600000426173, -105563.535499999299645 ], [ -87816.127600000239909, -105562.455399999395013 ], [ -87780.018299999646842, -105538.334899999201298 ], [ -87757.338700000196695, -105523.144600000232458 ], [ -87757.538800000213087, -105519.644700000062585 ], [ -87757.318799999542534, -105518.704700000584126 ], [ -87757.038800000213087, -105517.544700000435114 ], [ -87754.738900000229478, -105515.644600000232458 ], [ -87751.538900000043213, -105514.644600000232458 ], [ -87747.03899999987334, -105513.844499999657273 ], [ -87743.03899999987334, -105514.344399999827147 ], [ -87739.599000000394881, -105514.844399999827147 ], [ -87732.889000000432134, -105515.804199999198318 ], [ -87728.139000000432134, -105516.244100000709295 ], [ -87722.839100000448525, -105515.744100000709295 ], [ -87720.459099999628961, -105515.364000000059605 ], [ -87717.989099999889731, -105514.963999999687076 ], [ -87729.440000000409782, -105465.634500000625849 ], [ -87754.119699999690056, -105473.154899999499321 ], [ -87781.239900000393391, -105447.565600000321865 ], [ -87856.601099999621511, -105356.697599999606609 ], [ -87869.39130000025034, -105341.827899999916553 ], [ -87871.99280000012368, -105338.815999999642372 ], [ -87870.171500000171363, -105330.857999999076128 ], [ -87863.263399999588728, -105311.407999999821186 ], [ -87859.732099999673665, -105301.458000000566244 ], [ -87850.242700000293553, -105272.048000000417233 ], [ -87845.502500000409782, -105256.247999999672174 ], [ -87842.043600000441074, -105250.570000000298023 ], [ -87841.050599999725819, -105248.95549999922514 ], [ -87833.483300000429153, -105241.387900000438094 ], [ -87801.492200000211596, -105218.106200000271201 ], [ -87800.903500000014901, -105217.677500000223517 ], [ -87797.563900000415742, -105216.236099999397993 ], [ -87796.013199999928474, -105215.565899999812245 ], [ -87779.153699999675155, -105208.278699999675155 ], [ -87751.465200000442564, -105196.317199999466538 ], [ -87726.255099999718368, -105185.426300000399351 ], [ -87670.966099999845028, -105136.73340000025928 ] ] ] ] } },
{ "type": "Feature", "properties": { "dtmnfr": "110666", "freguesia": "Santo António", "municipio": "Lisboa", "distrito_ilha": "Lisboa", "nuts3": "Grande Lisboa", "nuts2": "Grande Lisboa", "nuts1": "Continente", "area_ha": 149.43, "perimetro_km": 6, "designacao_simplificada": "Santo António" }, "geometry": { "type": "MultiPolygon", "coordinates": [ [ [ [ -88263.495600000023842, -103858.555099999532104 ], [ -88253.568199999630451, -103875.662200000137091 ], [ -88245.389899999834597, -103889.755200000479817 ], [ -88244.528900000266731, -103890.13289999961853 ], [ -88232.372600000351667, -103895.464299999177456 ], [ -88218.357699999585748, -103895.463999999687076 ], [ -88206.203200000338256, -103893.825999999418855 ], [ -88200.549800000153482, -103893.063699999824166 ], [ -88199.07039999961853, -103892.864199999719858 ], [ -88198.175400000065565, -103892.92369999922812 ], [ -88167.825600000098348, -103894.944099999964237 ], [ -88146.616499999538064, -103885.668999999761581 ], [ -88134.492300000041723, -103880.370200000703335 ], [ -88070.916699999943376, -103869.691500000655651 ], [ -88019.456799999810755, -103859.556500000879169 ], [ -88009.882399999536574, -103854.513100000098348 ], [ -88000.684500000439584, -103849.663599999621511 ], [ -87985.109400000423193, -103872.999800000339746 ], [ -87910.595800000242889, -103978.727800000458956 ], [ -87901.405199999921024, -103992.121700000017881 ], [ -87844.884200000204146, -104074.492799999192357 ], [ -87842.384399999864399, -104078.135900000110269 ], [ -87820.030899999663234, -104112.555299999192357 ], [ -87808.857699999585748, -104129.759500000625849 ], [ -87829.033300000242889, -104143.965199999511242 ], [ -87830.233300000429153, -104144.08530000038445 ], [ -87832.63329999987036, -104144.325300000607967 ], [ -87843.423299999907613, -104142.055500000715256 ], [ -87845.753200000151992, -104141.565600000321865 ], [ -87846.783200000412762, -104141.011600000783801 ], [ -87854.743800000287592, -104136.748299999162555 ], [ -87856.84360000025481, -104139.166400000452995 ], [ -87870.612800000235438, -104155.025900000706315 ], [ -87861.292500000447035, -104174.355599999427795 ], [ -87870.271999999880791, -104200.575600000098348 ], [ -87860.104600000195205, -104226.825300000607967 ], [ -87856.754499999806285, -104230.46309999935329 ], [ -87842.669700000435114, -104236.816600000485778 ], [ -87840.57149999961257, -104238.19480000063777 ], [ -87820.371700000017881, -104233.704500000923872 ], [ -87792.061499999836087, -104254.753799999132752 ], [ -87782.461199999786913, -104269.174799999222159 ], [ -87773.552600000053644, -104285.754000000655651 ], [ -87767.365799999795854, -104303.323200000450015 ], [ -87763.003200000151992, -104311.494999999180436 ], [ -87762.540699999779463, -104313.772900000214577 ], [ -87761.17960000038147, -104318.995799999684095 ], [ -87757.190299999900162, -104334.302699999883771 ], [ -87749.876000000163913, -104332.775200000032783 ], [ -87735.553999999538064, -104331.204700000584126 ], [ -87735.440399999730289, -104337.435000000521541 ], [ -87735.439399999566376, -104338.092199999839067 ], [ -87732.794900000095367, -104365.007999999448657 ], [ -87730.177600000053644, -104391.64780000038445 ], [ -87729.379800000227988, -104399.768200000748038 ], [ -87775.781600000336766, -104428.453400000929832 ], [ -87779.666799999773502, -104430.855200000107288 ], [ -87765.198300000280142, -104443.402100000530481 ], [ -87707.154900000430644, -104489.46169999986887 ], [ -87697.327800000086427, -104497.260500000789762 ], [ -87693.190700000151992, -104501.109400000423193 ], [ -87673.107499999925494, -104519.789899999275804 ], [ -87664.75760000012815, -104519.78969999961555 ], [ -87631.47759999986738, -104532.678999999538064 ], [ -87671.005599999800324, -104586.803400000557303 ], [ -87675.666100000031292, -104596.719399999827147 ], [ -87703.004999999888241, -104648.619500000029802 ], [ -87710.187699999660254, -104663.197599999606609 ], [ -87711.844600000418723, -104666.559599999338388 ], [ -87715.618400000035763, -104678.283600000664592 ], [ -87729.771999999880791, -104722.330000000074506 ], [ -87728.653500000014901, -104722.889499999582767 ], [ -87724.27350000012666, -104725.0793999992311 ], [ -87684.186099999584258, -104757.212500000372529 ], [ -87680.636400000192225, -104760.057900000363588 ], [ -87641.28249999973923, -104761.74970000050962 ], [ -87609.841699999757111, -104763.0932 ], [ -87595.370099999941885, -104763.71169999986887 ], [ -87596.144500000402331, -104767.110799999907613 ], [ -87597.503499999642372, -104771.176799999549985 ], [ -87629.003499999642372, -104810.099099999293685 ], [ -87645.631199999712408, -104830.644400000572205 ], [ -87646.021999999880791, -104831.127299999818206 ], [ -87628.212299999780953, -104878.044600000604987 ], [ -87623.941100000403821, -104889.296499999240041 ], [ -87621.881799999624491, -104894.273700000718236 ], [ -87601.95160000026226, -104942.452899999916553 ], [ -87602.553600000217557, -104942.637499999254942 ], [ -87618.550099999643862, -104947.546000000089407 ], [ -87651.448800000362098, -105008.146199999377131 ], [ -87653.646300000138581, -105009.370600000023842 ], [ -87658.448699999600649, -105012.046299999579787 ], [ -87674.480600000359118, -105016.284900000318885 ], [ -87675.848500000312924, -105016.646600000560284 ], [ -87677.967100000008941, -105017.192399999126792 ], [ -87688.065600000321865, -105019.793600000441074 ], [ -87695.648299999535084, -105021.746899999678135 ], [ -87696.277700000442564, -105021.884400000795722 ], [ -87698.66330000013113, -105022.4057 ], [ -87707.548100000247359, -105024.347100000828505 ], [ -87719.992200000211596, -105029.374800000339746 ], [ -87732.485100000165403, -105034.578400000929832 ], [ -87731.853000000119209, -105035.898199999704957 ], [ -87729.147699999623001, -105041.547399999573827 ], [ -87722.347500000149012, -105052.847200000658631 ], [ -87716.747399999760091, -105062.246999999508262 ], [ -87705.147099999710917, -105081.946699999272823 ], [ -87685.276700000278652, -105113.596100000664592 ], [ -87681.752299999818206, -105119.294099999591708 ], [ -87671.851300000213087, -105135.301699999719858 ], [ -87670.966099999845028, -105136.73340000025928 ], [ -87726.255099999718368, -105185.426300000399351 ], [ -87751.465200000442564, -105196.317199999466538 ], [ -87779.153699999675155, -105208.278699999675155 ], [ -87796.013199999928474, -105215.565899999812245 ], [ -87797.563900000415742, -105216.236099999397993 ], [ -87800.903500000014901, -105217.677500000223517 ], [ -87801.492200000211596, -105218.106200000271201 ], [ -87833.483300000429153, -105241.387900000438094 ], [ -87841.050599999725819, -105248.95549999922514 ], [ -87842.043600000441074, -105250.570000000298023 ], [ -87845.502500000409782, -105256.247999999672174 ], [ -87850.242700000293553, -105272.048000000417233 ], [ -87859.732099999673665, -105301.458000000566244 ], [ -87863.263399999588728, -105311.407999999821186 ], [ -87870.171500000171363, -105330.857999999076128 ], [ -87871.99280000012368, -105338.815999999642372 ], [ -87874.184999999590218, -105339.056700000539422 ], [ -87875.850999999791384, -105339.240199999883771 ], [ -87877.032300000078976, -105339.370200000703335 ], [ -87895.571299999952316, -105341.427400000393391 ], [ -87930.13219999987632, -105266.579500000923872 ], [ -87932.632799999788404, -105262.830199999734759 ], [ -87938.452399999834597, -105254.10950000025332 ], [ -87938.886400000192225, -105253.458799999207258 ], [ -87963.973100000061095, -105265.428300000727177 ], [ -87993.71239999961108, -105279.611600000411272 ], [ -87996.37390000000596, -105280.881699999794364 ], [ -88011.512900000438094, -105288.102600000798702 ], [ -88015.00069999974221, -105289.767300000414252 ], [ -88015.931200000457466, -105290.211400000378489 ], [ -88053.168800000101328, -105281.412399999797344 ], [ -88058.27240000013262, -105280.20409999974072 ], [ -88064.091099999845028, -105278.831900000572205 ], [ -88067.31140000000596, -105277.752699999138713 ], [ -88077.462100000120699, -105274.35249999910593 ], [ -88114.691100000403821, -105261.88289999961853 ], [ -88181.322499999776483, -105239.792799999937415 ], [ -88195.640999999828637, -105235.04450000077486 ], [ -88200.591500000096858, -105232.675599999725819 ], [ -88205.88150000013411, -105230.145600000396371 ], [ -88208.310999999754131, -105228.9847999997437 ], [ -88218.841099999845028, -105223.275000000372529 ], [ -88220.590300000272691, -105221.556099999696016 ], [ -88233.243200000375509, -105209.124900000169873 ], [ -88240.000300000421703, -105202.462400000542402 ], [ -88242.279600000008941, -105199.698400000110269 ], [ -88245.832399999722838, -105195.385700000450015 ], [ -88248.278300000354648, -105192.410499999299645 ], [ -88249.55420000012964, -105191.528799999505281 ], [ -88269.646599999628961, -105177.481300000101328 ], [ -88299.851700000464916, -105156.367000000551343 ], [ -88314.380800000391901, -105146.86879999935627 ], [ -88363.702100000344217, -105114.628399999812245 ], [ -88379.522099999710917, -105104.858799999579787 ], [ -88388.831699999980628, -105100.211500000208616 ], [ -88389.744699999690056, -105099.758400000631809 ], [ -88404.103500000201166, -105127.119200000539422 ], [ -88430.700500000268221, -105177.869200000539422 ], [ -88453.949199999682605, -105223.889599999412894 ], [ -88450.157300000078976, -105260.510999999940395 ], [ -88446.529400000348687, -105295.517400000244379 ], [ -88484.190200000070035, -105288.636099999770522 ], [ -88508.527999999932945, -105284.189899999648333 ], [ -88575.959400000050664, -105263.271299999207258 ], [ -88583.728400000371039, -105260.861899999901652 ], [ -88587.000099999830127, -105262.340800000354648 ], [ -88595.266099999658763, -105266.07149999961257 ], [ -88610.518699999898672, -105272.954199999570847 ], [ -88620.810399999842048, -105250.1875 ], [ -88631.054700000211596, -105227.524000000208616 ], [ -88634.728400000371039, -105219.392599999904633 ], [ -88665.029299999587238, -105153.775100000202656 ], [ -88671.029500000178814, -105140.783800000324845 ], [ -88680.029299999587238, -105150.303899999707937 ], [ -88685.729199999943376, -105156.334000000730157 ], [ -88706.46860000025481, -105177.064200000837445 ], [ -88718.688299999572337, -105191.364299999549985 ], [ -88750.15749999973923, -105222.934699999168515 ], [ -88762.676799999549985, -105232.11739999987185 ], [ -88769.047100000083447, -105236.794999999925494 ], [ -88784.378299999982119, -105248.186200000345707 ], [ -88796.086600000038743, -105256.885299999266863 ], [ -88829.885999999940395, -105278.785800000652671 ], [ -88833.036000000312924, -105273.015900000929832 ], [ -88852.276600000448525, -105235.546499999240041 ], [ -88862.217100000008941, -105205.556900000199676 ], [ -88881.328599999658763, -105112.487800000235438 ], [ -88888.489099999889731, -105083.848200000822544 ], [ -88923.540199999697506, -104953.309699999168515 ], [ -88925.771900000050664, -104914.130000000819564 ], [ -88928.003800000064075, -104808.620699999853969 ], [ -88925.253999999724329, -104800.831900000572205 ], [ -88914.644600000232458, -104770.7807 ], [ -88916.425099999643862, -104744.071000000461936 ], [ -88921.765300000086427, -104730.271099999547005 ], [ -88927.115600000135601, -104712.020400000736117 ], [ -88967.196399999782443, -104654.592499999329448 ], [ -89010.287200000137091, -104592.743699999526143 ], [ -89018.407300000078976, -104582.722899999469519 ], [ -89034.637600000016391, -104562.194299999624491 ], [ -89053.747899999842048, -104536.424900000914931 ], [ -89073.528099999763072, -104522.175300000235438 ], [ -89098.108199999667704, -104504.185900000855327 ], [ -89114.878299999982119, -104492.036299999803305 ], [ -89184.148699999786913, -104444.417799999937415 ], [ -89253.889200000092387, -104395.419399999082088 ], [ -89266.352300000376999, -104382.680600000545382 ], [ -89270.589399999938905, -104378.349899999797344 ], [ -89356.480200000107288, -104300.051999999210238 ], [ -89289.091099999845028, -104283.965199999511242 ], [ -89200.332000000402331, -104261.959400000050664 ], [ -89080.973100000061095, -104243.557299999520183 ], [ -88985.193900000303984, -104237.0456000007689 ], [ -88960.812699999660254, -104235.394200000911951 ], [ -88754.618800000287592, -104221.42820000089705 ], [ -88738.022099999710917, -104220.30350000038743 ], [ -88737.110799999907613, -104220.241800000891089 ], [ -88525.143400000408292, -104206.0625 ], [ -88523.658099999651313, -104205.96309999935329 ], [ -88443.840499999932945, -104200.623199999332428 ], [ -88432.669200000353158, -104199.875800000503659 ], [ -88391.153400000184774, -104116.168999999761581 ], [ -88383.721699999645352, -104101.184900000691414 ], [ -88272.0152000002563, -103875.955099999904633 ], [ -88263.853400000371039, -103859.286100000143051 ], [ -88263.495600000023842, -103858.555099999532104 ] ] ] ] } },
{ "type": "Feature", "properties": { "dtmnfr": "110667", "freguesia": "São Vicente", "municipio": "Lisboa", "distrito_ilha": "Lisboa", "nuts3": "Grande Lisboa", "nuts2": "Grande Lisboa", "nuts1": "Continente", "area_ha": 198.58, "perimetro_km": 7, "designacao_simplificada": "São Vicente" }, "geometry": { "type": "MultiPolygon", "coordinates": [ [ [ [ -84879.759800000116229, -105428.862999999895692 ], [ -85086.502799999900162, -105734.074699999764562 ], [ -85286.836400000378489, -106011.016400000080466 ], [ -85481.281999999657273, -106181.898800000548363 ], [ -86022.85910000000149, -105611.67820000089705 ], [ -86025.238800000399351, -105609.17259999923408 ], [ -86029.268799999728799, -105605.412699999287724 ], [ -86033.828900000080466, -105601.882799999788404 ], [ -86050.489000000059605, -105588.943199999630451 ], [ -86058.56900000013411, -105582.713400000706315 ], [ -86079.739199999719858, -105566.693800000473857 ], [ -86095.729299999773502, -105557.004200000315905 ], [ -86096.539300000295043, -105556.27419999986887 ], [ -86100.769299999810755, -105552.464299999177456 ], [ -86143.78969999961555, -105513.685399999842048 ], [ -86149.409799999557436, -105508.625499999150634 ], [ -86151.309799999929965, -105506.905600000172853 ], [ -86150.589300000108778, -105533.205399999395013 ], [ -86150.549300000071526, -105534.735300000756979 ], [ -86151.138700000010431, -105565.545199999585748 ], [ -86152.718700000084937, -105564.245200000703335 ], [ -86214.579300000332296, -105513.406700000166893 ], [ -86242.448599999770522, -105538.287000000476837 ], [ -86261.349000000394881, -105512.017500000074506 ], [ -86262.428899999707937, -105513.317500000819564 ], [ -86266.64879999961704, -105518.417600000277162 ], [ -86270.448699999600649, -105522.917600000277162 ], [ -86279.14850000012666, -105531.017699999734759 ], [ -86288.448300000280142, -105538.417799999937415 ], [ -86309.347900000400841, -105551.918099999427795 ], [ -86332.047399999573827, -105569.718399999663234 ], [ -86344.247200000099838, -105579.518600000068545 ], [ -86355.147300000302494, -105570.61879999935627 ], [ -86360.847099999897182, -105579.618899999186397 ], [ -86370.347099999897182, -105572.519099999219179 ], [ -86371.847099999897182, -105573.819099999964237 ], [ -86376.247000000439584, -105576.919199999421835 ], [ -86380.247000000439584, -105579.019200000911951 ], [ -86382.846900000236928, -105579.319299999624491 ], [ -86386.146900000050664, -105578.319299999624491 ], [ -86388.646900000050664, -105577.319399999454618 ], [ -86392.746899999678135, -105575.319499999284744 ], [ -86394.846900000236928, -105574.219499999657273 ], [ -86399.247000000439584, -105571.319599999114871 ], [ -86405.356999999843538, -105567.909800000488758 ], [ -86412.656999999657273, -105563.769899999722838 ], [ -86420.656999999657273, -105558.990100000053644 ], [ -86423.927099999971688, -105557.020199999213219 ], [ -86444.907399999909103, -105528.400699999183416 ], [ -86452.137600000016391, -105517.180900000035763 ], [ -86462.377799999900162, -105501.311200000345707 ], [ -86486.277400000020862, -105514.581599999219179 ], [ -86487.847400000318885, -105515.45160000026226 ], [ -86489.33739999961108, -105516.081599999219179 ], [ -86520.106900000013411, -105529.002100000157952 ], [ -86521.646900000050664, -105529.652100000530481 ], [ -86549.847699999809265, -105474.763000000268221 ], [ -86551.527800000272691, -105471.493100000545382 ], [ -86556.457700000144541, -105475.27309999987483 ], [ -86563.337500000372529, -105481.643200000748038 ], [ -86582.516999999992549, -105499.373400000855327 ], [ -86592.416400000452995, -105533.103399999439716 ], [ -86599.355800000019372, -105562.173299999907613 ], [ -86603.08559999987483, -105571.773299999535084 ], [ -86618.295099999755621, -105595.503399999812245 ], [ -86620.984899999573827, -105600.623500000685453 ], [ -86625.454900000244379, -105601.353499999269843 ], [ -86636.794900000095367, -105600.013699999079108 ], [ -86641.894799999892712, -105598.80379999987781 ], [ -86647.914800000376999, -105597.373999999836087 ], [ -86660.724899999797344, -105589.63429999910295 ], [ -86725.295199999585748, -105550.175699999555945 ], [ -86735.965099999681115, -105552.305900000035763 ], [ -86743.434899999760091, -105558.446000000461936 ], [ -86747.434799999929965, -105563.776000000536442 ], [ -86757.574400000274181, -105577.906099999323487 ], [ -86757.044700000435114, -105561.376199999824166 ], [ -86755.444899999536574, -105553.106200000271201 ], [ -86756.275100000202656, -105542.856300000101328 ], [ -86757.575400000438094, -105526.716399999335408 ], [ -86763.196399999782443, -105466.796900000423193 ], [ -86767.07660000026226, -105456.817099999636412 ], [ -86767.79660000000149, -105454.697100000455976 ], [ -86774.666899999603629, -105434.447399999946356 ], [ -86787.467199999839067, -105412.787699999287724 ], [ -86795.577100000344217, -105415.997899999842048 ], [ -86797.097099999897182, -105415.9679000005126 ], [ -86797.747100000269711, -105415.957900000736117 ], [ -86800.087100000120699, -105415.917999999597669 ], [ -86804.587100000120699, -105415.837999999523163 ], [ -86808.747100000269711, -105413.918099999427795 ], [ -86809.127100000157952, -105412.488099999725819 ], [ -86810.737200000323355, -105405.498199999332428 ], [ -86812.877299999818206, -105401.308299999684095 ], [ -86825.577600000426173, -105376.35869999974966 ], [ -86826.257699999958277, -105375.368699999526143 ], [ -86841.457899999804795, -105354.109099999070168 ], [ -86849.228099999949336, -105343.059299999848008 ], [ -86856.008200000040233, -105333.429500000551343 ], [ -86862.018299999646842, -105326.009700000286102 ], [ -86866.998399999924004, -105319.849799999967217 ], [ -86868.438400000333786, -105318.029899999499321 ], [ -86875.408499999903142, -105309.189999999478459 ], [ -86876.828499999828637, -105307.890100000426173 ], [ -86899.018799999728799, -105287.530600000172853 ], [ -86900.418800000101328, -105283.660700000822544 ], [ -86903.138899999670684, -105276.130799999460578 ], [ -86905.078999999910593, -105270.740800000727177 ], [ -86907.419099999591708, -105264.260900000110269 ], [ -86917.520399999804795, -105192.521600000560284 ], [ -86919.200799999758601, -105169.051799999549985 ], [ -86923.271200000308454, -105146.291999999433756 ], [ -86930.06140000000596, -105129.492300000041723 ], [ -86953.341799999587238, -105101.692900000140071 ], [ -86954.871799999848008, -105100.32289999909699 ], [ -86994.732200000435114, -105064.853900000452995 ], [ -86996.832200000062585, -105062.673900000751019 ], [ -87000.052199999801815, -105059.323999999091029 ], [ -87004.432300000451505, -105054.774100000038743 ], [ -87016.02240000013262, -105042.72440000064671 ], [ -87019.3125, -105039.314500000327826 ], [ -87038.712799999862909, -105017.015000000596046 ], [ -87051.002899999730289, -105003.445299999788404 ], [ -87052.162999999709427, -105000.865299999713898 ], [ -87052.612999999895692, -104999.865399999544024 ], [ -87052.893000000156462, -104999.245400000363588 ], [ -87053.483000000007451, -104997.935399999842048 ], [ -87056.823099999688566, -104990.51549999974668 ], [ -87057.053100000135601, -104989.785499999299645 ], [ -87065.873599999584258, -104961.745899999514222 ], [ -87068.784099999815226, -104930.076099999248981 ], [ -87069.864199999719858, -104924.726199999451637 ], [ -87071.34429999999702, -104917.246300000697374 ], [ -87071.462600000202656, -104916.545499999076128 ], [ -87070.683899999596179, -104916.485999999567866 ], [ -87035.356300000101328, -104913.766699999570847 ], [ -87034.396999999880791, -104913.695199999958277 ], [ -87033.564799999818206, -104914.867200000211596 ], [ -87032.633200000040233, -104916.183800000697374 ], [ -87023.613800000399351, -104928.876700000837445 ], [ -87014.776200000196695, -104941.315300000831485 ], [ -87013.844800000078976, -104942.625900000333786 ], [ -86992.475599999539554, -104918.762599999085069 ], [ -86992.605999999679625, -104917.573200000450015 ], [ -86992.744099999777973, -104916.343499999493361 ], [ -86992.905500000342727, -104914.873099999502301 ], [ -86993.764499999582767, -104907.124900000169873 ], [ -86994.08490000013262, -104889.994999999180436 ], [ -86992.47580000013113, -104867.05519999936223 ], [ -86986.65610000025481, -104853.795099999755621 ], [ -86965.956799999810755, -104819.535000000149012 ], [ -86963.080599999986589, -104814.752199999988079 ], [ -86959.657100000418723, -104808.435000000521541 ], [ -86953.857200000435114, -104802.734899999573827 ], [ -86944.957399999722838, -104796.134800000116229 ], [ -86934.857599999755621, -104789.234600000083447 ], [ -86904.058199999853969, -104767.934200000017881 ], [ -86877.558699999935925, -104749.133899999782443 ], [ -86869.558899999596179, -104742.833799999207258 ], [ -86864.658999999985099, -104737.73369999974966 ], [ -86860.159199999645352, -104729.23369999974966 ], [ -86857.159300000406802, -104722.033700000494719 ], [ -86852.659599999897182, -104706.533700000494719 ], [ -86832.661199999973178, -104626.233899999409914 ], [ -86820.962100000120699, -104582.63399999961257 ], [ -86820.362300000153482, -104574.533999999985099 ], [ -86820.96239999961108, -104566.334100000560284 ], [ -86821.662499999627471, -104561.334100000560284 ], [ -86823.262600000016391, -104556.634199999272823 ], [ -86825.762699999846518, -104550.734300000593066 ], [ -86828.162700000219047, -104547.13429999910295 ], [ -86832.062800000421703, -104542.234400000423193 ], [ -86839.162800000049174, -104535.334599999710917 ], [ -86877.463200000114739, -104501.235500000417233 ], [ -86901.363400000147521, -104480.136099999770522 ], [ -86841.638899999670684, -104433.307099999859929 ], [ -86833.894500000402331, -104447.595100000500679 ], [ -86788.253200000151992, -104534.913699999451637 ], [ -86754.362200000323355, -104599.722599999979138 ], [ -86752.962199999950826, -104602.402599999681115 ], [ -86751.752199999988079, -104604.732599999755621 ], [ -86748.542100000195205, -104610.862500000745058 ], [ -86746.962100000120699, -104613.112400000914931 ], [ -86745.701999999582767, -104614.852399999275804 ], [ -86740.891999999992549, -104619.202299999073148 ], [ -86739.502000000327826, -104620.182199999690056 ], [ -86735.851999999955297, -104622.752100000157952 ], [ -86706.241799999959767, -104641.171499999240041 ], [ -86701.661799999885261, -104642.77140000090003 ], [ -86697.591799999587238, -104644.191299999132752 ], [ -86666.451899999752641, -104648.5307 ], [ -86639.362800000235438, -104609.740499999374151 ], [ -86636.752999999560416, -104601.690500000491738 ], [ -86620.873999999836087, -104552.800499999895692 ], [ -86616.274400000460446, -104531.570599999278784 ], [ -86588.254499999806285, -104534.390100000426173 ], [ -86585.944600000046194, -104534.630000000819564 ], [ -86581.785500000230968, -104486.090299999341369 ], [ -86581.135599999688566, -104478.430299999192357 ], [ -86578.266200000420213, -104444.970499999821186 ], [ -86557.90639999974519, -104445.940099999308586 ], [ -86545.296500000171363, -104444.969900000840425 ], [ -86532.386599999852479, -104440.939699999988079 ], [ -86529.786700000055134, -104440.129599999636412 ], [ -86526.576700000092387, -104438.169600000604987 ], [ -86512.326999999582767, -104429.459400000050664 ], [ -86508.036999999545515, -104427.319299999624491 ], [ -86504.567099999636412, -104425.589299999177456 ], [ -86497.787200000137091, -104421.70920000039041 ], [ -86482.267699999734759, -104402.328999999910593 ], [ -86471.598199999891222, -104378.088999999687076 ], [ -86445.667899999767542, -104401.35840000025928 ], [ -86386.267400000244379, -104454.656899999827147 ], [ -86316.657599999569356, -104464.805600000545382 ], [ -86288.737800000235438, -104468.865100000053644 ], [ -86283.717799999751151, -104469.605000000447035 ], [ -86166.43819999974221, -104486.692700000479817 ], [ -86114.848500000312924, -104489.781700000166893 ], [ -86079.348699999973178, -104491.911100000143051 ], [ -86028.449000000022352, -104494.960100000724196 ], [ -85969.109299999661744, -104500.459000000730157 ], [ -85957.089399999938905, -104498.018799999728799 ], [ -85943.209099999628961, -104520.778400000184774 ], [ -85935.718999999575317, -104533.068199999630451 ], [ -85920.658699999563396, -104550.18779999949038 ], [ -85805.767699999734759, -104647.385099999606609 ], [ -85765.477400000207126, -104681.464099999517202 ], [ -85757.367300000041723, -104688.33390000090003 ], [ -85743.987200000323355, -104698.60359999909997 ], [ -85583.326100000180304, -104821.989800000563264 ], [ -85501.565399999730289, -104889.647900000214577 ], [ -85436.704800000414252, -104943.316400000825524 ], [ -85435.447800000198185, -104944.412299999967217 ], [ -84879.759800000116229, -105428.862999999895692 ] ] ] ] } }
]
}
