company_name;industry;address;phone;website;municipality;data_source;source_file
Oficina do Bairro - Arquitetura | Remodelações | Design;Architect;;+351 933 793 848;;alcochete;Google Maps;google_maps_alcochete.csv
Arte Urbana - Soluções em Arquitetura;Architect;Largo António Santos Jorge 10, 2890-022 Alcochete, Portugal;+351 934 007 279;;alcochete;Google Maps;google_maps_alcochete.csv
Narquitetos;Architect;R. dos Maracujás 83, 2890-566 Alcochete, Portugal;+351 926 130 713;http://www.narquitetos.com/;alcochete;Google Maps;google_maps_alcochete.csv
LNRD Arquitetura e Design;Architect;;+351 912 619 060;https://www.instagram.com/lnrd.arquiteturaedesign/;alcochete;Google Maps;google_maps_alcochete.csv
Atelier Do Ó;Architect;SN44, Estr. do Brejo Comprido, 2890-168 Alcochete, Portugal;;https://www.odajoana.pt/;alcochete;Google Maps;google_maps_alcochete.csv
Maria da Conceição Ribeiro Cruz;Architect;Largo Gago Coutinho s/n, 2580-355 Alenquer, Portugal;+351 964 010 837;;alenquer;Google Maps;google_maps_alenquer.csv
FIREPLAN — consultoria e projetos, Lda;Architect;R. Sacadura Cabral 54 1º esq, 2580-371 Alenquer, Portugal;+351 263 738 054;;alenquer;Google Maps;google_maps_alenquer.csv
Bilden Alenquer;Architect;Av. 25 de Abril nº 74 A, 2580-367 Alenquer, Portugal;+351 263 036 614;;alenquer;Google Maps;google_maps_alenquer.csv
Decorar gesso 3d;Interior designer;R. José Saramago, 2580-662 Alenquer, Portugal;+351 932 539 680;;alenquer;Google Maps;google_maps_alenquer.csv
Quinta de Meca;Farm;Portugal;;https://paroquia-de-santa-quiteria-de-meca.webnode.pt/;alenquer;Google Maps;google_maps_alenquer.csv
FS Design;Graphic designer;;+351 917 330 932;;alenquer;Google Maps;google_maps_alenquer.csv
PERFECCIONISMO;Architect;P. João Gonçalves Zarco, 2580-484 Carregado, Portugal;+351 966 259 775;https://www.welinkbuilders.pt/remodelacao/reabilitacao/construcao-de-imoveis/ladrilhador/carpinteiro/pedreiro/pintor/canalizador/estucador/serralheiro/2580-484-carregado-portugal/perfeccionismo-273;alenquer;Google Maps;google_maps_alenquer.csv
Madalena Pereira arquitectura;Architect;R. Guilherme Gomes Fernandes 9A, 2560-319 Torres Vedras, Portugal;+351 261 060 324;http://www.madalenapereira.com/;alenquer;Google Maps;google_maps_alenquer.csv
Makers Embassy - Atelier de Arquitectura Moderna, Almada;Architect;R. Conde Ferreira 3, 2800-016 Almada, Portugal;+351 912 031 098;https://makers-embassy.com/;almada;Google Maps;google_maps_almada.csv
M3M;Architect;Av. 25 de Abril de 1974 41A 1ºDto, 2800-303 Almada, Portugal;+351 913 122 416;https://www.instagram.com/m3m.pt/?hl=pt;almada;Google Maps;google_maps_almada.csv
estúdio AMATAM, arquitectura | design | urbanismo;Architect;Rua do Regil 1A, 2805-234 Almada, Portugal;+351 963 556 396;https://estudioamatam.com/;almada;Google Maps;google_maps_almada.csv
AtelieARQ_Arquitectos & Construção Lda;Architect;Av. Prof. Egas Moniz nº 24 7º Dto, 2800-065 Almada, Portugal;+351 968 070 438;https://www.ateliearq.pt/;almada;Google Maps;google_maps_almada.csv
Gomes Barreto - Atelier de Arquitectura;Architect;R. Torcato José Clavine 15C 1drt, 2800-592 Almada, Portugal;+351 919 847 511;http://www.gomesbarreto.pt/;almada;Google Maps;google_maps_almada.csv
Urban Obras Almada;Architect;R. do Cabo da Boa Esperança nº41A, 2805-109 Almada, Portugal;+351 21 276 5464;https://www.urbanobras.pt/orcamento/;almada;Google Maps;google_maps_almada.csv
Atelier 28 Arquitectos;Architect;R. Cap. Leitão 28 1º Esquerdo, 2800-132 Almada, Portugal;;http://www.arqatelier28.com/;almada;Google Maps;google_maps_almada.csv
Arkhi - Arquiteto - Almada;Architect;Quarteirão das Artes, R. Conde Ferreira 3, 2800-251 Almada, Portugal;;https://arkhi.pt/;almada;Google Maps;google_maps_almada.csv
TECTO STUDIO;Architecture firm;Tv. da Praia 1, 2805-193 Almada, Portugal;;http://tectostudio.com/;almada;Google Maps;google_maps_almada.csv
Plotarch Studio;Architecture firm;R. Dr. António José de Almeida 29B 3º 7, 2805-084 Almada, Portugal;+351 910 878 240;https://www.plotachstudio.com/;almada;Google Maps;google_maps_almada.csv
Um Cem Arquitectura Lda;Architect;R. Maj. Castelino Pais 8 A, 2805-113 Almada, Portugal;+351 21 276 3196;https://umcem.pt/;almada;Google Maps;google_maps_almada.csv
Hedape - Arquitectura e Engenharia;Civil engineering company;R. Rosas do Pombal 22, 2805-238 Almada, Portugal;+351 21 274 3350;https://hedape.wixsite.com/hedape;almada;Google Maps;google_maps_almada.csv
Arqar - Certificação Energética;Architect;;;;almada;Google Maps;google_maps_almada.csv
Doutor Martelo;Home builder;R. Maj. Castelino Pais 10, 2805-113 Almada, Portugal;+351 919 682 087;http://www.doutormartelo.pt/;almada;Google Maps;google_maps_almada.csv
DCInterior;Interior designer;R. José Gomes Alvarenga 13A, 2805-182 Almada, Portugal;+351 910 341 717;https://www.instagram.com/dcinterior.design/;almada;Google Maps;google_maps_almada.csv
Husimo - Real Estate & Home Designers;Real estate agent;Business Center, R. Marcos de Assunção 2D, 2805-290 Almada, Portugal;+351 932 257 157;https://www.husimo.com/;almada;Google Maps;google_maps_almada.csv
ACArq.;Architect;R. António Nobre 1D 3D, 2800-260 Almada, Portugal;+351 927 034 871;;almada;Google Maps;google_maps_almada.csv
Levantamentos arquitetonicos e topograficos;Architect;2855-202 Corroios, Portugal;+351 915 140 808;http://www.davfre.jimdofree.com/;almada;Google Maps;google_maps_almada.csv
M3M Arquitetura;Architect;Av. 25 de Abril de 1974 41A, 2800-303 Almada, Portugal;+351 913 122 416;http://m3m.pt/;almada;Google Maps;google_maps_almada.csv
Martina Arch | Lisboa;Architect;Praça, Largo Adelino Amaro da Costa 8 2ºD, 1100-006 Lisboa;924 234 507;https://www.martinaarch.com/;almada;Google Maps;google_maps_almada.csv
BMA Group Lisboa - Magic Place;Construction Company;Rua Rui Teles Palhinha 10 2.º F, 2740-278 Porto Salvo;912 424 724;http://www.bmagrouplisboa.pt/;almada;Google Maps;google_maps_almada.csv
ARCHFACTOR, LDA.;Architect;R. Ramiro Ferrão 29, 2805-356 Almada, Portugal;+351 21 193 7458;http://www.archfactor.com/;almada;Google Maps;google_maps_almada.csv
Arquitecturamais Almada;Architect;Parque Tecnológico Mutela Edf.3, Gabinetes R207 2804- 537, 2804-537 Almada, Portugal;+351 21 084 7849;;almada;Google Maps;google_maps_almada.csv
Catarina Reis | Arquitetura, Design de Interiores e Planeamento;Architecture firm;Estr. Algazarra 39, 2810-015 Almada, Portugal;+351 913 030 443;https://www.linkedin.com/in/catarina-amaral-dos-reis-426823160/;almada;Google Maps;google_maps_almada.csv
Graziela Madeira - Design de Interiores;Interior designer;Av. Bento Gonçalves 37C, 2805-100 Almada, Portugal;+351 21 274 9050;https://www.grazielamadeira.pt/;almada;Google Maps;google_maps_almada.csv
Diviprojecto-projectos E Divisão De Espaços, Lda.;Architect;R. Joaquim Pires Jorge 9, 2810-083 Almada, Portugal;+351 21 250 9610;;almada;Google Maps;google_maps_almada.csv
SNA Arquitetura LDA;Architecture firm;R. Torcato José Clavine 3, Almada, Portugal;+351 21 274 8273;http://www.salvadorneto.com/;almada;Google Maps;google_maps_almada.csv
Arquiqual;Architect;R. Cidade de Amadora 6, 2855-118 Corroios, Portugal;+351 21 253 4688;http://www.arquiqual.com/;almada;Google Maps;google_maps_almada.csv
Tiago Salvador - Arquitectos;Architecture firm;Rua da Judiaria 14, 2800-125 Almada, Portugal;;;almada;Google Maps;google_maps_almada.csv
Carlos Alberto Gomes;Architecture firm;R. Ramiro Ferrão 26 r/c, 2805-346 Almada, Portugal;+351 21 274 8073;;almada;Google Maps;google_maps_almada.csv
Casa Viva Obras;Architect;Rua das Flores 16 2 2º Dto, 2810-217 Almada, Portugal;+351 914 035 242;http://www.casavivaobras.pt/;almada;Google Maps;google_maps_almada.csv
Quali+ Consultoria - Sede - Estudos e Sistemas de Qualidade ,lda;Architect;Rua Dr. António Elvas 14, 1.º- Laranjeiro, 2810-164 Almada, Portugal;+351 21 073 8885;;almada;Google Maps;google_maps_almada.csv
MURiiU;Interior designer;R. Gil Anes da Costa 5, 2800-097 Almada, Portugal;+351 912 448 942;;almada;Google Maps;google_maps_almada.csv
KM-DESIGNER DE INTERIORES, LDA;Architect;Av. 25 de Abril 5B, 2855-725 Corroios, Portugal;+351 910 528 445;https://km-designdeinteriores.com/contacto;almada;Google Maps;google_maps_almada.csv
Alexandra Cristina Morais Gomes;Graphic designer;Praça Movimento das Forças Armadas 7, 2800-171 Almada, Portugal;+351 21 083 3058;;almada;Google Maps;google_maps_almada.csv
Vangor Interior Design Almada | Decoração de Interiores;Interior designer;R. do Cabo da Boa Esperança 41A, 2805-109 Almada, Portugal;+351 21 276 5464;https://www.vangor.pt/;almada;Google Maps;google_maps_almada.csv
Espaço Escrito, Arquitectura, Lda.;Architect;;+351 963 364 655;https://espacoescrito.weebly.com/;almada;Google Maps;google_maps_almada.csv
Vee Mateus | Tattoos - Art Prints - Murals - Designer Clothing - Workshops;Tattoo artist;Av. 25 de Abril de 1974 3B 2 Frt, 2800-300 Almada, Portugal;+351 928 048 908;https://form.jotform.com/243325447160351;almada;Google Maps;google_maps_almada.csv
ERA Almada;Real estate agency;R. Manuel Parada 1 A, 2800-700 Almada, Portugal;+351 21 274 8257;https://www.era.pt/agencias/almada?google=;almada;Google Maps;google_maps_almada.csv
Virtual Projectos-arquitectura Engenharia Lda;Architect;Av. 25 de Abril 64, 2855-591 Corroios, Portugal;+351 21 255 2315;;almada;Google Maps;google_maps_almada.csv
Kali Group;Architectural designer;;+351 933 959 746;https://funerariavoa.pt/contactos/;almada;Google Maps;google_maps_almada.csv
Gabinete de Arquitetura Lisboa - spacelovers;Architect;Calçada da Tapada 67 2E, 1300-546 Lisboa, Portugal;+351 969 010 330;https://spacelovers.pt/;almada;Google Maps;google_maps_almada.csv
Vizual Estúdio - Arquitectura;Architect;;+351 912 688 608;https://www.vizualestudio.pt/;almada;Google Maps;google_maps_almada.csv
Anagrama Design;Graphic designer;R. Dom Álvaro Abranches da Câmara 15, 2800-015 Almada, Portugal;+351 962 530 920;;almada;Google Maps;google_maps_almada.csv
NUVEM LINEAR - COZINHAS, LDA;Interior designer;Praça Lopes Graça 16, 2810-436 Almada, Portugal;+351 21 165 4416;http://www.nuvemlinear.pt/;almada;Google Maps;google_maps_almada.csv
Sidney Quintela Architecture + Urban Planning;Architect;Cais do Gás Armazém H, 1200-109 Lisboa, Portugal;+351 21 091 2140;http://www.sidneyquintela.com/;almada;Google Maps;google_maps_almada.csv
UO Almada Atelier;Architecture firm;;+351 21 276 5464;https://urbanobras.pt/;almada;Google Maps;google_maps_almada.csv
Urban Obras Amadora SO;Building firm;R. Dr. Francisco Sá Carneiro R/C esq, 22 a 22-B, 2720-197 Amadora, Portugal;+351 928 037 485;http://www.urbanobras.pt/;amadora;Google Maps;google_maps_amadora.csv
Quadrante;Engineering consultant;Estrada do Seminário 4 Edifício C - Piso 1, 2614-523 Amadora, Portugal;+351 21 006 7200;https://quadranteglobal.com/;amadora;Google Maps;google_maps_amadora.csv
Arquitectos Ribeiro Ramos;Architect;Av. Dom Luís I 41 4dto, 2610-053 Amadora, Portugal;+351 938 448 690;;amadora;Google Maps;google_maps_amadora.csv
ErgoDesign;Architect;Rua Elias Garcia, Nº362 D, Piso 3 Sala 3, 2700-337 Amadora, Portugal;+351 21 150 5423;http://www.ergodesign.pt/;amadora;Google Maps;google_maps_amadora.csv
Sacramento Campos Projectos e Serviços, S.A.;Architect;Estrada do Zambujal nº 38A, 2610-294 Amadora, Portugal;+351 21 301 9926;http://www.scps.pt/;amadora;Google Maps;google_maps_amadora.csv
Barata-Feyo & Associados;Architect;R. Pinheiro Borges 22B, 2610-140 Amadora, Portugal;+351 21 471 4003;http://www.bfassoc.pt/;amadora;Google Maps;google_maps_amadora.csv
Pedro Almeida Carvalho,arquitecto-projectos,consultoria E Formação Em Construção Civil Lda;Architect;Av. D. Luís I, 15, cv dta, Alfragide, 2610-055 Amadora, Portugal;+351 21 301 2843;http://www.pacarq.com/;amadora;Google Maps;google_maps_amadora.csv
9 Squares Visualization;Architecture firm;Av. João Paulo II 6, Damaia, 2720-811 Amadora, Portugal;+351 917 979 802;https://www.9squaresviz.com/?utm_source=google&utm_medium=wix_google_business_profile&utm_campaign=5248260954292117050;amadora;Google Maps;google_maps_amadora.csv
Jardins do Paço - Arquitectura Paisagista, S.A.;Landscape architect;Estr. de Alfragide 67, 2610-008 Amadora, Portugal;+351 21 471 5757;https://jardinsdopaco.pt/;amadora;Google Maps;google_maps_amadora.csv
Alx Construção Remodelação;Home builder;R. Florbela Espanca, 2700-386 Amadora, Portugal;+351 910 861 446;https://alxremodelacao.pt/;amadora;Google Maps;google_maps_amadora.csv
Espaços Renovados - Remodelações, Obras e Arquitetura;Home builder;Avenida Dr. José Pontes, 43B Atelier B, 2720-205 Amadora, Portugal;+351 21 587 1707;https://www.facebook.com/espacosrenovados;amadora;Google Maps;google_maps_amadora.csv
Mónica d'Araújo · Feng Shui Design Concept;Feng shui consultant;R. Henrique Paiva Couceiro 10, 2700-453 Amadora, Portugal;+351 917 973 679;https://www.monicaaraujo.net/;amadora;Google Maps;google_maps_amadora.csv
Wteam;Architecture firm;Rua das Fontainhas 51-51-A, sala 2.34 e 2.35, Marmar VI, 2700-391 Amadora, Portugal;+351 928 159 165;http://wteam.pt/;amadora;Google Maps;google_maps_amadora.csv
ERGOPROJECT-ARQUITECTURA & ENGENHARIA ASSOCIADOS LDA;Architect;Edifício Amadora Trade Center, Rua Dona Inês de Castro Nº 17C Sala 5, R. Dona Inês de Castro 17, 2720-193 Amadora, Portugal;+351 21 150 5423;;amadora;Google Maps;google_maps_amadora.csv
ITEM BY ITEM;Architecture firm;Centro Comercial Colina do Sol, Praceta Manuela Porto 1 Loja 5, 2650-191 Amadora, Portugal;+351 965 510 163;https://www.itembyitem.pt/;amadora;Google Maps;google_maps_amadora.csv
Grupo MG;Interior architect office;Rua Espregueira Mendes 8, Damaia, 2720-076 Amadora, Portugal;+351 21 496 2557;;amadora;Google Maps;google_maps_amadora.csv
Miranda Studio 3D;Architect;;;;amadora;Google Maps;google_maps_amadora.csv
Óscar Knoblich-arquitectura Paisagista,planeamento E Consultoria Ambiental Sociedade Unipessoal Lda;Landscape architect;R. do Cerrado das Oliveiras 12 loja12A, 2720-096 Amadora, Portugal;+351 21 471 6435;;amadora;Google Maps;google_maps_amadora.csv
Arq. António Teodósio Ferreira;Architect;Praça Augusto Cabrita, 2610-288 Amadora, Portugal;+351 919 035 399;http://www.arqaf.pt/;amadora;Google Maps;google_maps_amadora.csv
Atelier AV;Architecture firm;;+351 965 355 465;;amadora;Google Maps;google_maps_amadora.csv
Ligrate-atelier Gráfico Lda;Graphic designer;R. Augusto Gil 21, 2650-373 Amadora, Portugal;+351 21 498 6550;http://www.ligrate.com/;amadora;Google Maps;google_maps_amadora.csv
Tomás Salles Arquitectos;Architect;R. Miguel Torga nº2C Piso 3, Loja 14, 2610-086 Amadora, Portugal;;http://www.salles.pt/;amadora;Google Maps;google_maps_amadora.csv
Home&Life Design;Interior designer;;;http://www.salomeletras.com/;amadora;Google Maps;google_maps_amadora.csv
Bagu Studio;Graphic designer;Praceta Infante Dom Pedro 5 1º Direito, 2700-467 Amadora, Portugal;+351 918 974 132;https://www.bagu-studio.com/;amadora;Google Maps;google_maps_amadora.csv
Vangor Interior Design Oeiras SO | Decoração de Interiores;Interior designer;R. Dr. Francisco Sá Carneiro R/C esq, 22 a 22-B, 2720-197 Amadora, Portugal;+351 928 037 485;https://www.vangor.pt/;amadora;Google Maps;google_maps_amadora.csv
Urbanização SkyCity;Housing complex;Praça da Serra, Amadora, Portugal;+351 21 837 1025;https://www.skycity.pt/;amadora;Google Maps;google_maps_amadora.csv
Atelier R96;Interior designer;;+351 21 711 1300;;amadora;Google Maps;google_maps_amadora.csv
92 Arquitectos Alfragide;Architect;R. do Cerrado das Oliveiras 12 r/c B, 2610-035 Amadora, Portugal;+351 21 472 0800;https://www.92arquitectos.pt/;amadora;Google Maps;google_maps_amadora.csv
Polyline - Arquitetura e Engenharia;Architect;Av. Q.ta Grande N.º 22 Loja 25, 2610-161 Amadora, Portugal;+351 925 448 484;;amadora;Google Maps;google_maps_amadora.csv
bê á bá - creative details studio;Graphic designer;Av. Luís Sá 22 loja E, 11B, 2700-181 Amadora, Portugal;+351 917 734 529;https://www.beabastudio.com/contatos;amadora;Google Maps;google_maps_amadora.csv
CS REMODELAÇÕES;Painter;Tv. da Quinta do Pau 10, 2700-298 Amadora, Portugal;+351 938 267 400;https://www.welinkbuilders.pt/remodelacao/designer-de-interiores/decorador-de-interiores/eletricista/ladrilhador/carpinteiro/pedreiro/pintor/estucador/canalizador/microcimento/reabilitacao/2700-298-amadora-portugal/cs-remodelacoes-351;amadora;Google Maps;google_maps_amadora.csv
Pereira & Coutinho S.A.;Construction company;Av. da, Av. Q.ta Grande 91 Loja A, 2610-284, Portugal;+351 21 472 8500;;amadora;Google Maps;google_maps_amadora.csv
CSP Group;Architect;R. Henrique Paiva Couceiro 10 Sala 39, 2700-453 Amadora, Portugal;+351 928 121 507;https://cspgroup.pt/;amadora;Google Maps;google_maps_amadora.csv
Square 21;Building firm;Av. Miguel Bombarda 39, 2700-581 Amadora, Portugal;+351 919 503 389;;amadora;Google Maps;google_maps_amadora.csv
GRAU+ | Arquitectura e Urbanismo;Architect;;+351 918 063 607;https://www.instagram.com/grau.mais/;amadora;Google Maps;google_maps_amadora.csv
BF INTERIOR DESIGNER;Interior designer;;+351 918 938 232;http://bfinteriordesigner.com/;amadora;Google Maps;google_maps_amadora.csv
This Little Room;Interior designer;R. do Moinho da Galega 10 A, 2700-591 Amadora, Portugal;+351 912 630 336;http://www.thislittleroom.pt/;amadora;Google Maps;google_maps_amadora.csv
Oficina das Formas;Industrial design company;Av. Almeida Garrett 6, 2610-295 Amadora, Portugal;+351 21 160 8871;http://oficinadasformas.pt/;amadora;Google Maps;google_maps_amadora.csv
Deborah Aureliano - Designer Grafico;Graphic designer;Rua das Fontaínhas 51 3° ANDAR, 2700-391 Amadora, Portugal;+351 925 460 076;;amadora;Google Maps;google_maps_amadora.csv
CURVA ASSIMÉTRICA, LDA;Architecture firm;;+351 911 595 647;https://www.linkedin.com/in/curva-assimetrica/;amadora;Google Maps;google_maps_amadora.csv
Diogo Ribeiro | Design Gráfico & Gestão de Redes Sociais;Graphic designer;Av. António Sérgio, 2720-045 Amadora, Portugal;+351 934 525 945;;amadora;Google Maps;google_maps_amadora.csv
Daniel Braga - Engenharia Unipessoal LDA;Home builder;;+351 934 608 710;;amadora;Google Maps;google_maps_amadora.csv
Joaedron Painter of Alfragide;Graphic designer;R. Nuno Ferrari 1, 2610-289 Amadora, Portugal;+351 968 439 766;https://joaedron.wixsite.com/joaedron;amadora;Google Maps;google_maps_amadora.csv
BFA - Bruno e Filipe, Arquitectos e Associados, Lda.;Architect;PCT das Gaias 10, 2610-081 Buraca, Portugal;+351 21 938 4036;http://www.bfa.pt/;amadora;Google Maps;google_maps_amadora.csv
Argarte-Estudio De Artes Graficas, Lda.;Graphic designer;R. Dom Duarte 6, 2700-324 Amadora, Portugal;+351 21 491 3704;;amadora;Google Maps;google_maps_amadora.csv
Arqma arquitectura;Architect;;+351 961 900 808;;amadora;Google Maps;google_maps_amadora.csv
Jardins de Adónis;Landscaper;R. Branquinho da Fonseca 14, 2700-128 Amadora, Portugal;+351 933 864 310;https://jardinsdeadonis.pt/;amadora;Google Maps;google_maps_amadora.csv
Mundo Verde Jardins;Gardener;R. Herculano de Carvalho 1, 2720-270 Amadora, Portugal;+351 920 655 135;https://www.mundoverdejardins.com/;amadora;Google Maps;google_maps_amadora.csv
techNo Designs;Graphic designer;Av. Padre Bartolomeu de Gusmão 23, Damaia, 2720-402 Amadora, Portugal;+351 964 115 168;;amadora;Google Maps;google_maps_amadora.csv
Necrópole de Carenque;Archaeological site;Carenque, Amadora, Portugal;+351 21 436 9090;https://www.cm-amadora.pt/cultura/museu-municipal-de-arqueologia/674-nucleo-monografico-da-necropole-de-carenque-2.html;amadora;Google Maps;google_maps_amadora.csv
Small is BIG;Architect;;;https://www.smallisbig.pt/;amadora;Google Maps;google_maps_amadora.csv
Libat Garden;Interior architect office;R. Pinheiro Borges, 2610-140 Amadora, Portugal;+351 967 392 431;;amadora;Google Maps;google_maps_amadora.csv
Treze Ponto Nove-Atelier De Publicidade E Artes Graficas, Lda.;Graphic designer;Av. dos Cravos Vermelhos 12, 2720-053 Amadora, Portugal;+351 21 495 3922;;amadora;Google Maps;google_maps_amadora.csv
Unike Studio;Furniture store;R. José António de Jesus Barreto 14, 2610-182 Amadora, Portugal;;https://www.facebook.com/UNIKESTUDIO/;amadora;Google Maps;google_maps_amadora.csv
J. Coelho-Artes Graficas, Lda.;Graphic designer;Praceta João Saldanha 13, Damaia, 2720-166 Amadora, Portugal;+351 21 497 2952;;amadora;Google Maps;google_maps_amadora.csv
Plastiobra-decoração De Interiores Lda;Interior designer;R. Heróis de Dadra 3 A, Damaia, 2720-274 Amadora, Portugal;+351 919 216 841;http://www.plastiobra.pt/;amadora;Google Maps;google_maps_amadora.csv
Alto Impetu, Lda.;Home builder;R. Dr. Francisco Sá Carneiro 7, 2720-196 Amadora, Portugal;+351 21 986 2344;https://www.facebook.com/profile.php?id=100090651944755;amadora;Google Maps;google_maps_amadora.csv
Alex Pereira dos Santos Unipessoal Lda;Painter;Estrada da Falagueira 1, 2700-356 Amadora, Portugal;+351 964 463 222;https://www.welinkbuilders.pt/eletricista/ladrilhador/carpinteiro/pedreiro/pintor/estucador/canalizador/remodelacao/reabilitacao/2700-356-amadora-portugal/alex-pereira-dos-santos-unipessoal-lda-222;amadora;Google Maps;google_maps_amadora.csv
Sócios Gráfica-artes Gráficas Lda.;Graphic designer;R. Gonçalves Ramos 11A, 2700-856 Amadora, Portugal;+351 21 494 3214;;amadora;Google Maps;google_maps_amadora.csv
Mundo ao Quadrado;Graphic designer;R. Carvalho Araújo 81 B, Damaia, 2720-698 Amadora, Portugal;+351 21 601 6866;http://www.mundoaoquadrado.com/;amadora;Google Maps;google_maps_amadora.csv
Mendes Projetos - Construção e remodelação em geral;Construction company;R. 25 de Abril 34, 2650-061 Amadora, Portugal;+351 915 098 446;http://wa.me/351915098446;amadora;Google Maps;google_maps_amadora.csv
CyberDesign - Informática e Serviços;Graphic designer;R. Alice Leite 5, 2700-324 Amadora, Portugal;+351 961 124 354;http://www.cyberdesign.webnode.pt/;amadora;Google Maps;google_maps_amadora.csv
SFRAA - Sociedade Filarmónica de Apoio Social e Recreio Artístico da Amadora;Recreation center;R. Elias Garcia 142, 2700-331 Amadora, Portugal;+351 21 493 4561;http://www.sfraa.pt/;amadora;Google Maps;google_maps_amadora.csv
Photorealistic 3D renderings & animations for architects, developers & real estate in Lisbon.;Architectural designer;;+351 917 979 802;https://www.9squaresviz.com/;amadora;Google Maps;google_maps_amadora.csv
Third Skin - Architecture Agency;Architect;;;https://thirdskinarchitecture.com/feasibilitycall;amadora;Google Maps;google_maps_amadora.csv
Con´amor;Graphic designer;R. Correia Teles, 2720-135 Amadora, Portugal;+351 938 465 750;;amadora;Google Maps;google_maps_amadora.csv
Foto Restauros;Graphic designer;2724-510 Amadora, Portugal;+351 921 085 844;https://www.facebook.com/foto.restauros;amadora;Google Maps;google_maps_amadora.csv
Ricardo Marques fotografia de arquitetura;Photography service;R. Brg. José André da Silva 1, 2700-372 Amadora, Portugal;+351 910 218 134;http://www.ricardomarquesfotografia.pt/;amadora;Google Maps;google_maps_amadora.csv
Arrudarq, Lda;Architecture firm;R. Heliodoro Salgado 16 1 Fte, 2630-242 Arruda dos Vinhos, Portugal;+351 263 098 943;http://www.arrudarq.pt/;Arruda_dos_Vinhos;Google Maps;google_maps_Arruda_dos_Vinhos.csv
O Polícia;Building materials store;Urbanização Industrial Santo António, lote 1, 2630-328 Arruda dos Vinhos, Portugal;+351 263 979 190;https://www.opolicia.pt/;Arruda_dos_Vinhos;Google Maps;google_maps_Arruda_dos_Vinhos.csv
FMJPC Arquitetura e Design;Architect;Rua Nossa Senhora da Conceição Centro Empresarial de A-do-Mourão, Fração D, 2630-506 Arruda dos Vinhos, Portugal;+351 912 048 030;http://www.fmjpc.com/;Arruda_dos_Vinhos;Google Maps;google_maps_Arruda_dos_Vinhos.csv
Planética - Projectos e Construções, S.A.;Home builder;Galerias da Villa, Av. Dom Afonso Henriques Loja 1, 2630-232 Arruda dos Vinhos, Portugal;+351 263 974 266;http://www.planetica.pt/;Arruda_dos_Vinhos;Google Maps;google_maps_Arruda_dos_Vinhos.csv
MARIA MENINO - Interiores;Interior designer;RUA NOSSA SENHORA DA CONCEIÇÃO, CENTRO EMPRESARIAL A DO MOURAO, D, 2630-506 Arruda dos Vinhos, Portugal;+351 21 968 1911;https://mariamenino.com/pt/;Arruda_dos_Vinhos;Google Maps;google_maps_Arruda_dos_Vinhos.csv
Atelier Erva Arruda;Dressmaker;R. de Moixent 67, 2630-289 Arruda dos Vinhos, Portugal;+351 964 887 354;http://www.ervaarruda.com/;Arruda_dos_Vinhos;Google Maps;google_maps_Arruda_dos_Vinhos.csv
Formato Magento;Advertising agency;2630-310 Arruda dos Vinhos, Portugal;+351 21 390 3791;http://www.graficaiprint.pt/;Arruda_dos_Vinhos;Google Maps;google_maps_Arruda_dos_Vinhos.csv
IRF Virtual Assistance;Design agency;R. Irene Lisboa 48, 2630-246 Arruda dos Vinhos, Portugal;+351 937 971 496;;Arruda_dos_Vinhos;Google Maps;google_maps_Arruda_dos_Vinhos.csv
CERAMED;Flooring store;Zona Industrial das Corredouras Lote 14-15, 2630-369 Arruda dos Vinhos, Portugal;+351 263 099 717;https://ceramed-coatings.com/;Arruda_dos_Vinhos;Google Maps;google_maps_Arruda_dos_Vinhos.csv
Louro & Nascimento-Construções, Lda.;Building materials store;Casal Do Romanço, Arruda Dos Vinhos, Lisboa, Portugal;+351 919 691 396;;Arruda_dos_Vinhos;Google Maps;google_maps_Arruda_dos_Vinhos.csv
FESTO - GABINETE DE ARQUITECTURA,PLANEAMENTO E CONSULTADORIA IMOBILIÁRIA LDA‎;Architect;Tv. dos Quintais 6, 2830-400 Barreiro, Portugal;+351 21 207 1624;http://www.festoarquitectura.com/;barreiro;Google Maps;google_maps_barreiro.csv
SFRG Architects;Architecture firm;R. Miguel Pais 121A3, 2830-356 Barreiro, Portugal;;http://www.sfrg.pt/;barreiro;Google Maps;google_maps_barreiro.csv
Juliana Batista - Arquitectura e Design de Interiores;Architect;Barreiro PT, Praça Eduardo José de Almeida Fernandes 6B, 2835-337 Lavradio, Portugal;+351 21 155 1706;http://www.julianabatista.pt/;barreiro;Google Maps;google_maps_barreiro.csv
ECOARQ - Arquitectura e Certificação Energética, Lda;Architect;Av. Alfredo da Silva 14, 2830-302 Barreiro, Portugal;+351 21 086 5313;https://www.facebook.com/Ecoarq-Arquitectura-e-Sustentabilidade-Energ%C3%A9tica-163820547060627/;barreiro;Google Maps;google_maps_barreiro.csv
Progesto-Gabinete Tecnico De Gestão Arquitectura E Planeamento, Lda.;Architect;Av. Alfredo da Silva 27, 2830-346 Barreiro, Portugal;+351 21 599 7799;http://www.miguelamadoarquitectos.pt/;barreiro;Google Maps;google_maps_barreiro.csv
PENDENTE - estudos e projectos;Architect;Avenida da República 9 1º esq, 2830-305 Barreiro, Portugal;+351 913 944 395;;barreiro;Google Maps;google_maps_barreiro.csv
Jorge Matos-decorações De Interiores Lda.;Interior designer;R. Encarnação Coelho 18, 2830-222 Barreiro, Portugal;+351 21 289 4048;http://www.armazemmestreandre.pt/;barreiro;Google Maps;google_maps_barreiro.csv
Bruno Barreiro Arq&Design;Architect;Av. São Lourenço n.º 13, 3770-018 Bustos, Portugal;+351 913 603 665;;barreiro;Google Maps;google_maps_barreiro.csv
Miguel Amado Arquitectos (Sede);Architect;R. Álvaro Velho 9, 2830-327 Barreiro, Portugal;+351 21 599 7799;http://www.miguelamadoarquitectos.pt/;barreiro;Google Maps;google_maps_barreiro.csv
Lusoplan-estudos E Projectos Lda.;Architect;R. Miguel Bombarda 16, 2830-355 Barreiro, Portugal;+351 21 207 1800;;barreiro;Google Maps;google_maps_barreiro.csv
LA-ArchStudio;Architect;R. Santa Teresinha 17C, 2840-399 Seixal, Portugal;+351 968 112 842;http://www.la-archstudio.com/;barreiro;Google Maps;google_maps_barreiro.csv
MBDesign - Design elegante e Marketing funcional a valores Democráticos;Graphic designer;Av. Alfredo da Silva Nº51 2ºE, 2830-302 Barreiro, Portugal;+351 919 614 689;;barreiro;Google Maps;google_maps_barreiro.csv
PROJEPERTE;Architecture firm;R. Prof. Egas Moniz 34, 2830-357 Barreiro, Portugal;+351 21 088 0040;;barreiro;Google Maps;google_maps_barreiro.csv
Glim - Design de Interiores;Interior designer;R. Stara-Zagora 26 A, 2830-364 Barreiro, Portugal;+351 21 246 0108;http://www.glim.pt/;barreiro;Google Maps;google_maps_barreiro.csv
DD_Design2k16;Graphic designer;R. Camilo Castelo Branco 8 Sala 1, 2830-328 Barreiro, Portugal;+351 933 883 546;;barreiro;Google Maps;google_maps_barreiro.csv
Mariana Rocha Pires Arquitectura integrativa;Architect;R. Duarte Pacheco Pereira, 2830-192 Palhais, Portugal;+351 934 883 599;https://marianarochapires.pt/;barreiro;Google Maps;google_maps_barreiro.csv
Hori Studio Design;Graphic designer;R. Dr. Manuel de Arriaga 84 1º Esquerdo, 2830-079 Barreiro, Portugal;+351 932 228 348;https://www.studiohori.com/formulario-de-cliente;barreiro;Google Maps;google_maps_barreiro.csv
Casa Blumus;Graphic designer;Tv. Padre Abílio Mendes, 2830-377 Barreiro, Portugal;+351 961 260 238;http://www.casablumus.com/;barreiro;Google Maps;google_maps_barreiro.csv
Miguel Amado Arquitectos;Architect;R. Nova do Almada 59, 1200-102 Lisboa, Portugal;+351 21 599 7799;http://www.miguelamadoarquitectos.pt/;barreiro;Google Maps;google_maps_barreiro.csv
O Coelho Designer;Graphic designer;R. Dr. Miguel Bombarda, 2835-431 Barreiro, Portugal;+351 962 185 527;;barreiro;Google Maps;google_maps_barreiro.csv
amici designer;Graphic designer;R. Dr. António José de Almeida 67, 2830-341 Barreiro, Portugal;;http://www.amicidesigner.pt/;barreiro;Google Maps;google_maps_barreiro.csv
Fórum Barreiro;Department store;R. Stara-Zagora 1, 2830-364 Barreiro, Portugal;+351 21 206 8900;https://www.forumbarreiro.pt/;barreiro;Google Maps;google_maps_barreiro.csv
Cilindro Gráfico - Artes Gráficas, Lda;Graphic designer;Rua 48, 13, Quimiparque Aptd. 5087, Barreiro, Setúbal, Portugal;+351 919 455 881;https://filmesp.wixsite.com/website-35;barreiro;Google Maps;google_maps_barreiro.csv
Nooba Empreendimento;Apartment building;Rua de Maputo, S/N, Stand Nooba, Barreiro, Santo André, 2830-181, Portugal;+351 963 794 436;https://nooba.pt/;barreiro;Google Maps;google_maps_barreiro.csv
Jornal Rostos - o seu diário digital;Newspaper publisher;Rua Miguel Bombarda, C Bombarda N74 C Loja 24, 2830-355 Barreiro, Portugal;+351 21 206 6758;https://www.rostos.pt/;barreiro;Google Maps;google_maps_barreiro.csv
G.H;Graphic designer;Rua da Estremadura, 2835-746 Barreiro, Portugal;;;barreiro;Google Maps;google_maps_barreiro.csv
Criações Ilustra;Graphic designer;;+351 969 743 803;;barreiro;Google Maps;google_maps_barreiro.csv
Raposa dos Jardins - Jardinagem & Paisagismo;Gardener;;+351 936 386 145;https://www.raposadosjardins.pt/;barreiro;Google Maps;google_maps_barreiro.csv
ARQ.CASTELA _Arquitectura & Enhenharia Lda;Architect;;+351 968 070 438;;barreiro;Google Maps;google_maps_barreiro.csv
HBD Design e Publicidade;Graphic designer;Rua Boaventura Duarte, 2550-008 Cadaval, Portugal;+351 915 412 822;;mafra;Google Maps;google_maps_cadaval.csv
Arquitectura Em Movimento, Unipessoal Lda.;Landscaper;R. 25 de Abril 23, 2550-165 Cadaval, Portugal;+351 262 185 300;;mafra;Google Maps;google_maps_cadaval.csv
Rui Viola Arquitecto, Lda;Architect;Praça José Pereira de Carvalho, 2540-044 Bombarral, Portugal;+351 262 604 095;;mafra;Google Maps;google_maps_cadaval.csv
uNico;Interior designer;;+351 969 493 183;https://www.unicotuin.com/;mafra;Google Maps;google_maps_cadaval.csv
Nora - Arquitetura Paisagista, Lda;Landscape architect;Largo Nossa Sra. da Purificação 15, Famões, 2540-189 Bombarral, Portugal;+351 932 775 282;;mafra;Google Maps;google_maps_cadaval.csv
IGBX Arquitectos;Corporate office;Avenida Inocência Cairel Simão Nº21 R/C Esq. Lote 4, 2540-003 Bombarral, Portugal;+351 917 009 757;http://www.igbxarquitectos.com/;mafra;Google Maps;google_maps_cadaval.csv
Cadaval-Solà Morales;Architect;Avenir #1a ppal 1a, 08006 Barcelona, Spain;+34 934 14 37 14;http://www.ca-so.com/;mafra;Google Maps;google_maps_cadaval.csv
Manuel Tojal Architects;Architect;R dos Heróis da Grande Guerra 33 LJ - R/C, 2500-215 Caldas da Rainha, Portugal;+351 262 603 100;http://www.manuelcachaotojal.com/;mafra;Google Maps;google_maps_cadaval.csv
Broadway Malyan;Architect;Estação do Rossio, Largo do Duque de Cadaval 17 1.º Esq, 1200-160 Lisboa, Portugal;+351 21 321 9440;http://www.broadwaymalyan.com/;mafra;Google Maps;google_maps_cadaval.csv
Brindes M&L Personalizados;Graphic designer;;+351 962 434 800;https://www.brindesml.com/;mafra;Google Maps;google_maps_cadaval.csv
David Ferreira;Architect;R. Bernardo Martins 43, 2550-380, Portugal;+351 915 140 808;http://www.davfre.jimdofree.com/;mafra;Google Maps;google_maps_cadaval.csv
Urban Obras Cascais CS;Architecture firm;Av. 25 de Abril 805 1º B, 2750-514 Cascais, Portugal;+351 21 592 4641;http://www.urbanobras.pt/;cascais;Google Maps;google_maps_cascais.csv
LCAS Architecture;Architect;R. António da Silva 31 R/C Esq, 2750-101 Cascais, Portugal;+351 21 052 0881;https://www.lcas.pt/;cascais;Google Maps;google_maps_cascais.csv
AtelierAP;Architect;Av. 25 de Abril 127, 2750-513 Cascais, Portugal;+351 21 486 1032;http://atelierap.pt/;cascais;Google Maps;google_maps_cascais.csv
Monark Lda;Architecture firm;Av. 25 de Abril 1011 llote 69, 2750-512 Cascais, Portugal;+351 935 370 286;https://www.instagram.com/monarkarchitecturedesign/;cascais;Google Maps;google_maps_cascais.csv
Madeiguincho - Atelier de Madeira est. 1990;Carpenter;R. Casal Queimado 12, 2750-492 Cascais, Portugal;+351 917 161 865;http://www.madeiguincho.pt/;cascais;Google Maps;google_maps_cascais.csv
João Pedro Quaresma- Arquiteto, Certified Passive House Designer;Architect;A Rua D José de Avilêz 141, Bloco B 1º, Dt, 2750-398 Cascais, Portugal;+351 969 025 969;http://www.nurture-ad.pt/;cascais;Google Maps;google_maps_cascais.csv
Gil Graça - Arquitectos Associados, Lda.;Architect;Av. 25 de Abril 184 1ºA, 2750-511 Cascais, Portugal;+351 21 486 1011;;cascais;Google Maps;google_maps_cascais.csv
Ivan Rezende;Architect;R. de Sant'Ana 109, 2750-642 Cascais, Portugal;+351 939 687 196;http://www.ivanrezendearquitetura.com/;cascais;Google Maps;google_maps_cascais.csv
Aartium | Architecture and Interior Projects;Interior designer;R. António Sérgio 187, Cobre, 2750-555 Cascais, Portugal;+351 911 530 580;https://www.aartium.com/;cascais;Google Maps;google_maps_cascais.csv
Unique Projects;Architect;R. Estrelícias 107, 2750-228 Cascais, Portugal;+351 917 604 939;https://uniqueprojects.pt/;cascais;Google Maps;google_maps_cascais.csv
Margarida Lacerda-arquitectura E Design Lda;Architect;Av. da Venezuela 471, 2750-642 Cascais, Portugal;+351 21 464 7231;http://margaridalacerda.com/;cascais;Google Maps;google_maps_cascais.csv
PROJECTAR - Arquitectos Associados;Architect;R. da Dourada nº12 1ºC, 2750-197 Cascais, Portugal;+351 21 486 5509;http://www.projectar.net/;cascais;Google Maps;google_maps_cascais.csv
juaw.arquitectura;Architect;R. Santo André n128 1o, 2750-122 Cascais, Portugal;+351 916 228 333;http://juaw.net/;cascais;Google Maps;google_maps_cascais.csv
oto arquitectos - Otoarq, Lda.;Architect;Beco Torto 10A, 2750-505 Cascais, Portugal;+351 21 383 0260;http://www.oto.pt/;cascais;Google Maps;google_maps_cascais.csv
Hartmann Associados-arquitectura E Design Lda;Architect;Av. Mal. Carmona 124, 2750-642 Cascais, Portugal;+351 21 483 0889;http://www.hartmannassociados.com/;cascais;Google Maps;google_maps_cascais.csv
Claudio Figueiredo Arquitectura E Artes Visuais, Lda.;Architect;Av. Infante Dom Henrique 514, 2750-156 Cascais, Portugal;+351 21 486 3494;;cascais;Google Maps;google_maps_cascais.csv
NEOPOLIS, arquitectura;Architect;R. Cap. Rei Vilar 378 Anexo, 2755-547 Alcabideche, Portugal;;;cascais;Google Maps;google_maps_cascais.csv
TRANSFORMA, Projectos, Construção, Imobiliário;Architect;Av. 25 de Abril 805, 2750-514 Cascais, Portugal;+351 21 806 0599;http://www.transforma.pt/;cascais;Google Maps;google_maps_cascais.csv
AQT arquitectos;Architecture firm;r/c B, R. João Infante 50, Cascais, Portugal;+351 21 482 8470;https://www.arquitronica.pt/;cascais;Google Maps;google_maps_cascais.csv
Arquitronica - Arquitectura E Consultoria, Lda.;Architect;R. João Infante 78, 2750-169 Cascais, Portugal;+351 21 482 8470;http://www.arquitronica.pt/;cascais;Google Maps;google_maps_cascais.csv
ARQ1TO1 - Rosario Alas Architecture & Interiors;Interior architect office;avenida nossa senhora cabo 101 Casa da guia - Sala nº 5, 2750-374 Cascais, Portugal;+351 933 107 849;http://www.arq1to1.com/;cascais;Google Maps;google_maps_cascais.csv
Fusion-Interior Design;Interior designer;Av. Eng. Adelino Amaro da Costa 1353, 2750-280 Cascais, Portugal;+351 919 434 049;http://www.fusion.pt/?lang=pt;cascais;Google Maps;google_maps_cascais.csv
Vilaça Interiores - Cascais;Interior designer;Marina de Cascais Loja 16, 2750-642 Cascais, Portugal;+351 253 605 440;https://vilacainteriores.com/;cascais;Google Maps;google_maps_cascais.csv
Lugar Vivo;Architect;Av. Eng. Adelino Amaro da Costa 189 loja c, 2750-279 Cascais, Portugal;+351 21 441 7065;http://www.lugarvivo.pt/;cascais;Google Maps;google_maps_cascais.csv
AXIS Studio Arquitetura Lda;Architect;DNA Cascais, R. Cruz de Popa Escritório 20, 2645-449 Alcabideche, Portugal;+351 919 499 837;;cascais;Google Maps;google_maps_cascais.csv
Ghf-gabinete De Arquitectura, Lda.;Architect;Av. Valbom 28 1º dtº, 2750-508 Cascais, Portugal;+351 21 483 3792;;cascais;Google Maps;google_maps_cascais.csv
pele atelier;Architecture firm;R. do Farol 349, 2750-341 Cascais, Portugal;;https://peleatelier.com/;cascais;Google Maps;google_maps_cascais.csv
Oceanteriors;Interior designer;Marina de Cascais 125, 2750-800 Cascais, Portugal;+351 925 264 265;https://www.oceanteriors.com/;cascais;Google Maps;google_maps_cascais.csv
Urban Obras Cascais LS - Obras e Remodelações;Remodeler;R. Carlos Anjos 615 D, 2645-177 Alcabideche, Portugal;+351 21 588 1168;https://www.urbanobras.pt/;cascais;Google Maps;google_maps_cascais.csv
Naturethos;Architect;R. Freitas Reis 26B, 2750-642 Cascais, Portugal;;;cascais;Google Maps;google_maps_cascais.csv
Fernando Hipólito-arquitectura,interiores E Decoração Lda;Architect;Tv. Alfarrobeira 10, 2750-285 Cascais, Portugal;+351 21 483 9620;;cascais;Google Maps;google_maps_cascais.csv
Puga Arquitectos;Architecture firm;Lacs Cascais, Estr. Malveira da Serra 920, 2750-834 Cascais, Portugal;+351 932 342 179;;cascais;Google Maps;google_maps_cascais.csv
Curioustarget LDA;Interior designer;Largo da Estação 4, 2750-335 Cascais, Portugal;+351 916 281 898;https://www.daao.pt/;cascais;Google Maps;google_maps_cascais.csv
Contacto Atlântico - Architects;Architecture firm;Av. Marginal 6912 1º, 2765-587 Estoril, Portugal;+351 21 468 2493;http://contactoatlantico.com/;cascais;Google Maps;google_maps_cascais.csv
SD Interior Design;Interior designer;R. de Alvide 63C, 2750-291 Cascais, Portugal;+351 21 467 1112;https://homefashionbysd.com/;cascais;Google Maps;google_maps_cascais.csv
Francisco Tojal Arquitectos;Architecture firm;Avenida 25 de abril Edifício Navegador, nº1011 - loja 68 - A, 2750-515 Cascais, Portugal;;http://www.franciscotojal.com/;cascais;Google Maps;google_maps_cascais.csv
Dpto.Kriativo - Arquitetura e Imagem;Architect;R. Mário Clarel 119 1 andar, 2750-673 Cascais, Portugal;+351 911 131 240;http://www.dptokriativo.com/;cascais;Google Maps;google_maps_cascais.csv
Viktoria Nobre;Architect;Av. Dr. Morais Sarmento 197, 2755-285 Alcabideche, Portugal;+351 910 206 968;;cascais;Google Maps;google_maps_cascais.csv
Casa Sommer;Museum;Av. da República 132, 2750-298 Cascais, Portugal;+351 21 481 5759;https://www.cascais.pt/casa-sommer;cascais;Google Maps;google_maps_cascais.csv
Tetra Projetos;Architecture firm;Av. 25 de Abril, 1011C Galerias Navegador, store 53, Cascais, Portugal;+351 927 605 778;http://tetraprojetos.com.br/;cascais;Google Maps;google_maps_cascais.csv
m2r2 architecture;Architect;Av. da República 120 A, 2750-158 Oeiras, Portugal;+351 963 974 783;https://www.facebook.com/m2r2architecture/;cascais;Google Maps;google_maps_cascais.csv
Gta - Gabinete Técnico De Arquitectura E Engenharia, Lda;Architect;Av. Manuel Júlio Carvalho e Costa 15, 2750-331 Cascais, Portugal;+351 21 484 7770;https://www.anteprojectos.com.pt/empresa/535/gta-gabinete-tecnico-de-arquitectura-e-engenharia-lda/;cascais;Google Maps;google_maps_cascais.csv
CALLA Arquitetas;Architect;Av. Sabóia 737 A, Monte Estoril, 2765-581 Estoril, Portugal;+351 919 371 357;http://www.calla.pt/;cascais;Google Maps;google_maps_cascais.csv
Estúdio Mameluca;Furniture manufacturer;Rua da Quinta Bancada Norte, 2750-004 Cascais, Portugal;+351 21 050 9875;http://www.mameluca.com/;cascais;Google Maps;google_maps_cascais.csv
Zutto Design Store;Interior designer;Marina de Cascais 32 A/B, 2750-800 Cascais, Portugal;+351 21 390 0846;;cascais;Google Maps;google_maps_cascais.csv
Regino Cruz-Arquitectos E Consultores, S.A.;Architecture firm;Av. Portugal 154, 2765-272 Estoril, Portugal;+351 21 467 9700;http://www.reginocruz.com/;cascais;Google Maps;google_maps_cascais.csv
Palacete Seixas;Tourist attraction;R. Fernandes Thomás 2, 2750-642 Cascais, Portugal;;http://www.monumentos.gov.pt/site/app_pagesuser/sipa.aspx?id=22648;cascais;Google Maps;google_maps_cascais.csv
Áreacôr - Projectos e Interiores Lda;Architecture firm;Av. Sabóia 713E, 2765-581 Estoril, Portugal;+351 21 096 3693;;cascais;Google Maps;google_maps_cascais.csv
mmX arquitetura;Architect;Rua do Viveiro 216b, 2765-294 Estoril, Portugal;;;cascais;Google Maps;google_maps_cascais.csv
Capinha Lopes - Consulting, Gestão e Administração De Projectos, Lda.;Architecture firm;Estrada da Ribeira 236, 2755-290 Alcabideche, Portugal;+351 21 865 0010;http://www.capinha-lopes.pt/;cascais;Google Maps;google_maps_cascais.csv
Cerejeiro - Arquitectura Paisagista E Consultoria Ambiental, Lda.;Architect;R. António Nobre 221, 2750-163 Cascais, Portugal;+351 21 854 4424;http://ceregeiro.com/;cascais;Google Maps;google_maps_cascais.csv
My Spot - Designer Vera Sota - Design Studio & Shop Store;Interior designer;R. Afonso Sanches 37, 2750-282 Cascais, Portugal;+351 913 890 686;;cascais;Google Maps;google_maps_cascais.csv
darq - Arquitectura, Design, 3D;Architectural designer;R. Amílcar Alves de Carvalho 35, 2765-614 Estoril, Portugal;+351 933 406 315;http://www.darq.com.pt/;cascais;Google Maps;google_maps_cascais.csv
AQUA LUME;Interior designer;R. de Sant'Ana 1691, 2750-576 Cascais, Portugal;+351 960 409 365;;cascais;Google Maps;google_maps_cascais.csv
InsideOut | real estate | interior | landscape design;Design agency;R. Poço 14B, 2645-536 Alcabideche, Portugal;+351 936 803 874;https://www.insideoutdesign.co/#contacts;cascais;Google Maps;google_maps_cascais.csv
Casa Viva Obras;Construction company;R. da Torre 1030, 2750-752 Cascais, Portugal;+351 961 759 397;http://www.casavivaobras.pt/;cascais;Google Maps;google_maps_cascais.csv
REBECCA LEON - ARCHITECTURE & INTERIOR DESIGN;Architecture firm;Av. Sabóia 486, 2765-277 Estoril, Portugal;+351 917 883 551;http://www.rebeccaleoninteriors.com/;cascais;Google Maps;google_maps_cascais.csv
PROA Arquitectura & Design;Architect;R. Lisboa 5 Loja 33, 2765-240 Estoril, Portugal;+351 914 149 619;;cascais;Google Maps;google_maps_cascais.csv
Scarlatti Architecture;Architect;;+351 967 412 525;;cascais;Google Maps;google_maps_cascais.csv
AHRB ATELIER Projetos de arquitetura;Architect;;;https://ahrbatelier.wixsite.com/home;cascais;Google Maps;google_maps_cascais.csv
Chalet Ficalho;;Av. Emídio Navarro 211, 2750-337 Cascais, Portugal;+351 927 513 816;http://www.chaletficalho.com/;cascais;Google Maps;google_maps_cascais.csv
Studio Cobogó PT;Architect;;;https://studiocobogo.pt/;cascais;Google Maps;google_maps_cascais.csv
TERRIORD - Urbanismo e Ordenamento do Território;Architect;R. Cesaltina Fialho Gouveia 703, 2645-038 Cascais, Portugal;+351 21 464 8250;https://www.terriord.pt/;cascais;Google Maps;google_maps_cascais.csv
Casa das Histórias Paula Rego;Museum;Av. da República 300, 2750-475 Cascais, Portugal;+351 21 482 6970;https://bairrodosmuseus.cascais.pt/list/museu/casa-das-historias-paula-rego;cascais;Google Maps;google_maps_cascais.csv
MKC architects;Architect;Rua do Mato Verde 503, Bicesse, 2645-351 Alcabideche, Portugal;+351 968 819 972;https://www.mkcarchitects.com/;cascais;Google Maps;google_maps_cascais.csv
TELA em Portugal;Architect;;+351 916 811 910;https://www.instagram.com/telaemportugal/;cascais;Google Maps;google_maps_cascais.csv
H4U arquitectos;Architect;R. Vale de Santa Rita 32, 2765-293 Estoril, Portugal;;;cascais;Google Maps;google_maps_cascais.csv
Pureza Magalhães - decorações Sociedade Unipessoal Lda;Interior designer;Rua da, R. Ribeira das Vinhas 124 B2, 2750-477 Cascais, Portugal;+351 21 585 2190;;cascais;Google Maps;google_maps_cascais.csv
PONTO i - architecture | design | build;Architecture firm;Av. República 3000 Office B.25, 2649-517 Estoril, Portugal;+351 21 366 0912;https://pontoi.pt/;cascais;Google Maps;google_maps_cascais.csv
LC.SR;Architect;;;https://lcsr.pt/;cascais;Google Maps;google_maps_cascais.csv
Projetos 3D - Impressão, Modelação e Render 3D;Digital printer;Praceta Carlos Bonvalot 7B, 2750-557 Cascais, Portugal;+351 914 851 048;https://www.projetos3d.com/;cascais;Google Maps;google_maps_cascais.csv
Andrade Arquitectos;Architect;Pça António Gilberto de Andrade 60 1º andar, 2750-841 Cascais, Portugal;+351 21 482 1248;;cascais;Google Maps;google_maps_cascais.csv
CA | PA Atelier;Architecture firm;;+351 917 764 038;;cascais;Google Maps;google_maps_cascais.csv
Homes by Ucha;Interior designer;;+351 914 624 085;https://www.homesbyucha.com/?utm_source=google&utm_medium=wix_google_business_profile&utm_campaign=3701257144626038220;cascais;Google Maps;google_maps_cascais.csv
OFICINA | LOJA | ATELIER;Architecture firm;Parede PT, Estr. Rebelva 1216 loja G, 2775-371 São Domingos de Rana, Portugal;+351 918 300 943;http://www.oficinalojaatelier.com/;cascais;Google Maps;google_maps_cascais.csv
Patine;Interior designer;;+351 919 739 111;http://www.patine.com/;cascais;Google Maps;google_maps_cascais.csv
FAZENDA CHOCOLATE;Interior designer;Av. 25 de Abril 510B, 2750-511 Cascais, Portugal;+351 913 853 383;http://www.fazendachocolate.com/;cascais;Google Maps;google_maps_cascais.csv
ISM/ Interior Design;Interior designer;Av. Sabóia 915a, Monte Estoril, 2765-279 Estoril, Portugal;+351 915 349 553;https://ism-interiordesign.pt/;cascais;Google Maps;google_maps_cascais.csv
Termotec-climatização Lda;Architect;Av. Itália 161 A, 2765-419 Estoril, Portugal;+351 21 466 5082;;cascais;Google Maps;google_maps_cascais.csv
Mirage Virtual Reality;Architecture firm;Av.Marginal 6912 R/C Estoril, 2765-587 Lisbon, Portugal;+351 917 323 748;http://www.miragevirtualreality.com/;cascais;Google Maps;google_maps_cascais.csv
Atelier De Arquitetura, Jorge Cruz Pinto e Cristina Mantas;Architecture firm;Rua do Banco, n° 18, Estoril 2765-397, 2765-397, Portugal;+351 926 234 422;http://www.cruzpinto.com/jcpcm/;cascais;Google Maps;google_maps_cascais.csv
João Bragança Arquitectos;Architect;;+351 910 852 577;http://www.joaobraganca.com/;cascais;Google Maps;google_maps_cascais.csv
Base Geométrica, Lda.;Architect;R. Raúl Brandão 47, 2765-548 Estoril, Portugal;+351 21 363 2920;;cascais;Google Maps;google_maps_cascais.csv
Wall Up;Corporate office;R. Terceira Idade N.11, 2645-260 Alcabideche, Portugal;+351 21 466 9135;http://www.wallup.pt/;cascais;Google Maps;google_maps_cascais.csv
cidades INvisíveis - arquitectura, arte e design;Architect;Av. Marginal 4580B, 2765-582 Estoril, Portugal;+351 938 429 051;http://www.cidadesinvisiveis.pt/;cascais;Google Maps;google_maps_cascais.csv
Teresa Prego Design;Interior designer;R. Angola 11, 2765-193 Estoril, Portugal;+351 21 464 7204;http://www.terezaprego.com/;cascais;Google Maps;google_maps_cascais.csv
Nurture-AD (João Pedro Quaresma);Architect;Av. República 3000 Escritório 2.08, Alcoitão, 2649-517 Alcabideche, Portugal;+351 969 025 969;https://www.nurture-ad.com/pt/home#ContactUs;cascais;Google Maps;google_maps_cascais.csv
N-arquitectos Lda;Architect;Edif. Estoril Garden, Av. Aida loja 813, 2765-187 Estoril, Portugal;+351 21 093 8911;;cascais;Google Maps;google_maps_cascais.csv
Riviera & Co;Interior designer;;+351 913 082 357;https://www.rivieraandco.com/;cascais;Google Maps;google_maps_cascais.csv
Saints at Sea - Cascais;Store;Praça 5 de Outubro 75, 2750-320 Cascais, Portugal;;https://www.saints-at-sea.com/;cascais;Google Maps;google_maps_cascais.csv
m.arq - ricardo moura arquitecto;Architect;Rua Barbosa do Bocage 52, 2750-021 Aldeia de Juso, Portugal;+351 962 404 516;https://www.m-arq.com/;cascais;Google Maps;google_maps_cascais.csv
DESENHO BRANCO;Interior designer;R. António Francisco 98, 2785-046 São Domingos de Rana, Portugal;+351 925 228 252;https://www.desenhobranco.com/web/contactos/;cascais;Google Maps;google_maps_cascais.csv
ARQSCJF - Arquitetura Engenharia e Construção, Lda;Architect;Alameda Beloura, 2710-706 Sintra, Portugal;+351 916 235 533;http://www.arqscjf.pt/;cascais;Google Maps;google_maps_cascais.csv
Ana Freire Architecture & Interiors;Interior designer;;+351 969 062 310;;cascais;Google Maps;google_maps_cascais.csv
Nbdesigns;Interior designer;;+351 969 662 881;;cascais;Google Maps;google_maps_cascais.csv
Prado Arquitectura;Architect;;+351 929 169 153;;cascais;Google Maps;google_maps_cascais.csv
EA Interiores;Interior designer;;+351 914 794 319;;cascais;Google Maps;google_maps_cascais.csv
Woodteck Designs;Interior designer;;+351 912 366 005;https://woodteckdesigns.com/;cascais;Google Maps;google_maps_cascais.csv
Camaleão Invisible Design;Interior designer;R. Avencas 239, 2765-062 Estoril, Portugal;+351 927 471 960;https://instagram.com/camaleao.invisibledesign?utm_medium=copy_link;cascais;Google Maps;google_maps_cascais.csv
Ideia Matriz-arquitectura E Urbanismo Lda;Architect;R. Dr. Alfredo da Costa 13, 1495-161 Lisboa, Portugal;+351 21 482 0119;http://www.ideiamatriz.pt/;cascais;Google Maps;google_maps_cascais.csv
pointOview;Architect;;+351 21 246 0690;http://www.pointoview.net/;cascais;Google Maps;google_maps_cascais.csv
João Brandão . Margarida Gomes, Arquitectos.pt;Architect;Quinta da Mira Serra, Estr. de Janas, 2710-265 Sintra, Portugal;+351 21 928 0781;http://www.jbmg-arquitectos.pt/;cascais;Google Maps;google_maps_cascais.csv
FOA Arquitetura;Architect;;+351 935 033 030;;cascais;Google Maps;google_maps_cascais.csv
COHERENT SUNDAY, LDA;Engineer;;+351 961 648 828;;cascais;Google Maps;google_maps_cascais.csv
CORKBRICK EUROPE;Furniture maker;DNA Cascais Cruz da Popa, 2645-449 Alcabideche, Portugal;+351 21 485 0020;http://www.corkbrick.com/;cascais;Google Maps;google_maps_cascais.csv
designstudio;Interior designer;R. Sacadura Cabral 377 B, 2765-553 Estoril, Portugal;+351 961 778 640;;cascais;Google Maps;google_maps_cascais.csv
Vila Arquitectos;Architect;R. António Tomás Botto 99 R/C, 2785-008 São Domingos de Rana, Portugal;+351 21 581 9332;http://www.vilaarquitectos.com/;cascais;Google Maps;google_maps_cascais.csv
ARCOLAGO, arquitetura e construção, lda.;Construction company;R. das Laranjeiras 41, 2645-345 Alcabideche, Portugal;+351 21 824 5270;;cascais;Google Maps;google_maps_cascais.csv
Palmer & Grego Arquitectos, Lda.;Architect;Av. da República 3000 Estoril, Office - Escritório 07, 2649-513 Alcabideche, Portugal;+351 21 486 7790;;cascais;Google Maps;google_maps_cascais.csv
52;Interior designer;R. Fonte da Carreira 350 Armazém B12, 2645-467 Alcabideche, Portugal;+351 21 464 7299;http://52.pt/;cascais;Google Maps;google_maps_cascais.csv
Célia Anica Arquitectura Lda;Architect;;;https://celiaanica.com/;cascais;Google Maps;google_maps_cascais.csv
HOMY - Home Design;Home goods store;Av. São Pedro 12B, 2765-445 Estoril, Portugal;+351 916 827 826;;cascais;Google Maps;google_maps_cascais.csv
MAAT - Museum of Art, Architecture and Technology;Museum;Av. Brasília, 1300-598 Lisboa, Portugal;+351 21 002 8130;https://www.maat.pt/pt;lisbon;Google Maps;google_maps_lisbon.csv
Lisbon Architecture Triennale;Non-profit organization;Office:, Campo de Santa Clara 142, 1100-474 Lisboa, Portugal;+351 21 803 8540;http://trienaldelisboa.com/;lisbon;Google Maps;google_maps_lisbon.csv
Faculty of Architecture, University of Lisbon;Architecture school;R. Sá Nogueira, 1349-063 Lisboa, Portugal;+351 21 361 5000;http://www.fa.ulisboa.pt/;lisbon;Google Maps;google_maps_lisbon.csv
Gabinete de Arquitetura Lisboa - spacelovers;Architect;Calçada da Tapada 67 2E, 1300-546 Lisboa, Portugal;+351 969 010 330;https://spacelovers.pt/;lisbon;Google Maps;google_maps_lisbon.csv
Saraiva + Associados;Architect;Av. Infante Santo 69 A C, 1350-177 Lisboa, Portugal;+351 21 393 9340;http://www.saraivaeassociados.com/;lisbon;Google Maps;google_maps_lisbon.csv
Atelier Data;Architecture firm;R. São José 17, 1150-321 Lisboa, Portugal;+351 21 812 3838;http://www.atelierdata.com/;lisbon;Google Maps;google_maps_lisbon.csv
UMA Collective - Architecture;Architect;R. Diogo do Couto 1 9 andar esquerdo, 1100-194 Lisboa, Portugal;+351 21 805 2873;http://www.umacollective.pt/;lisbon;Google Maps;google_maps_lisbon.csv
PROMONTORIO;Architect;R. Fábrica de Material de Guerra 10, 1950-128 Lisboa, Portugal;+351 21 862 0970;https://www.promontorio.net/;lisbon;Google Maps;google_maps_lisbon.csv
Roof Design Studio;Interior designer;Campo dos Mártires da Pátria 61, 1150-276 Lisboa, Portugal;+351 21 325 8847;http://www.roof.pt/;lisbon;Google Maps;google_maps_lisbon.csv
Aires Mateus;Architect;R. Cecílio de Sousa 52, 1200-102 Lisboa, Portugal;+351 21 381 5650;http://www.airesmateus.com/;lisbon;Google Maps;google_maps_lisbon.csv
CVDB Arquitectos;Architect;R. Artilharia 1 67, 1250-002 Lisboa, Portugal;+351 21 608 6582;http://www.cvdbarquitectos.com/;lisbon;Google Maps;google_maps_lisbon.csv
SPACEGRAM;Architecture firm;R. Carlos Mardel 5 2º Andar, 1900-117 Lisboa, Portugal;+351 21 017 8013;http://www.spacegram.com/;lisbon;Google Maps;google_maps_lisbon.csv
Colectivo Warehouse;Architect;Alto do Varejão 10A, 1900-433 Lisboa, Portugal;+351 916 701 044;http://www.warehouse.pt/;lisbon;Google Maps;google_maps_lisbon.csv
DSA Architects International (Lisbon, Portugal);Architect;Alameda António Sérgio 7 2 D, 2795-023 Linda-a-Velha, Portugal;+351 21 419 3277;http://www.dsa-arch.com/;lisbon;Google Maps;google_maps_lisbon.csv
DC.AD;Architecture firm;R. Freitas Gazul 13B, 1350-148 Lisboa, Portugal;+351 21 396 0341;http://www.dc-ad.com/;lisbon;Google Maps;google_maps_lisbon.csv
Federico Melandri Architects;Architecture firm;R. Garrett 80 3° C, 1200-000 Lisboa, Portugal;+351 21 396 0436;http://federicomelandri.com/;lisbon;Google Maps;google_maps_lisbon.csv
Estadobruto Architects;Architect;R. Rodrigues Sampaio 94 A, 1150-281 Lisboa, Portugal;+351 21 357 1076;http://www.estadobruto.eu/;lisbon;Google Maps;google_maps_lisbon.csv
Liv-in;Interior designer;R. Castilho 39 8 F, 1250-068 Lisboa, Portugal;+351 912 222 011;https://www.liv-in.com/;lisbon;Google Maps;google_maps_lisbon.csv
Pedra Silva Arquitectos;Architect;TV do Corpo Santo 10 1dto, 1200-131 Lisboa, Portugal;+351 21 715 6210;http://www.pedrasilva.com/;lisbon;Google Maps;google_maps_lisbon.csv
Fragmentos;Architect;R. Camilo Castelo Branco 2D, 1150-084 Lisboa, Portugal;+351 21 466 1218;http://www.fragmentos.pt/;lisbon;Google Maps;google_maps_lisbon.csv
Rebelo de Andrade;Architecture firm;R. Maria Brown 2, 1500-433 Lisboa, Portugal;+351 21 936 3430;http://www.rebelodeandrade.com/;lisbon;Google Maps;google_maps_lisbon.csv
Studio Gameiro;Architect;Tv. do Rosário 33, 1250-196 Lisboa, Portugal;+351 21 347 2111;http://www.instagram.com/studiogameiro;lisbon;Google Maps;google_maps_lisbon.csv
Broadway Malyan;Architect;Estação do Rossio, Largo do Duque de Cadaval 17 1.º Esq, 1200-160 Lisboa, Portugal;+351 21 321 9440;http://www.broadwaymalyan.com/;lisbon;Google Maps;google_maps_lisbon.csv
MJARC arquitectos - Gabinete de projetos arquitetura e urbanismo lisboa;Architect;Av. da República 6 1º esq, 1050-191 Lisboa, Portugal;+351 21 158 2216;https://mjarc.com/pt/contactos?utm_source=gmb&utm_medium=lisbon&utm_campaign=lisbon;lisbon;Google Maps;google_maps_lisbon.csv
Frederico Valsassina Arquitectos Lda;Architect;Calçadinha do Tijolo Nº58, Porta 13, 1ºFte, 1100-608 Lisboa, Portugal;+351 21 885 4545;http://www.fvarq.com/;lisbon;Google Maps;google_maps_lisbon.csv
WALLNUT Design + Build;Architecture firm;R. Nova do Almada 59 3º, 1200-288 Lisboa, Portugal;+351 21 207 1122;https://www.wallnut.pt/contact;lisbon;Google Maps;google_maps_lisbon.csv
Lola Cwikowski Studio;Interior designer;Calçada do Monte 90, 1170-112 Lisboa, Portugal;+351 963 787 268;http://lolacwikowski.com/about;lisbon;Google Maps;google_maps_lisbon.csv
SGA_Sylvain GRASSET Architecture;Architect;R. Nova de São Mamede 7 2Dto, 1250-172 Lisboa, Portugal;+351 963 770 946;http://www.sylvaingrasset.com/;lisbon;Google Maps;google_maps_lisbon.csv
A+Architecture;Architecture firm;Rua da Bela Vista à Graça 31A, 1170-054 Lisboa, Portugal;+351 917 799 111;https://www.a-architecture.org/home;lisbon;Google Maps;google_maps_lisbon.csv
LUPAstudio;Architect;R. Bernardo Lima 35 5ºA, 1150-075 Lisboa, Portugal;+351 21 401 5263;http://www.lupa-studio.com/;lisbon;Google Maps;google_maps_lisbon.csv
LOA-D | Lisbon Office for Architecture and Design;Architecture firm;R. do Salitre 175 RC Dto, 1250-204 Lisboa, Portugal;+351 914 322 244;https://www.loa-d.com/;lisbon;Google Maps;google_maps_lisbon.csv
VOLUME - Architecture Lisbon Studio;Architect;R. de Santa Catarina 12, 1200-402 Lisboa, Portugal;+351 936 451 725;https://www.volume.com.pt/;lisbon;Google Maps;google_maps_lisbon.csv
Silva Dias Arquitectos;Architect;Rua 2 da Matinha, Lt A, 5º andar, Armazém B, Lisbon, 1950-073 Lisboa, Portugal;+351 21 842 9420;http://silvadias-arquitectos.com/;lisbon;Google Maps;google_maps_lisbon.csv
AURORA ARQUITECTOS;Architect;Av. Duque de Loulé 95 2º Drt, 1050-089 Lisboa, Portugal;+351 21 354 0530;http://www.aurora.com.pt/;lisbon;Google Maps;google_maps_lisbon.csv
HUMBERTO CONDE ARQUITECTOS;Architect;Edifício Aviz, Av. Fontes Pereira de Melo 35 4 J, 1050-118 Lisboa, Portugal;+351 21 387 6169;http://www.humbertoconde.com/;lisbon;Google Maps;google_maps_lisbon.csv
KEMA studio;Architect;R. do Alecrim 47 3ºA, 1200-028 Lisboa, Portugal;+351 912 662 400;http://www.kema.pt/contacto/;lisbon;Google Maps;google_maps_lisbon.csv
Bak Gordon Architects;Architect;R. do Alecrim 19A, 1200-014 Lisboa, Portugal;+351 21 347 1107;http://www.bakgordon.com/;lisbon;Google Maps;google_maps_lisbon.csv
São Bento Palace;State parliament;Praça da Constituição de 1976, 1200-619 Lisboa, Portugal;+351 21 391 9000;https://www.parlamento.pt/;lisbon;Google Maps;google_maps_lisbon.csv
EMMA;Architect;R. Camilo Castelo Branco 4 piso 3, 1150-084 Lisboa, Portugal;;http://www.emmarquitectos.com/;lisbon;Google Maps;google_maps_lisbon.csv
Atelier 66;Architect;R. Marcos Portugal 18 D, 1200-258 Lisboa, Portugal;+351 21 397 1179;http://www.atelier66.pt/;lisbon;Google Maps;google_maps_lisbon.csv
Terra Incógnita;Sailing school;Doca de Santo Amaro armazém 17, 1350-353 Lisboa;936 992 560;http://www.terraincognita.pt/;lisbon;Google Maps;google_maps_lisbon.csv
Gonçalo Byrne-arquitectos Lda;Architect;R. da Escola Politécnica 285, 1250-101 Lisboa, Portugal;+351 21 380 4190;http://www.goncalobyrnearquitectos.com/;lisbon;Google Maps;google_maps_lisbon.csv
GAVINHO;Architect;Praça da Alegria 66A, 1250-096 Lisboa, Portugal;+351 21 587 7391;http://www.by-gavinho.com/?utm_source=google&utm_medium=wix_google_business_profile&utm_campaign=12805192461665994954;lisbon;Google Maps;google_maps_lisbon.csv
Almeida Fernandes Arquitectura & Design (ALFA);Architecture firm;R. de Sant'Ana à Lapa 67, 1200-797 Lisboa, Portugal;+351 910 711 839;https://www.almeidafernandes.pt/;lisbon;Google Maps;google_maps_lisbon.csv
João Carmo Simões ARCHITECTURE / JCS arch+;Architecture firm;R. Rodrigues Sampaio 97 2.º Andar, 1150-279 Lisboa, Portugal;+351 21 099 2319;http://www.jcs.archi/;lisbon;Google Maps;google_maps_lisbon.csv
cfarquitetos;Architect;R. Correia Teles 31 3º Esq, 1350-093 Lisboa, Portugal;+351 916 053 472;https://cfarquitetos.carbonmade.com/;lisbon;Google Maps;google_maps_lisbon.csv
wonderstudio: arquitetura & design de interiores;Architect;R. Sampaio e Pina 12 R/C, 1070-249 Lisboa, Portugal;+351 21 584 8356;https://wonderstudio.pt/pages/contactos;lisbon;Google Maps;google_maps_lisbon.csv
DZINE & Co;Interior architect office;R. das Janelas Verdes, Antigo Convento dos Marianos Galeria 6A, 1200-690 Lisboa, Portugal;+351 21 242 7934;http://dzine.pt/;lisbon;Google Maps;google_maps_lisbon.csv
João Tiago Aguiar arquitectos;Architect;Rua da Emenda 111 2º Esq, 1200-169 Lisboa, Portugal;+351 21 342 0546;http://www.joaotiagoaguiar.com/;lisbon;Google Maps;google_maps_lisbon.csv
António Costa Lima Arquitectos;Architect;Av. 24 de Julho 4B Armazém 4, 1200-480 Lisboa, Portugal;+351 21 343 2868;http://www.antoniocostalima.com/;lisbon;Google Maps;google_maps_lisbon.csv
santa bárbara arquitectos;Architect;R. Santa Bárbara 46, 1150-289 Lisboa, Portugal;+351 918 782 738;http://www.a-sb.pt/;lisbon;Google Maps;google_maps_lisbon.csv
Falcão de Campos;Architect;Tv. do Marquês de Sampaio 10, 1200-262 Lisboa, Portugal;+351 21 395 0988;http://www.falcaodecampos.pt/;lisbon;Google Maps;google_maps_lisbon.csv
RAR.STUDIO;Architecture firm;Calçada da Cruz da Pedra Lote L loja A, 1900-173 Lisboa, Portugal;+351 21 813 1057;http://www.rar-studio.com/;lisbon;Google Maps;google_maps_lisbon.csv
TERNULLOMELO Architects;Architect;Av. Bombeiros Voluntários de Algés 37A, 1495-025 Algés, Portugal;+351 21 053 4355;http://www.ternullomelo.com/;lisbon;Google Maps;google_maps_lisbon.csv
CAMPO Arquitectura;Architect;R. Ruben A. Leitão 2B, 1200-329 Lisboa, Portugal;+351 910 518 747;http://campoarquitectura.com/;lisbon;Google Maps;google_maps_lisbon.csv
Conde Paradela Architects;Architect;Praça João do Rio 8 RC dto, 1000-180 Lisboa, Portugal;;http://condeparadela.com/;lisbon;Google Maps;google_maps_lisbon.csv
Atelier Central Arquitectos;Architecture firm;Rua Ricardo Espírito Santo nº 9 cv. dta., 1200-790 Lisboa, Portugal;+351 21 393 1240;http://www.ateliercentral.pt/;lisbon;Google Maps;google_maps_lisbon.csv
PREMISSA atelier de arquitetura;Architect;Praça da Figueira 7 2.º Esq.º, 1100-240 Lisboa, Portugal;+351 934 776 643;http://www.premissa.pt/;lisbon;Google Maps;google_maps_lisbon.csv
LxDesign;Interior Decorator;R. Pinheiro Chagas 88B, 1050-180 Lisboa, Portugal;+351 21 715 0268;https://lxdesign.pt/lojas/;lisbon;Google Maps;google_maps_lisbon.csv
ARCHWAY | arquitetos & criadores;Architect;R. Quintinha 80, 1200-368 Lisboa, Portugal;+351 21 197 4392;http://www.archway.pt/;lisbon;Google Maps;google_maps_lisbon.csv
Frederica Pereira - Arquitectura/Remodelações. 15 anos de Experiência;Architecture firm;R. Manuel Soares Guedes, 1170-200 Lisboa, Portugal;+351 936 268 603;https://fredericaarchitect.as.me/;lisbon;Google Maps;google_maps_lisbon.csv
Martina Arch | Lisboa;Architect;Praça, Lgo Adelino Amaro da Costa 8 2ºD, 1100-006 Lisboa, Portugal;+351 924 234 507;https://www.martinaarch.com/;lisbon;Google Maps;google_maps_lisbon.csv
Monstera;Construction company;R. Castilho 44 5º andar, 1250-091 Lisboa, Portugal;+351 939 783 024;http://www.monstera.pt/;lisbon;Google Maps;google_maps_lisbon.csv
Teatro Nacional de São Carlos;Concert hall;R. Serpa Pinto 9, 1200-442 Lisboa, Portugal;+351 21 325 3000;http://tnsc.pt/;lisbon;Google Maps;google_maps_lisbon.csv
meta.atelier;Architecture firm;Av. Alm. Gago Coutinho 55A, 1700-027 Lisboa, Portugal;+351 916 050 285;https://www.metaatelier.com/;lisbon;Google Maps;google_maps_lisbon.csv
Atelier 106, arquitectura e decoração Lda.;Architect;Av. António Augusto de Aguiar 179, 1050-015 Cave, Portugal;+351 917 117 526;http://www.atelier106.pt/;lisbon;Google Maps;google_maps_lisbon.csv
A.As - Arquitectos Associados;Architect;Calçada de Salvador Correia de Sá 25, 1200-397 Lisboa, Portugal;+351 21 347 4207;https://www.aas.pt/;lisbon;Google Maps;google_maps_lisbon.csv
Bemposta Palace;Historical landmark;Capela do Paço da Bemposta, Paço da Rainha 30, 1150-065 Lisboa, Portugal;;;lisbon;Google Maps;google_maps_lisbon.csv
APPARATUS ARCHITECTS;Architecture firm;R. Carlos Calisto 5, 1400-043 Lisboa, Portugal;+351 21 157 4272;http://apparatusarch.com/;lisbon;Google Maps;google_maps_lisbon.csv
MASSLAB Lisboa;Architecture firm;R. de São Marçal 170, 1200-423 Lisboa, Portugal;+351 22 017 8786;https://www.masslab.pt/;lisbon;Google Maps;google_maps_lisbon.csv
Atelier Átrio;Architect;Rua da República 98 1º Direito, 2670-470 Loures, Portugal;+351 926 056 723;http://www.atelier-atrio.pt/;loures;Google Maps;google_maps_loures.csv
Sérgio Miguel Godinho, Arquitecto;Architect;R. Rómulo de Carvalho 28 Lado B, 2660-702 Loures, Portugal;+351 21 581 3816;https://www.instagram.com/sergiomiguelgodinho_arq/;loures;Google Maps;google_maps_loures.csv
Susete da Silva + Ana Ferreira, Arquitectos e Assoc. Lda;Architect;R. Dr. Manuel de Arriaga n.º28-A, 2670-451 Loures, Portugal;+351 21 605 5196;;loures;Google Maps;google_maps_loures.csv
Meireles Cabral Arquitectos;Architect;Av. Diogo Cão 19 B, 2670-457 Loures, Portugal;+351 911 762 652;http://www.mcarquitectos.pt/;loures;Google Maps;google_maps_loures.csv
Atelier Geometria - Arquitectura e Urbanismo Lda;Architect;Av. Descobertas 15 3ºA, 2670-383 Loures, Portugal;+351 21 983 8072;http://www.ateliergeometria.com/;loures;Google Maps;google_maps_loures.csv
Urban Obras Loures;Interior Decorator;R. Dr. Manuel de Arriaga 8-B Loja N, 2670-451 Loures, Portugal;+351 21 191 2478;https://www.urbanobras.pt/orcamento/;loures;Google Maps;google_maps_loures.csv
TECNIARQUITETURA;Architect;Rua Francisco Canas 23 Fração BB Centro Empresarial de, 2660-500, Portugal;+351 21 139 0402;;loures;Google Maps;google_maps_loures.csv
Enarco- Gabinete de Engenharia E Arquitectura Lda.;Architect;R. Avelar Brotero n.º 41, 2670-418 Loures, Portugal;+351 21 356 1496;;loures;Google Maps;google_maps_loures.csv
Third Skin - Architecture Agency;Architect;;;https://thirdskinarchitecture.com/feasibilitycall;loures;Google Maps;google_maps_loures.csv
Traço Criativo;Architect;Jardim da Amoreira, Rua Carlos Ramos 4, loja A e B, urbanização, 2620-529 Odivelas, Portugal;+351 21 933 7177;http://tracocriativo.pt/;loures;Google Maps;google_maps_loures.csv
CT ARQUITECTOS ASSOCIADOS, LDA;Architect;Praceta Gil Eanes 4B, 2660-444 Santo António dos Cavaleiros, Portugal;+351 21 931 4024;;loures;Google Maps;google_maps_loures.csv
Fátima Graf - Interior Design;Interior designer;Av. Diogo Cão 3 8º Esq, 2670-327 Loures, Portugal;+351 915 404 021;;loures;Google Maps;google_maps_loures.csv
Oway Arquitetura;Architect;R. Guilherme Marconi 13 Loja 13, 2620-448 Ramada, Portugal;+351 21 933 8943;;loures;Google Maps;google_maps_loures.csv
AJA - Reabilitação - Remodelação - Construção;Architecture firm;Av. Diogo Cão, 2670-327 Loures, Portugal;+351 963 434 424;http://www.ajaprojetos.com/;loures;Google Maps;google_maps_loures.csv
Lugaresimétricos - Arquitectura E Engenharia, Lda.;Architect;Av. 25 de Abril Nº4 Loja Direita, 2620-185 Ramada, Portugal;+351 21 981 0315;https://lugaresimetricos.pt/;loures;Google Maps;google_maps_loures.csv
SKL - Arquitectura E Engenharia, Lda;Architect;Cv . Frt, Praceta Maria Lamas nº 1, 2675-572 Odivelas, Portugal;+351 21 934 4179;;loures;Google Maps;google_maps_loures.csv
RC Arquitetura;Architect;Colinas do Cruzeiro, Av. Miguel Torga nº 5 A, 2675-678 Odivelas, Portugal;+351 937 548 803;https://grupocity.pt/rc-arquitetura/;loures;Google Maps;google_maps_loures.csv
Arquitetura Joana Andrade;Architect;;+351 963 434 424;https://www.ajaprojetos.com/?utm_source=google&utm_medium=wix_google_business_profile&utm_campaign=404214668027809505;loures;Google Maps;google_maps_loures.csv
Brand Spice - Comunicação e Imagem, Lda;Interior designer;R. Dr. Manuel de Arriaga 30, 2670-451 Loures, Portugal;+351 21 586 0949;;loures;Google Maps;google_maps_loures.csv
Anipal-Estofos, Cortinados e Decoração em Loures;Home goods store;Rua Vasco da Gama, n.º 27 A/B, Urb. Infantado, 2670-397 Loures, Portugal;+351 21 983 0080;http://www.anipal.pt/;loures;Google Maps;google_maps_loures.csv
Gabinete de estudos e projectos de Arquitectura e Engenharia;Professional services;R. António Luís Gomes 1, 2620-310 Ramada, Portugal;+351 913 549 086;;loures;Google Maps;google_maps_loures.csv
Atelier Conceito Urbano;Architect;Praceta Francine Benoit, nº 3, c/v frt, Arroja, 2675-551 Odivelas, Portugal;;http://www.conceito-urbano.com/;loures;Google Maps;google_maps_loures.csv
Elisa Carvalho Design & Interiores;Interior designer;R. Guilherme Marconi 7B, 2620-448 Ramada, Portugal;+351 960 129 662;https://elisacarvalho.com/;loures;Google Maps;google_maps_loures.csv
grupo GUTEFORM | Arquitetura & Design |;Architect;R. da Paiã 23 B, 2675-935 Odivelas, Portugal;+351 21 588 1761;http://www.guteform.pt/;loures;Google Maps;google_maps_loures.csv
Espaço Cidade - Arquitectos Associados, Lda.;Architect;Bairro da Funcheira, 2715-224 Almargem do Bpo., Portugal;+351 965 017 386;http://www.espacocidade.com/;loures;Google Maps;google_maps_loures.csv
Arquitetarte - Arquitetura & Interior Design;Interior designer;Praceta Gil Eanes 1 Loja CD, 2660-444 Lisboa, Portugal;+351 21 807 6108;;loures;Google Maps;google_maps_loures.csv
Kuerencia Decor;Interior designer;Colinas do Cruzeiro |, R. Antero de Quental 54 | Loja Dta, 2675-690 Odivelas, Portugal;+351 937 251 488;https://wa.me/351937251488;loures;Google Maps;google_maps_loures.csv
CASAS CRIA-FORMA;Home builder;R. Cidade do Porto 10, 2660-026 Frielas, Portugal;+351 21 581 1890;http://www.casascriaforma.pt/;loures;Google Maps;google_maps_loures.csv
Arquitecto Luís Correia Cardoso;Architect;2605-771 Casal de Cambra, Portugal;+351 21 800 8946;;loures;Google Maps;google_maps_loures.csv
Raízes Paralelas Interior Design;Interior designer;Rua do Paraíso 61, 2695-661 São João da Talha, Portugal;+351 928 255 123;https://www.raizesparalelas.com/;loures;Google Maps;google_maps_loures.csv
Gabinete de Arquitetura Lisboa | Arqvila;Architecture firm;;+351 918 933 694;https://arqvila.com/#orcamento;loures;Google Maps;google_maps_loures.csv
Metamorphoses Home Design;Interior designer;R. Laura Aires 11A, 2675-564 Odivelas, Portugal;+351 21 934 2870;http://www.metamorphoseshomedesign.pt/;loures;Google Maps;google_maps_loures.csv
Darkstudio;Building firm;R. Fernando Namora 4, 2675-302 Odivelas, Portugal;+351 924 153 365;https://darkstudio.pt/contactos/;loures;Google Maps;google_maps_loures.csv
Arkitetura;Architect;Praceta Salgado Zenha 3 loja 1, Flamenga, 2660-328 Santo António dos Cavaleiros, Portugal;+351 21 810 9057;https://arkitetura.pt/;loures;Google Maps;google_maps_loures.csv
HIN ARCHITECTURE;Architectural designer;R. Paiva Couceiro 11 4º Esq, 2675-423 Odivelas, Portugal;+351 910 276 326;;loures;Google Maps;google_maps_loures.csv
if3Design - Projetos Decoração;Interior designer;Vilas de S. Francisco, R. São Miguel Arcanjo 23A, 2695-878 São João da Talha, Portugal;;https://www.if3design.pt/;loures;Google Maps;google_maps_loures.csv
Studio Larissa Sciortino;Interior designer;;;https://www.instagram.com/studio.larissasciortino/;loures;Google Maps;google_maps_loures.csv
NSPACE;Construction company;R. Alves Redol 118, 2680-378 Unhos, Portugal;+351 913 787 230;https://www.facebook.com/NSPACE.ERGORBIS;loures;Google Maps;google_maps_loures.csv
RNovLar;Interior designer;R. da Régua 17, 2605-817 Casal de Cambra, Portugal;+351 966 305 262;http://www.rnovlar.pt/;loures;Google Maps;google_maps_loures.csv
Engiexpoente - Engenharia e Construções Lda;Painter;R. José Augusto Gouveia, 1685-181 Famões, Portugal;+351 960 236 947;https://www.welinkbuilders.pt/eletricista/ladrilhador/carpinteiro/pedreiro/pintor/estucador/canalizador/serralheiro/gestor-de-obras/operadores-de-maquinas-de-construcao-civil/engenheiro-civil/caixilharia/gestor-de-imoveis/remodelacao/construcao-de-imoveis/designer-grafico-3d/reabilitacao/1685-181-famoes-portugal/engiexpoente-engenharia-e-construcoes-lda-321;loures;Google Maps;google_maps_loures.csv
Municipality of Loures;Local government office;Praça da Liberdade, 2674-501 Loures, Portugal;+351 21 115 0100;https://www.cm-loures.pt/;loures;Google Maps;google_maps_loures.csv
NANO arquitectura + construção;Architect;Av. David Mourão-Ferreira 53 7D, 1750-220 Lisboa, Portugal;+351 912 470 472;http://nano.com.pt/;loures;Google Maps;google_maps_loures.csv
João Peixe Brotherwood;Carpenter;R. Gil Vicente 26, 2660-163 Santo Antão do Tojal, Portugal;;http://www.joaopeixe.com/;loures;Google Maps;google_maps_loures.csv
Carlos Sousa Valles -- Arquitectos;Architect;R. Tito de Morais 1, 1750-455 Lisboa, Portugal;+351 21 845 1422;https://www.facebook.com/CarlosSousaVallesArquitectos;loures;Google Maps;google_maps_loures.csv
Pedacos E Compassos Lda;Architect;;+351 963 401 003;;loures;Google Maps;google_maps_loures.csv
La Maison Boutique;Interior designer;R. Pulido Valente Nº8 loja A, 2675-672 Odivelas, Portugal;+351 917 253 334;http://www.lamaisonboutique.pt/;loures;Google Maps;google_maps_loures.csv
Decorlir - Estofos e Decorações;Architect;R. de Coimbra 4 B C, 2605-738 Casal de Cambra, Portugal;+351 21 981 1710;;loures;Google Maps;google_maps_loures.csv
LS Atelier;Architect;;+351 913 088 710;https://www.lsatelier.pt/;loures;Google Maps;google_maps_loures.csv
Dépayser Interiores;Interior designer;Rua Ricardo Reis 3, Centro Comercial Apolo 26, Loja 14, 2675-239 Odivelas, Portugal;+351 924 725 215;https://depayserimoveis.my.canva.site/depayserinteriores;loures;Google Maps;google_maps_loures.csv
Vintage Obras;Construction company;R. Dr. Sidónio Pais 19, 2675-504 Odivelas, Portugal;+351 968 673 613;https://vintageobras.pt/;loures;Google Maps;google_maps_loures.csv
Célia Caiado Arquitectos;Architect;Av. Nuno Krus Abecassis 36, 1750-456 Lisboa, Portugal;+351 933 477 662;https://www.arquitecturaceliacaiado.com/;loures;Google Maps;google_maps_loures.csv
Toka Makaridze;Painter;Praceta Carolina Beatriz Ângelo 4, 2675-546 Odivelas, Portugal;+351 925 455 111;https://www.welinkbuilders.pt/pintor/estucador/reabilitacao/pedreiro/remodelacao/2675-546-odivelas-portugal/toka-makaridze-322;loures;Google Maps;google_maps_loures.csv
Jcfs-arquitectos E Designers Lda;Architect;R. Aristides de Sousa Mendes 4C Esc 1, 1600-413 Lisboa, Portugal;+351 21 712 1200;http://www.jcfs.eu/;loures;Google Maps;google_maps_loures.csv
HIGHPLAN \ ARQUITECTOS;Architect;R. Padre Américo 17B 1Esq, 1600-548 Lisboa, Portugal;+351 21 096 2823;http://www.highplan.pt/;loures;Google Maps;google_maps_loures.csv
Atelier Data;Architecture firm;R. São José 17, 1150-321 Lisboa, Portugal;+351 21 812 3838;http://www.atelierdata.com/;loures;Google Maps;google_maps_loures.csv
Cadtresd, Lda;Interior designer;R. Guilherme Marconi 16B, 2620-448 Ramada, Portugal;+351 21 247 0477;;loures;Google Maps;google_maps_loures.csv
VangorLG Atelier Luisa Guerreiro;Interior designer;;+351 962 738 833;https://vangor.pt/;loures;Google Maps;google_maps_loures.csv
Futurpólis Sociedade de Engenharia e Arquitectura;Architect;Av. de França 7, Odivelas, Portugal;+351 21 980 0539;;loures;Google Maps;google_maps_loures.csv
Rui Avelar - Arquitectura e Urbanismo;Architect;Largo Luís Camões 6, 2670-631 Bucelas, Portugal;+351 21 968 1611;http://www.ruiavelar.com/;loures;Google Maps;google_maps_loures.csv
En Privè - Atelier de Arquitectura;Architect;R. Maria Amália Vaz de Carvalho, 1675-614 Pontinha, Portugal;+351 911 533 388;http://enprive.pt/;loures;Google Maps;google_maps_loures.csv
KonceptNess;Architect;R. Poe. Bocage 11C, 1600-581 Lisboa, Portugal;+351 21 014 6026;http://www.konceptness.com/;loures;Google Maps;google_maps_loures.csv
Lucia Santos - arquitectura;Architect;;+351 918 933 255;;loures;Google Maps;google_maps_loures.csv
Ricardo Serra Arquitecto;Architect;R. Conselheiro Lopo Vaz D Loja F, 1800-142 Lisboa, Portugal;+351 21 247 4109;https://ricardoserra.pt/;loures;Google Maps;google_maps_loures.csv
Bransolutions-Prestação de Serviços Lda;Architecture firm;;+351 968 129 941;;loures;Google Maps;google_maps_loures.csv
Habita Mais;Architect;Rua Dr.º, R. Dr. José Baptista de Sousa 47 d, 1500-244 Lisboa, Portugal;+351 21 726 0910;https://www.habitamais.pt/contactos;loures;Google Maps;google_maps_loures.csv
Urban Preview | Arquitetura e Reabilitação;Architect;R. Ilha do Porto Santo 7, 1675-111 Pontinha, Portugal;+351 911 033 210;http://fb.com/urbanpreview;loures;Google Maps;google_maps_loures.csv
DNInteriores - Dulce Nunes;Interior designer;;+351 914 286 484;http://dninteriores.tilda.ws/;loures;Google Maps;google_maps_loures.csv
Sketch Ideas;Interior designer;;+351 968 055 549;;loures;Google Maps;google_maps_loures.csv
RUÍDOGRÁFICO;Design agency;Tv. Barbosa de Rezende 4, 2670-421 PORTUGAL, Portugal;+351 914 480 194;http://ruidografico.pt/;loures;Google Maps;google_maps_loures.csv
Urban Lapas luxury family farm;Architecture firm;;+351 963 910 337;;loures;Google Maps;google_maps_loures.csv
HARTCASA;Architect;R. João Luís de Moura n.º 71, 2530-158 Lourinhã, Portugal;+351 261 423 930;https://www.hartcasa.com/contactos;lourinha;Google Maps;google_maps_lourinha.csv
HM Arquitectos;Architect;Tv. Dra. Ana Jorge n.1 1º - Andar, 2530-128 Lourinhã, Portugal;+351 261 469 481;http://www.hmarquitectos.pt/;lourinha;Google Maps;google_maps_lourinha.csv
TABF ARQUITETURA;Architect;R. da Misericórdia 5 1ºB, 2530-137 Lourinhã, Portugal;+351 918 174 832;https://www.tiago-figueiroa.com/;lourinha;Google Maps;google_maps_lourinha.csv
Feng Shui consulting & training;Architect;R. Inf. Dom Henrique 1L, 2530-241 Lourinhã, Portugal;+351 962 401 001;http://www.masazorn.com/;lourinha;Google Maps;google_maps_lourinha.csv
Desenhoeste Lda. Gabinete de Arquitectura e Engenharia.;Architect;R. Francisco Rocha 27 R/C, 2530-110 Lourinhã, Portugal;+351 261 461 118;http://www.desenhoeste.com/;lourinha;Google Maps;google_maps_lourinha.csv
Espaço4U;Interior designer;R. 25 de Abril 1, 2530-128 Lourinhã, Portugal;+351 261 099 105;;lourinha;Google Maps;google_maps_lourinha.csv
Projectos Sérgio M A Fernandes;Engineer;R. Dr. Francisco Sá Carneiro 10 Sala 6, 2530-108 Lourinhã, Portugal;+351 261 413 022;;lourinha;Google Maps;google_maps_lourinha.csv
DOKKA Arquitetura;Architect;Shopping Lourinhã, R. dos Bombeiros Voluntários 30 Loja 01, 2530-147 Lourinhã, Portugal;+351 935 068 505;https://www.arqdokka.com/;lourinha;Google Maps;google_maps_lourinha.csv
Alexval - Interior Designer;Interior designer;R. Dr. Francisco Sá Carneiro 24-A, 2530-108 Lourinhã, Portugal;+351 916 540 067;http://www.alexval.pt/;lourinha;Google Maps;google_maps_lourinha.csv
CV - Arquitetura e Engenharia;Civil engineer;R. Augusto Carolo 12, Areia Branca, 2530-068 Lourinhã, Portugal;+351 911 136 115;http://www.cv-arquiteturaengenharia.com/;lourinha;Google Maps;google_maps_lourinha.csv
Horto dos Barros;Landscape architect;;+351 910 708 028;;lourinha;Google Maps;google_maps_lourinha.csv
ALP Gabinete De Projectos - ARQUITETURA;Corporate office;"edifício ""Prestige, Alameda Nuno de Brion 2, 2530-875 Lourinhã, Portugal";+351 261 413 623;https://www.alp-projectos.com/;lourinha;Google Maps;google_maps_lourinha.csv
celiavicentearquiteta;Architect;;+351 967 501 082;;lourinha;Google Maps;google_maps_lourinha.csv
Martina Arch | Lisboa;Architect;Praça, Lgo Adelino Amaro da Costa 8 2ºD, 1100-006 Lisboa, Portugal;+351 924 234 507;https://www.martinaarch.com/;mafra;Google Maps;google_maps_mafra.csv
OTK Arquitectos Lda;Architect;Rua Arquiteto Ludovice 2, 2640-582 Mafra, Portugal;+351 261 812 310;http://www.otk-arquitectos.pt/;mafra;Google Maps;google_maps_mafra.csv
Joaquim Caracol;Architect;R. Primeiro de Dezembro 9, 2640-454 Mafra, Portugal;+351 261 812 687;;mafra;Google Maps;google_maps_mafra.csv
Arte´S - Arquitectura & Feng Shui;Architect;Av. da Liberdade 3B, 2640-774 Mafra, Portugal;;https://artesarquitecturafengshui.com/;mafra;Google Maps;google_maps_mafra.csv
nocnoc studio;Architecture firm;R. do Chafariz Grande, Barreiralva, 2640-416 Mafra, Portugal;+351 968 879 943;https://nocnocstudio.com/;mafra;Google Maps;google_maps_mafra.csv
Nunes Toral Arquitectos;Architect;R. Pedras Amarelas 4, Barreiralva, 2640-416 Mafra, Portugal;+351 261 055 900;https://www.nunestoral.com/;mafra;Google Maps;google_maps_mafra.csv
not-atelier;Architect;2640-817 Mafra, Portugal;+351 913 315 565;http://www.not-atelier.com/;mafra;Google Maps;google_maps_mafra.csv
SFF ARQUITETURA;Architect;terreiro dom João V numero 15 terceiro direito, 2640-492 Mafra, Portugal;+351 968 146 825;http://sffarquitetura.pt/;mafra;Google Maps;google_maps_mafra.csv
Helmrich's Interior Design;Architecture firm;R. do Fontanário 1, 2640-401 Ericeira, Portugal;+351 962 976 678;http://www.helmrichs.pt/;mafra;Google Maps;google_maps_mafra.csv
Forma 04 - Arquitectos;Architect;Av. 25 de Abril 1 1 andar C, 2640-456 Mafra, Portugal;;;mafra;Google Maps;google_maps_mafra.csv
Domingues Rolo Arquitectos Lda;Architect;R. Prof. Egas Moniz Nº10 Loja B, 2640-477 Mafra, Portugal;+351 916 623 645;http://www.drarquitectos.pt/;mafra;Google Maps;google_maps_mafra.csv
a+ arquitectura;Architect;R. Paroquial n.º 5 R/C, 2665-260 Malveira, Portugal;+351 965 664 400;https://www.arquitectura-positiva.com/;mafra;Google Maps;google_maps_mafra.csv
Arquitetura e Engenharia;Architect;Patio do Escondidinho 4, 2640-473 Mafra, Portugal;+351 966 021 763;;mafra;Google Maps;google_maps_mafra.csv
SER arquitetos;Architect;R. Aquilino Ribeiro 10 Dto, 2640-457 Mafra, Portugal;+351 966 276 296;http://serarquitetos.pt/;mafra;Google Maps;google_maps_mafra.csv
LUXE Design - Atelier;Interior designer;R. José Elias Garcia 4, 2640-495 Mafra, Portugal;+351 919 920 126;https://www.luxe-design.pt/;mafra;Google Maps;google_maps_mafra.csv
mesmo atelier;Architecture firm;;;http://mesmoatelier.pt/;mafra;Google Maps;google_maps_mafra.csv
Paulo JLC . Arquitetura;Architecture firm;;+351 965 439 188;https://paulo-jlc-arquiteto.webnode.pt/;mafra;Google Maps;google_maps_mafra.csv
Sancovedras - Excelência na Decoração;Interior designer;Showroom, R. Prof. Guilherme de Assunção 2, 2640-542 Mafra, Portugal;+351 261 814 354;https://www.sancovedras.pt/;mafra;Google Maps;google_maps_mafra.csv
Milene Silva - Arquitectura;Architect;EN 247, Nr 31, Ribamar, 2640-027 Mafra, Portugal;+351 919 710 786;http://www.milenesilva.com/;mafra;Google Maps;google_maps_mafra.csv
A-Design;Advertising agency;;+351 929 077 881;http://www.a-design.pt/;mafra;Google Maps;google_maps_mafra.csv
AT.93 - Atelier de Arquitectura e Engenharia Lda.;Architect;EN116, Quinta dos Leitões, 2655-450 Ericeira, Portugal;+351 21 134 9207;http://www.at93.pt/;mafra;Google Maps;google_maps_mafra.csv
BMA Group Lisboa - Magic Place;Construction company;Rua Rui Teles Palhinha 10 2.º F, 2740-278 Porto Salvo;912 424 724;http://www.bmagrouplisboa.pt/;mafra;Google Maps;google_maps_mafra.csv
Urban Jungle;Garden center;R. José Luis Crespo 2A, 2655-347 Ericeira, Portugal;+351 915 772 089;https://urbanjungle.pt/contacte-nos/;mafra;Google Maps;google_maps_mafra.csv
Mercado Municipal de Mafra;Market;R. José Elias Garcia, 2640-495 Mafra, Portugal;;https://www.cm-mafra.pt/pages/880;mafra;Google Maps;google_maps_mafra.csv
Rolo & Filhos Ii Sa;Graphic designer;R. Dr. António Fernandes Cura, 2640-486 Mafra, Portugal;+351 261 816 500;;mafra;Google Maps;google_maps_mafra.csv
Espaço.Detalhes - Decoração de Interiores;Interior designer;R. dos Bombeiros Voluntários de Mafra 8A, 2640-462 Mafra, Portugal;+351 261 140 635;;mafra;Google Maps;google_maps_mafra.csv
Planimetrica - Arquitetura;Architect;;+351 21 986 1159;;mafra;Google Maps;google_maps_mafra.csv
Studio Suvelle;Graphic designer;R. da Coroa, 2640-573 Mafra, Portugal;+351 961 624 283;https://www.studiosuvelle.com/contacto;mafra;Google Maps;google_maps_mafra.csv
Rodrigues Design;Graphic designer;Rua Cidade Frehel, 8, 1º FR, 2640-469 Mafra, Portugal;+351 933 265 893;http://www.rodriguesdesign.pt/;mafra;Google Maps;google_maps_mafra.csv
Wild Renew;Interior designer;MAFRA PT, 2665-411 Venda do Pinheiro, Portugal;+351 910 236 619;https://sites.google.com;mafra;Google Maps;google_maps_mafra.csv
Companhia das Obras;Home builder;Av. Dr. Francisco Sá Carneiro 12, 2644-006 Mafra, Portugal;+351 261 858 671;http://www.companhiadasobras.pt/;mafra;Google Maps;google_maps_mafra.csv
SOA Arquitetura;Architect;;+351 916 001 958;http://soaarquitetos.wixsite.com/soaarquitetura;mafra;Google Maps;google_maps_mafra.csv
Pavilhão de Caça;Tourist attraction;Mafra, Portugal;;;mafra;Google Maps;google_maps_mafra.csv
ArchStudioEriceira;Architect;R. Filipe Duarte Portela 10, 2655-405 Ericeira, Portugal;+351 912 652 095;http://www.archstudioericeira.com/;mafra;Google Maps;google_maps_mafra.csv
Isabel Rodrigo Gonçalves, Arquitecta e Urbanista;Architect;;+351 965 461 170;http://www.ocupacaodaviapublica.pt/;mafra;Google Maps;google_maps_mafra.csv
Rs Guerreiro;Architect;R. Eça de Queirós 9, 2860-378 Moita, Portugal;+351 21 246 4136;http://www.rsguerreiro-arq.pt/;moita;Google Maps;google_maps_moita.csv
Araújo Arquitectura Lda;Architect;Largo Igreja 11, 2860-410 Moita, Portugal;+351 21 081 8146;https://www.araujo-arquitectura.pt/;moita;Google Maps;google_maps_moita.csv
F. Coentro - Arquitectura, Fiscalização E Direcção De Obras, Lda.;Architect;Travessa do Matadouro 16, 2860-498 Moita, Portugal;+351 966 006 607;;moita;Google Maps;google_maps_moita.csv
Caio Hedape ArqProj;Architect;R. Dr. Egas Moniz, 2860-459 Moita, Portugal;+351 963 071 120;;moita;Google Maps;google_maps_moita.csv
Urban Obras;Architect;Av. João Xxiii 363, 2870-159 Montijo, Portugal;+351 965 512 963;https://www.urbanobras.pt/orcamento/;montijo;Google Maps;google_maps_montijo.csv
RHARQUITECTOS;Architect;R. Diogo Dias 24, 2870-272 Montijo, Portugal;+351 21 231 1480;https://www.rharquitectos.com.pt/;montijo;Google Maps;google_maps_montijo.csv
Semgaffes-arquitectos Associados Lda;Architect;Av. João Xxiii 322, 2870-159 Montijo, Portugal;+351 21 232 8612;;montijo;Google Maps;google_maps_montijo.csv
STRUCTOR;Architecture firm;R. Serpa Pinto 100, 2870-363 Montijo, Portugal;+351 927 623 858;;montijo;Google Maps;google_maps_montijo.csv
Fidalgo Mineiro-arquitectos Lda;Architecture firm;Av. Infante Dom Henrique 883, 2870-457 Montijo, Portugal;+351 21 230 8120;https://www.fidalgomineiro.pt/;montijo;Google Maps;google_maps_montijo.csv
IcoSolutions;Architect;Av. Eng. Duarte Pacheco, 2870-085 Montijo, Portugal;+351 913 309 668;http://www.icosolutions.net/;montijo;Google Maps;google_maps_montijo.csv
ASFgA (Alexandre Silva Fernandes - Gabinete de Arquitectura);Architect;R. Cidade de Coimbra 105 3ºesq, 2870-131 Montijo, Portugal;;http://asfga.weebly.com/;montijo;Google Maps;google_maps_montijo.csv
Arquitectura - JNobre - Montijo;Architect;PC REPÚBLICA 63 - GALERIAS COMERCIAIS PISO2 - ESCRITÓRIO 2, 2870-235, Portugal;+351 938 302 647;;montijo;Google Maps;google_maps_montijo.csv
Bevelli Home - Interior & Design;Interior designer;R. Amadeu de Sousa Cardoso 93, 2870-198 Montijo, Portugal;+351 966 841 096;https://www.bevellihome.pt/;montijo;Google Maps;google_maps_montijo.csv
Lotus Interior Design;Interior designer;R. Serpa Pinto 167, 2870-363 Montijo, Portugal;+351 21 232 9226;http://www.lotusinteriordesign.pt/;montijo;Google Maps;google_maps_montijo.csv
LNRD Arquitetura e Design;Interior designer;;+351 912 619 060;https://www.instagram.com/lnrd.arquiteturaedesign/;montijo;Google Maps;google_maps_montijo.csv
Núcleo De Projetos;Interior designer;Av. Dom Afonso v, 1250-004 Montijo, Portugal;+351 914 966 082;;montijo;Google Maps;google_maps_montijo.csv
Ana Andrade - Design de Interiores;Interior designer;R. Joaquim de Almeida 7, 2870-339 Montijo, Portugal;+351 21 800 7646;http://www.aandrade-idesign.com/;montijo;Google Maps;google_maps_montijo.csv
76 Arquitectos;Architect;Praça 5 de Outubro, 2870-234 Montijo, Portugal;+351 919 847 640;;montijo;Google Maps;google_maps_montijo.csv
Laura Nicolau, Designer de Interiores;Interior designer;R. Serpa Pinto 167, 2870-326 Montijo, Portugal;+351 21 232 9226;;montijo;Google Maps;google_maps_montijo.csv
Perspectiva - Arquitectos;Architect;Av. Corregedor Rodrigo Dias 328, 2870-153 Montijo, Portugal;+351 21 096 2329;;montijo;Google Maps;google_maps_montijo.csv
09jf, Arquitectura, Engenharia, Especialidades E Instalações Especiais ,Unipessoal Limitada;Architect;R. José de Almada Negreiros 378, 2870-441 Montijo, Portugal;+351 21 231 8914;;montijo;Google Maps;google_maps_montijo.csv
Marina Carvalho Arquitectura;Architect;Tv. Fábrica 15, 2870-371 Montijo, Portugal;;;montijo;Google Maps;google_maps_montijo.csv
GS ARQUITECTOS;Architecture firm;Av. Infante Dom Henrique 875, 2870-157 Montijo, Portugal;+351 938 927 266;https://gs-arquitectos.com/;montijo;Google Maps;google_maps_montijo.csv
GS Arquitectos LDA.;Architecture firm;Av. Infante Dom Henrique 875, 2870-157 Montijo, Portugal;+351 938 927 266;http://www.gs-arquitectos.com/;montijo;Google Maps;google_maps_montijo.csv
D3;Architecture firm;Tv. Fábrica, 2870-362 Montijo, Portugal;+351 967 062 673;;montijo;Google Maps;google_maps_montijo.csv
Oficina Ideias Em Linha-arquitectura E Design Lda;Architect;R. Miguel Bombarda 21, 2870-340 Montijo, Portugal;+351 21 234 1843;;montijo;Google Maps;google_maps_montijo.csv
AzeroArquitectos;Architect;R. Pocinho das Nascentes n.º 4 1º esq, 2870-307 Montijo, Portugal;+351 915 705 672;http://www.azeroarquitectos.com/;montijo;Google Maps;google_maps_montijo.csv
Cubo Completo Lda;Architect;Av. 5 de Outubro 296, 2870-516 Montijo, Portugal;+351 21 093 5219;;montijo;Google Maps;google_maps_montijo.csv
Scae - Serviços Consultoria Arquitectura E Engenharia, Lda.;Architect;R. Cidade de Faro 39, 2870-138 Montijo, Portugal;+351 21 232 0292;;montijo;Google Maps;google_maps_montijo.csv
Castiobra - Rpresentações & Construções;Architect;Av. João de Deus 19, 2870-158 Montijo, Portugal;+351 21 231 0197;http://www.castiobra.pt/;montijo;Google Maps;google_maps_montijo.csv
Nuno Madeira - Arquitectos;Architect;R. Cidade de Coimbra n.º 109 2E, 2870-131 Montijo, Portugal;;;montijo;Google Maps;google_maps_montijo.csv
Smart City Interiors;Interior designer;R. da Sociedade, 2870-487 Montijo, Portugal;+351 965 807 410;;montijo;Google Maps;google_maps_montijo.csv
Gomes / F Arquitectos, Lda.;Architect;Av. Pedro Nunes 895, Montijo, Portugal;+351 21 896 2034;;montijo;Google Maps;google_maps_montijo.csv
Ó da Joana;Architect;;+351 914 282 661;https://www.odajoana.pt/;montijo;Google Maps;google_maps_montijo.csv
;;;;;odivelas;Google Maps;google_maps_odivelas.csv
Traço Criativo;Architect;Jardim da Amoreira, Rua Carlos Ramos 4, loja A e B, urbanização, 2620-529 Odivelas, Portugal;+351 21 933 7177;http://tracocriativo.pt/;odivelas;Google Maps;google_maps_odivelas.csv
ATM - Architecture & Design;Architect;Av. Miguel Torga 20 Loja 2, 2675-664 Odivelas, Portugal;+351 965 518 384;http://www.atelieratm.com/;odivelas;Google Maps;google_maps_odivelas.csv
grupo GUTEFORM | Arquitetura & Design |;Architect;R. da Paiã 23 B, 2675-935 Odivelas, Portugal;+351 21 588 1761;http://www.guteform.pt/;odivelas;Google Maps;google_maps_odivelas.csv
Arabisk ARCHITECTURE;Architectural designer;R. Paiva Couceiro 11 4º Esq, 2675-423 Odivelas, Portugal;+351 910 276 326;;odivelas;Google Maps;google_maps_odivelas.csv
Oway Arquitetura;Architect;R. Guilherme Marconi 13 Loja 13, 2620-448 Ramada, Portugal;+351 21 933 8943;;odivelas;Google Maps;google_maps_odivelas.csv
Third Skin - Architecture Agency;Architect;;;https://thirdskinarchitecture.com/feasibilitycall;odivelas;Google Maps;google_maps_odivelas.csv
SKL - Arquitectura E Engenharia, Lda;Architect;Cv . Frt, Praceta Maria Lamas nº 1, 2675-572 Odivelas, Portugal;+351 21 934 4179;;odivelas;Google Maps;google_maps_odivelas.csv
Atelier Conceito Urbano;Architect;Praceta Francine Benoit, nº 3, c/v frt, Arroja, 2675-551 Odivelas, Portugal;;http://www.conceito-urbano.com/;odivelas;Google Maps;google_maps_odivelas.csv
Vintage Obras;Construction company;R. Dr. Sidónio Pais 19, 2675-504 Odivelas, Portugal;+351 968 673 613;https://vintageobras.pt/;odivelas;Google Maps;google_maps_odivelas.csv
Lugaresimétricos - Arquitectura E Engenharia, Lda.;Architect;Av. 25 de Abril Nº4 Loja Direita, 2620-185 Ramada, Portugal;+351 21 981 0315;https://lugaresimetricos.pt/;odivelas;Google Maps;google_maps_odivelas.csv
Metamorphoses Home Design;Interior designer;R. Laura Aires 11A, 2675-564 Odivelas, Portugal;+351 21 934 2870;http://www.metamorphoseshomedesign.pt/;odivelas;Google Maps;google_maps_odivelas.csv
Studio Verde;Architect;Praceta Mário de Sá Carneiro 1 2C, 2675-235 Odivelas, Portugal;+351 917 177 993;https://svarquitetos.wixsite.com/studioverde;odivelas;Google Maps;google_maps_odivelas.csv
RS Arquitetura;Interior architect office;Rua Fernando Namora, Urbanização Colinas do Cruzeiro N.º 24 loja 3, 2675-487 Odivelas, Portugal;+351 21 407 0717;https://geral.rsarquitetura.pt/?utm_source=Meta&utm_id=GDRS;odivelas;Google Maps;google_maps_odivelas.csv
Bransolutions-Prestação de Serviços Lda;Architecture firm;;+351 968 129 941;;odivelas;Google Maps;google_maps_odivelas.csv
Pedacos E Compassos Lda;Architect;;+351 963 401 003;;odivelas;Google Maps;google_maps_odivelas.csv
Futurpólis Sociedade de Engenharia e Arquitectura;Architect;Av. de França 7, Odivelas, Portugal;+351 21 980 0539;;odivelas;Google Maps;google_maps_odivelas.csv
Storia - Architecture and Interior Design;Interior designer;;;http://www.storia-id.com/;odivelas;Google Maps;google_maps_odivelas.csv
DSA Architects International (Lisbon, Portugal);Architect;Alameda António Sérgio 7 2 D, 2795-023 Linda-a-Velha, Portugal;+351 21 419 3277;http://www.dsa-arch.com/;odivelas;Google Maps;google_maps_odivelas.csv
TECNOMEDICA LDA;Architecture firm;;+351 934 569 590;https://www.tecnomedica.pt/;odivelas;Google Maps;google_maps_odivelas.csv
LCAS Architecture;Architect;R. António da Silva 31 R/C Esq, 2750-101 Cascais, Portugal;+351 21 052 0881;https://www.lcas.pt/;odivelas;Google Maps;google_maps_odivelas.csv
Martina Arch | Lisboa;Architect;Praça, Lgo Adelino Amaro da Costa 8 2ºD, 1100-006 Lisboa, Portugal;+351 924 234 507;https://www.martinaarch.com/;odivelas;Google Maps;google_maps_odivelas.csv
Cria - Arq. Joana Ribeiro Santos;Architect;;+351 915 116 070;https://www.cria-studio.pt/;odivelas;Google Maps;google_maps_odivelas.csv
DeltaUrbano, Atelier;Architect;;+351 961 847 777;;odivelas;Google Maps;google_maps_odivelas.csv
SPACEGRAM;Architecture firm;R. Carlos Mardel 5 2º Andar, 1900-117 Lisboa, Portugal;+351 21 017 8013;http://www.spacegram.com/;odivelas;Google Maps;google_maps_odivelas.csv
House Details Magazine;Architect;Av. Conde Valbom 122, 1050-070 Lisboa, Portugal;+351 917 560 951;http://www.housedetailsmagazine.com/;odivelas;Google Maps;google_maps_odivelas.csv
Sérgio Miguel Godinho, Arquitecto;Architect;R. Rómulo de Carvalho 28 Lado B, 2660-702 Loures, Portugal;+351 21 581 3816;https://www.instagram.com/sergiomiguelgodinho_arq/;odivelas;Google Maps;google_maps_odivelas.csv
Susete da Silva + Ana Ferreira, Arquitectos e Assoc. Lda;Architect;R. Dr. Manuel de Arriaga n.º28-A, 2670-451 Loures, Portugal;+351 21 605 5196;;odivelas;Google Maps;google_maps_odivelas.csv
LS Atelier;Architect;;+351 913 088 710;https://www.lsatelier.pt/;odivelas;Google Maps;google_maps_odivelas.csv
A. Santos Reparações - Eletricista e Remodelações;Painter;Av. Prof. Dr. Augusto Abreu Lopes 1 4º Esq, 2675-299 Odivelas, Portugal;+351 962 231 903;https://www.welinkbuilders.pt/eletricista/remodelacao/reabilitacao/2675-299-odivelas-portugal/a-santos-reparacoes-eletricista-e-remodelacoes-224;odivelas;Google Maps;google_maps_odivelas.csv
Liv-in;Interior designer;R. Castilho 39 8 F, 1250-068 Lisboa, Portugal;+351 912 222 011;https://www.liv-in.com/;odivelas;Google Maps;google_maps_odivelas.csv
ACVB;Architect;Lisbon, Portugal;;;odivelas;Google Maps;google_maps_odivelas.csv
Atelier Geometria - Arquitectura e Urbanismo Lda;Architect;Av. Descobertas 15 3ºA, 2670-383 Loures, Portugal;+351 21 983 8072;http://www.ateliergeometria.com/;odivelas;Google Maps;google_maps_odivelas.csv
MENDONÇA CARRÃO - ATELIER;Architect;R. Padre Américo, 1600-548 Lisboa, Portugal;+351 919 497 848;http://www.mc-a.pt/;odivelas;Google Maps;google_maps_odivelas.csv
Carlos Sousa Valles -- Arquitectos;Architect;R. Tito de Morais 1, 1750-455 Lisboa, Portugal;+351 21 845 1422;https://www.facebook.com/CarlosSousaVallesArquitectos;odivelas;Google Maps;google_maps_odivelas.csv
Habita Mais;Construction company;Rua Dr.º, R. Dr. José Baptista de Sousa 47 d, 1500-244 Lisboa, Portugal;+351 21 726 0910;https://www.habitamais.pt/contactos;odivelas;Google Maps;google_maps_odivelas.csv
Salvador & Lobo - Arquitectura | Design Interiores;Architect;R. Dom António Ribeiro nº3 Loja 4B, 1495-049 Algés, Portugal;+351 963 690 150;http://www.salvadorelobo.com/;odivelas;Google Maps;google_maps_odivelas.csv
Aires Mateus;Architect;R. Cecílio de Sousa 52, 1200-102 Lisboa, Portugal;+351 21 381 5650;http://www.airesmateus.com/;odivelas;Google Maps;google_maps_odivelas.csv
Rebelo de Andrade;Architecture firm;R. Maria Brown 2, 1500-433 Lisboa, Portugal;+351 21 936 3430;http://www.rebelodeandrade.com/;odivelas;Google Maps;google_maps_odivelas.csv
Gabinete de Arquitetura Lisboa - spacelovers;Architect;Calçada da Tapada 67 2E, 1300-546 Lisboa, Portugal;+351 969 010 330;https://spacelovers.pt/;odivelas;Google Maps;google_maps_odivelas.csv
Lisbon Architecture Triennale;Non-profit organization;Office:, Campo de Santa Clara 142, 1100-474 Lisboa, Portugal;+351 21 803 8540;http://trienaldelisboa.com/;odivelas;Google Maps;google_maps_odivelas.csv
KonceptNess;Architect;R. Poe. Bocage 11C, 1600-581 Lisboa, Portugal;+351 21 014 6026;http://www.konceptness.com/;odivelas;Google Maps;google_maps_odivelas.csv
Querido POIS;Architect;Av. Duarte Pacheco 8k, 2780-316 Oeiras, Portugal;+351 934 069 802;;oeiras;Google Maps;google_maps_oeiras.csv
João Navas Arquitectos;Architect;R. Dr. António Patrício Gouveia 12D, 2780-295 Oeiras, Portugal;+351 936 262 765;http://www.joaonavasarquitectos.com/;oeiras;Google Maps;google_maps_oeiras.csv
PLURIESCALA - ARQUITECTURA, PLANEAMENTO E DESIGN LDA.;Architect;R. Caminho da Quinta 3 1ºESQ, 2780-095 Oeiras, Portugal;+351 966 203 159;https://www.linkedin.com/in/jcgbranco/;oeiras;Google Maps;google_maps_oeiras.csv
CSarq;Architect;Av. Miguel Bombarda 3, 2780-343 Oeiras, Portugal;+351 21 441 5076;http://www.csarq.pt/;oeiras;Google Maps;google_maps_oeiras.csv
Architect Master Wave;Construction company;R. Prof. Manuel Pires Neves 4, 2780-342 Oeiras, Portugal;+351 934 007 014;http://www.architectmasterwave.com/;oeiras;Google Maps;google_maps_oeiras.csv
Catarina Batista Studio;Architect;Largo Avião Lusitânia 17, 2780-203 Oeiras, Portugal;+351 21 130 8794;http://www.catarinabatista.com/;oeiras;Google Maps;google_maps_oeiras.csv
Régua de Escala - Arquitetura, Urbanismo e Engenharia, Lda.;Architect;R. do Recife 10, 2780-033 Oeiras, Portugal;+351 963 461 414;http://www.reguadeescala.pt/;oeiras;Google Maps;google_maps_oeiras.csv
Atelier 3.17 arquitectos, Lda;Architecture firm;Av. Duarte Pacheco 37 r/c dto, 2780-316 Oeiras, Portugal;+351 21 441 7211;https://atelier317-arquitectos.pt/index.html#/;oeiras;Google Maps;google_maps_oeiras.csv
AI Arquiteturas Ilimitadas;Architect;Largo Fornos 1, 2770-067 Paço de Arcos, Portugal;+351 21 446 2827;http://www.arquitecturas-ilimitadas.pt/;oeiras;Google Maps;google_maps_oeiras.csv
Arqsize #arquitetura #construção;Architect;Alameda Alto da Barra n30, 2780-179 Oeiras, Portugal;+351 918 768 389;http://www.arqsize.pt/;oeiras;Google Maps;google_maps_oeiras.csv
Orex & Orex - Representações, Lda.;Architect;R. Bartolomeu de Gusmão 6, 2780-091 Oeiras, Portugal;;;oeiras;Google Maps;google_maps_oeiras.csv
GOM Arquitectura;Architect;2780-360 Oeiras, Portugal;;;oeiras;Google Maps;google_maps_oeiras.csv
Oeiras Interiores;Interior designer;Dr. Marques da Mata Edifício Villa Louise, nº 7, 2775-608 Carcavelos, Portugal;+351 21 406 5356;;oeiras;Google Maps;google_maps_oeiras.csv
SomaFuture;Construction company;Av. Dom João I 16 2º Esq, 2780-065 Oeiras, Portugal;+351 21 137 2830;https://somafuture.pt/;oeiras;Google Maps;google_maps_oeiras.csv
38N9W arquitectura urbanismo design;Architect;R. Dona Filipa de Lencastre 12 1º Dto, 2780-054 Oeiras, Portugal;+351 969 073 064;;oeiras;Google Maps;google_maps_oeiras.csv
Host Designers Design de Interiores Residencial e Comercial;Interior designer;Av. Carlos Silva 9C, 2780-354 Oeiras, Portugal;+351 21 418 0828;https://www.hostdesigners.com/;oeiras;Google Maps;google_maps_oeiras.csv
Architect your Home;Architecture firm;R. Armando Cortez 1, 2770-233 Paço de Arcos, Portugal;+351 912 408 380;https://www.architectyourhome.pt/;oeiras;Google Maps;google_maps_oeiras.csv
Gonçalo Próspero - Arquitectos;Architect;R. Infanta Dona Isabel 22 B, 1º, 2780-064 Oeiras, Portugal;+351 962 398 642;;oeiras;Google Maps;google_maps_oeiras.csv
4 Pontos - Arquitectura | Reabilitação | Design;Architect;2780-203 Oeiras, Portugal;;http://www.4pontos.pt/;oeiras;Google Maps;google_maps_oeiras.csv
VINCO Arquitectura & Design;Architecture firm;R. Carlos Vieira Ramos 51, 2780-216 Oeiras, Portugal;;https://www.estudiovinco.com/?utm_source=google&utm_medium=wix_google_business_profile&utm_campaign=3125932946680066350;oeiras;Google Maps;google_maps_oeiras.csv
MOA.a arquitectos;Architecture firm;R. José Falcão 47, 2780-334 Oeiras, Portugal;+351 936 213 125;;oeiras;Google Maps;google_maps_oeiras.csv
m2r2 architecture;Architect;Av. da República 120 A, 2750-158 Oeiras, Portugal;+351 963 974 783;https://www.facebook.com/m2r2architecture/;oeiras;Google Maps;google_maps_oeiras.csv
Neumark design & architecture;Design agency;R. António Passaporte 14, 2780-033 Oeiras, Portugal;+351 938 182 830;http://www.neumarkarchitects.com/;oeiras;Google Maps;google_maps_oeiras.csv
Urban Obras;Architecture firm;Av. Combatentes da Grande Guerra 95 B, 1495-040 Algés, Portugal;+351 21 822 5145;https://www.urbanobras.pt/orcamento/;oeiras;Google Maps;google_maps_oeiras.csv
In Studio Arquitectos;Architect;Av. Patrão Joaquim Lopes 21A, 2770-134 Paço de Arcos, Portugal;+351 927 160 774;https://www.instudioarquitectos.com/;oeiras;Google Maps;google_maps_oeiras.csv
COHERENT SUNDAY, LDA;Engineer;;+351 961 648 828;;oeiras;Google Maps;google_maps_oeiras.csv
Maia Moura Arquitetura Lda;Architect;Estr. Medrosa 10B, 2780-070 Oeiras, Portugal;+351 919 996 712;https://www.maiaemouraarquitectura.com/;oeiras;Google Maps;google_maps_oeiras.csv
Nuno Leónidas - Arquitectos Associados Lda.;Architect;R. Calvet de Magalhães 244, 2770-022 Paço de Arcos, Portugal;+351 21 454 4430;http://www.nla.pt/;oeiras;Google Maps;google_maps_oeiras.csv
Homecare - Soluções Integradas;Civil engineering company;R. Mal. Teixeira Rebelo nº 2 1ºE, 2780-271 Oeiras, Portugal;+351 21 443 8417;;oeiras;Google Maps;google_maps_oeiras.csv
Urban Obras Oeiras NZ | Obras e Remodelações;Remodeler;Praceta António Boto 10B, 2790-022 Carnaxide, Portugal;+351 935 904 863;https://www.urbanobras.pt/;oeiras;Google Maps;google_maps_oeiras.csv
Csarq;Architect;;+351 21 441 5076;http://www.csarq.pt/;oeiras;Google Maps;google_maps_oeiras.csv
JPS Atelier;Architect;;+351 963 039 610;http://www.jpsatelier.com/;oeiras;Google Maps;google_maps_oeiras.csv
SMARTER Studio | BIM Architects;Architecture firm;R. Armando Cortez 7C, 2770-233 Paço de Arcos, Portugal;+351 937 423 245;https://www.smarterstudio.pt/;oeiras;Google Maps;google_maps_oeiras.csv
Space Designer;Interior designer;Rua Estrada de Paço de Arcos, 9 Edifício Espaço, 2B, 2740-244 Paço de Arcos, Portugal;+351 21 802 9689;https://www.spacedesigner.pt/;oeiras;Google Maps;google_maps_oeiras.csv
Luís Gonçalves, Arquitetura;Architect;R. Adriano José da Silva 10B, 2770-004 Paço de Arcos, Portugal;+351 962 513 656;https://www.linkedin.com/in/luisgoncalves-arq;oeiras;Google Maps;google_maps_oeiras.csv
QuartoSala - Home Culture / Oeiras;Furniture store;Praceta José Epifânio de Abreu 4, 2770-094 Paço de Arcos, Portugal;+351 21 441 1110;http://www.quartosala.com/;oeiras;Google Maps;google_maps_oeiras.csv
Traçado Regulador-arquitectura Design e Construção Lda;Architect;R. Manuel Inácio 4B 4C, 2770-223 Paço de Arcos, Portugal;+351 21 466 8044;http://www.tracado.pt/;oeiras;Google Maps;google_maps_oeiras.csv
Prado Arquitectura;Architect;;+351 929 169 153;;oeiras;Google Maps;google_maps_oeiras.csv
Marginal Profile Arquitectos;Architect;R. Vista Alegre 4C, 2770-185 Paço de Arcos, Portugal;+351 21 096 4549;;oeiras;Google Maps;google_maps_oeiras.csv
ARCOS COMBINADOS - Arquitectura e Engenharia, Lda;Corporate office;Av. das Descobertas 53, 2780-053 Oeiras, Portugal;+351 939 089 002;;oeiras;Google Maps;google_maps_oeiras.csv
BMA Group Lisboa - Magic Place;Construction company;R. Rui Teles Palhinha 10 2.º F, 2740-278 Porto Salvo, Portugal;+351 912 424 724;http://www.bmagrouplisboa.pt/;oeiras;Google Maps;google_maps_oeiras.csv
Arquitetura;Architect;;;http://amva.biz/;oeiras;Google Maps;google_maps_oeiras.csv
pointOview;Architect;;+351 21 246 0690;http://www.pointoview.net/;oeiras;Google Maps;google_maps_oeiras.csv
OFICINA | LOJA | ATELIER;Architecture firm;Parede PT, Estr. Rebelva 1216 loja G, 2775-371 São Domingos de Rana, Portugal;+351 918 300 943;http://www.oficinalojaatelier.com/;oeiras;Google Maps;google_maps_oeiras.csv
Triplinfinito - Arquitectura, Design e Vídeo, Lda;Architect;Largo Girassol E loja 1, 2775-663 Carcavelos, Portugal;+351 21 456 4014;http://www.triplinfinito.pt/;oeiras;Google Maps;google_maps_oeiras.csv
Vanilla Alchemy - Atelier & Oficina Lda;Design agency;R. Mateus Fernandes 21C, 2780-233 Oeiras, Portugal;+351 21 442 1766;http://www.vanilla.com.pt/;oeiras;Google Maps;google_maps_oeiras.csv
Plano Oblíquo-consultores Técnicos Lda;Architecture firm;R. Ilha das Flores 50, 2775-802 Carcavelos, Portugal;+351 21 441 1789;http://www.planoobliquo.com/;oeiras;Google Maps;google_maps_oeiras.csv
Arquivisão - Arquitectura e Urbanismo Unipessoal, Lda;Architect;R. Flora 84, 2775-659 Carcavelos, Portugal;+351 21 458 3924;;oeiras;Google Maps;google_maps_oeiras.csv
INUMEROS Arquitetos Associados;Architecture firm;R. Vista Alegre 4E, 2770-176 Paço de Arcos, Portugal;+351 21 441 4299;;oeiras;Google Maps;google_maps_oeiras.csv
Happy Places by Ana;Interior designer;;;https://www.happyplacesbyana.com/;oeiras;Google Maps;google_maps_oeiras.csv
Up Urbanismo Portugal;Architect;Largo Leonor Faria Gomes 12, 2770-108 Paço de Arcos, Portugal;+351 21 441 8275;http://www.urbanismodeportugal.pt/;oeiras;Google Maps;google_maps_oeiras.csv
Alt Design Interiores;Interior designer;;;;oeiras;Google Maps;google_maps_oeiras.csv
Agenda Querido;Architecture firm;;+351 912 429 926;;oeiras;Google Maps;google_maps_oeiras.csv
CS Interior Design & Consulting;Interior designer;;+351 967 195 537;;oeiras;Google Maps;google_maps_oeiras.csv
Ergoproject-Architecture & Engineering Associates Ltd;Civil engineering company;Rua dos Malhões, Edifício D.Pedo I, 2770-971 Paço de Arcos, Portugal;+351 21 150 5423;http://www.ergoproject.pt/;oeiras;Google Maps;google_maps_oeiras.csv
ErgoDesign;Interior designer;Edifício D.Pedro I, R. Malhões, 2770-971 Paço de Arcos, Portugal;+351 21 150 5423;http://www.ergodesign.pt/;oeiras;Google Maps;google_maps_oeiras.csv
Nuno Nascimento Architecture;Architect;💰 R. Doutor Augusto Lamas 2A, 2760-152 Caxias, Portugal;+351 916 400 528;http://nunonascimento.com/;oeiras;Google Maps;google_maps_oeiras.csv
BMA Group Lisboa - Magic Place;Construction Company;Rua Rui Teles Palhinha 10 2.º F, 2740-278 Porto Salvo;912 424 724;http://www.bmagrouplisboa.pt/;palmela;Google Maps;google_maps_palmela.csv
Anchorbelievers | Arquitetura, Design, Marketing e Consultoria;Architect;Lgo do Município N.º1, 2950-222 Palmela, Portugal;+351 913 351 860;https://www.anchorbelievers.pt/contacto;palmela;Google Maps;google_maps_palmela.csv
GolfDesign.pt;Architect;Urbanização Golf Montado 93, 2950-051 Palmela, Portugal;+351 967 850 102;http://www.golfdesign.pt/;palmela;Google Maps;google_maps_palmela.csv
Archimais;Architect;Av. Joaquim Lino dos Reis 108 loja 2, 2950-326 Palmela, Portugal;+351 915 890 655;http://www.archimais.com/;palmela;Google Maps;google_maps_palmela.csv
RL Home - Decoração de Interiores & Design;Interior designer;Av. dos Descobrimentos 187 Loja A, 2950-751 Palmela, Portugal;+351 933 953 022;http://www.rl-home.pt/;palmela;Google Maps;google_maps_palmela.csv
21por2 Studio;Architect;;+351 913 913 322;https://www.21por2.pt/;palmela;Google Maps;google_maps_palmela.csv
Aterlier FF;Architect;R. Heliodoro Salgado no 9, 2950-241 Palmela, Portugal;+351 966 175 501;;palmela;Google Maps;google_maps_palmela.csv
Red Centre;Interior architect office;Av. Joaquim Lino dos Reis n.º9, 2950-326 Palmela, Portugal;+351 964 799 142;http://www.redcentre.pt/;palmela;Google Maps;google_maps_palmela.csv
LUSOARQ LDA.;Architect;AVENIDA ANTOINE VELGE Nº49A, 2950-011 Palmela, Portugal;+351 938 220 469;;palmela;Google Maps;google_maps_palmela.csv
Arquitecta Márcia Pião;Architect;Av. Antoine Velge nº49A, 2950-011 Palmela, Portugal;+351 938 220 469;https://arquiteturamarciap.wixsite.com/arquitecta;palmela;Google Maps;google_maps_palmela.csv
Coral Design de Interiores;Interior designer;R. João Vaz Corte Real 5 Loja-B, 2950-744 Palmela, Portugal;+351 924 036 225;http://www.coral-interiores.com/;palmela;Google Maps;google_maps_palmela.csv
InterPrime - GrupoIP;Interior designer;Parque Industrial Vale do Alecrim, R. da Prata 128, 2950-437, Portugal;+351 914 842 507;http://www.interprime.pt/;palmela;Google Maps;google_maps_palmela.csv
Romeu Martins Arquitetos;Architect;Estr. de Palmela 27 Piso 1 - 1A, 2900-534 Setúbal, Portugal;+351 917 631 903;http://www.atelierarquitectura.eu/;palmela;Google Maps;google_maps_palmela.csv
Dreamdomus - Construção Modular;Architecture firm;Parque Industrial das Carrascas, Estrada Nacional 252, Km 11.25, 2950-402 Palmela, Portugal;+351 21 137 1398;http://www.dreamdomus.com/;palmela;Google Maps;google_maps_palmela.csv
71 Arquitectos;Architect;Av. Dr. António Rodrigues Manito 87B, 2900-067 Setúbal, Portugal;+351 917 049 765;https://www.71arquitectos.pt/en/contacts/;palmela;Google Maps;google_maps_palmela.csv
urbanarq - arquitectura e construção;Architect;;+351 919 795 869;http://www.urbanarq.pt/;palmela;Google Maps;google_maps_palmela.csv
Atelier Ana GONÇALVES;Architect;R. Batalha do Viso 81A, 2900-268 Setúbal, Portugal;;https://anagoncalvesatelier.pt/;palmela;Google Maps;google_maps_palmela.csv
Ewa F. Pereira - interior design | abstract art;Interior designer;;+351 912 991 129;http://www.in2home.eu/;palmela;Google Maps;google_maps_palmela.csv
João de Oliveira ARCHITECTURE OFFICE;Architect;;;http://www.jo-ao.com/;palmela;Google Maps;google_maps_palmela.csv
andrecordeiro-3dvisualiser;Architect;;+351 965 621 037;https://www.andrecordeiro-3dvisualiser.com/;palmela;Google Maps;google_maps_palmela.csv
Silent Home;Home Furniture Shop;Rua Joaquim António de Aguiar 70B, 1070-050 Lisboa;21 387 0176;https://silenthome.com/;palmela;Google Maps;google_maps_palmela.csv
k. studio;Interior designer;;+351 917 113 242;https://www.kstudio-atelier.com/;palmela;Google Maps;google_maps_palmela.csv
Atelier;Architect;Av. Luísa Todi n.º 300 3.º C, 2900-452 Setúbal, Portugal;+351 265 239 193;http://www.atelierdxf.com/;palmela;Google Maps;google_maps_palmela.csv
NAM Interior Design Studio;Interior designer;;;https://neuzacabral.wixsite.com/ncdesign/inicio;palmela;Google Maps;google_maps_palmela.csv
CAV.Architects;Architect;;+351 910 196 068;https://www.cava-architects.com/;palmela;Google Maps;google_maps_palmela.csv
Arqido;Interior designer;;+351 934 812 476;;palmela;Google Maps;google_maps_palmela.csv
Olhórosmaninho, Lda.;Garden;Quinta do Guerreiro - Lugar Mata Lobos, R. 1º de Maio S/N, 2950-598 Palmela, Portugal;+351 912 167 817;https://geral7979.wixsite.com/olhorosmaninho;palmela;Google Maps;google_maps_palmela.csv
Estrada Romana em Palmela;Historical landmark;Estr. da Cobra 3 2950, Palmela, Portugal;;https://api.desporto.sapo.pt/video/ykKC6arNDlpT0IgCN9bC;palmela;Google Maps;google_maps_palmela.csv
Linha Contemporânea - Design de Interiores;Interior designer;;+351 912 242 191;https://www.linhacontemporanea.com/;palmela;Google Maps;google_maps_palmela.csv
Interprime;Interior designer;R. da Prata 128, 2950-437 Palmela, Portugal;+351 914 842 507;https://www.interprime.pt/;palmela;Google Maps;google_maps_palmela.csv
Catarina Santos LeroyMerlin;Architect;;+351 918 771 809;;palmela;Google Maps;google_maps_palmela.csv
LYM;Interior designer;;+351 938 927 260;;palmela;Google Maps;google_maps_palmela.csv
VS&PM Arquitetura e Design;Architecture firm;;+351 965 312 942;https://www.facebook.com/profile.php?id=100064324496511;palmela;Google Maps;google_maps_palmela.csv
Christopher Gordon Garden Design;Landscape architect;;+351 910 764 851;https://www.cggd.co.uk/;palmela;Google Maps;google_maps_palmela.csv
David Mares | Arquitecto;Architect;;+351 938 186 086;http://www.davidmares.com/;palmela;Google Maps;google_maps_palmela.csv
Martina Arch | Lisboa;Architect;Praça, Largo Adelino Amaro da Costa 8 2ºD, 1100-006 Lisboa;924 234 507;https://www.martinaarch.com/;seixa;Google Maps;google_maps_seixa.csv
BMA Group Lisboa - Magic Place;Construction Company;Rua Rui Teles Palhinha 10 2.º F, 2740-278 Porto Salvo;912 424 724;http://www.bmagrouplisboa.pt/;seixa;Google Maps;google_maps_seixa.csv
LA-ArchStudio;Architect;R. Santa Teresinha 17C, 2840-399 Seixal, Portugal;+351 968 112 842;http://www.la-archstudio.com/;seixa;Google Maps;google_maps_seixa.csv
DSA Architects International (Lisbon, Portugal);Architect;Alameda António Sérgio 7 2 D, 2795-023 Linda-a-Velha, Portugal;+351 21 419 3277;http://www.dsa-arch.com/;seixa;Google Maps;google_maps_seixa.csv
Silva Dias Arquitectos;Architect;Rua 2 da Matinha, Lt A, 5º andar, Armazém B, Lisbon, 1950-073 Lisboa, Portugal;+351 21 842 9420;http://silvadias-arquitectos.com/;seixa;Google Maps;google_maps_seixa.csv
Carlos Sousa Valles -- Arquitectos;Architect;R. Tito de Morais 1, 1750-455 Lisboa, Portugal;+351 21 845 1422;https://www.facebook.com/CarlosSousaVallesArquitectos;seixa;Google Maps;google_maps_seixa.csv
SCCS arquitectos - Sónia Cabaça & Catarina Sousa Lda;Architecture firm;Largo das Fontaínhas 9 2º piso, 1300-255 Lisboa, Portugal;+351 21 390 1746;http://www.sccarquitectos.com/;seixa;Google Maps;google_maps_seixa.csv
AES - ARQUITECTURA ENGENHARIA SERVIÇOS Soluções Criativas Integradas;Architect;Av. da República 121, 2840-741 Arrentela, Portugal;+351 21 222 9118;https://www.aes.com.pt/pt/contacts-pt;seixa;Google Maps;google_maps_seixa.csv
CASCA Arquitectura e Design;Architect;Rua do Poço Coberto 40, 1800-303 Lisboa, Portugal;;http://www.casca.pt/;seixa;Google Maps;google_maps_seixa.csv
Sua Kay Arquitectos;Architect;Átrio Norte, Av. do Forte. 3, Edifício Suécia III, Piso -1, 2790-072 Carnaxide, Portugal;+351 21 393 1960;http://www.suakay.com/?utm_source=google&utm_medium=wix_google_business_profile&utm_campaign=11480720224940087863;seixa;Google Maps;google_maps_seixa.csv
Susete da Silva + Ana Ferreira, Arquitectos e Assoc. Lda;Architect;R. Dr. Manuel de Arriaga n.º28-A, 2670-451 Loures, Portugal;+351 21 605 5196;;seixa;Google Maps;google_maps_seixa.csv
Espaço a3 . Arquitectura Personalizada, Lda;Architect;R. Nascimento de Almeida 12 A, 2840-107 Paio Pires, Portugal;+351 933 696 031;http://www.espacoa3.pt/;seixa;Google Maps;google_maps_seixa.csv
Casa dos Ciprestes - Atelier de Arquitectura e Artes;Architect;Casa dos Ciprestes 8, 2670-675 Bucelas, Portugal;+351 932 793 010;;seixa;Google Maps;google_maps_seixa.csv
Pedra Silva Arquitectos;Architect;TV do Corpo Santo 10 1dto, 1200-131 Lisboa, Portugal;+351 21 715 6210;http://www.pedrasilva.com/;seixa;Google Maps;google_maps_seixa.csv
Planética - Projectos e Construções, S.A.;Architect;Galerias da Villa, Av. Dom Afonso Henriques Loja 1, 2630-232 Arruda dos Vinhos, Portugal;+351 263 974 266;http://www.planetica.pt/;seixa;Google Maps;google_maps_seixa.csv
Élia Russo Arquitectos;Architect;Alameda Júlio Dinis 54, 2890-497 São Francisco, Portugal;;;seixa;Google Maps;google_maps_seixa.csv
Atelier 106, arquitectura e decoração Lda.;Architect;Av. António Augusto de Aguiar 179, 1050-015 Cave, Portugal;+351 917 117 526;http://www.atelier106.pt/;seixa;Google Maps;google_maps_seixa.csv
AXIS Studio Arquitetura Lda;Architect;DNA Cascais, R. Cruz de Popa Escritório 20, 2645-449 Alcabideche, Portugal;+351 919 499 837;;seixa;Google Maps;google_maps_seixa.csv
Mónica d'Araújo · Feng Shui Design Concept;Architect;R. Henrique Paiva Couceiro 10, 2700-453 Amadora, Portugal;+351 917 973 679;https://www.monicaaraujo.net/;seixa;Google Maps;google_maps_seixa.csv
Ameixa Arquitectos;Architect;Praça Dom Afonso V 5 Loja 9, 2710-521 Sintra, Portugal;+351 960 083 856;;seixa;Google Maps;google_maps_seixa.csv
TEKSTUDIO Architecture + Design;Architect;Av. Dom João II 42 Edifício Mythos, Piso 6, escritório 601/2, 1990-095 Lisboa, Portugal;+351 21 400 3060;http://tekstudioarchitects.com/;seixa;Google Maps;google_maps_seixa.csv
Palacete Seixas;Heritage building;Av. da Liberdade 270, 1250-149 Lisboa, Portugal;;;seixa;Google Maps;google_maps_seixa.csv
RHARQUITECTOS;Architect;R. Diogo Dias 24, 2870-272 Montijo, Portugal;+351 21 231 1480;https://www.rharquitectos.com.pt/;seixa;Google Maps;google_maps_seixa.csv
Catarina Batista Studio;Architect;Largo Avião Lusitânia 17, 2780-203 Oeiras, Portugal;+351 21 130 8794;http://www.catarinabatista.com/;seixa;Google Maps;google_maps_seixa.csv
Scae - Serviços Consultoria Arquitectura E Engenharia, Lda.;Architect;R. Cidade de Faro 39, 2870-138 Montijo, Portugal;+351 21 232 0292;;seixa;Google Maps;google_maps_seixa.csv
Atelier Concept Store Azeitão;Interior designer;R. José Augusto Coelho 10, 2925-538 São Lourenço, Portugal;+351 967 762 014;http://www.atelierconceptstore.com/;seixa;Google Maps;google_maps_seixa.csv
Lisbon Architecture Triennale;Architect;Office:, Campo de Santa Clara 142, 1100-474 Lisboa, Portugal;+351 21 803 8540;http://trienaldelisboa.com/;seixa;Google Maps;google_maps_seixa.csv
Nuno Nascimento Architecture;Architect;💰 R. Doutor Augusto Lamas 2A, 2760-152 Caxias, Portugal;+351 916 400 528;http://nunonascimento.com/;seixa;Google Maps;google_maps_seixa.csv
Glim - Design de Interiores;Interior designer;R. Stara-Zagora 26 A, 2830-364 Barreiro, Portugal;+351 21 246 0108;http://www.glim.pt/;seixa;Google Maps;google_maps_seixa.csv
studiorise cycling;Fitness center;R. Correia Teles 18, 1350-092 Lisboa, Portugal;;http://www.studiorise.eu/;seixa;Google Maps;google_maps_seixa.csv
Youth and Cultural Association Collective Multimedia Perve;Art gallery;Junto à Igreja de Stº Estêvão, R. das Escolas Gerais 13 17 e 19, 1100-218 Lisboa, Portugal;+351 21 882 2607;http://www.pervegaleria.eu/;seixa;Google Maps;google_maps_seixa.csv
ARX PORTUGAL ARQUITECTOS LDA;Corporate office;Largo Santos 4 1, 1200-848 Lisboa, Portugal;+351 21 391 8110;http://www.arx.pt/;seixa;Google Maps;google_maps_seixa.csv
Palácio Sinel de Cordes;Culture;Campo de Santa Clara 144, 1100-474 Lisboa, Portugal;+351 21 803 8540;https://www.trienaldelisboa.com/;seixa;Google Maps;google_maps_seixa.csv
Bacalhôa - Vinhos de Portugal;Winery;Estrada Nacional 10, 2925-901 São Lourenço, Portugal;+351 21 219 8067;http://www.bacalhoa.pt/;seixa;Google Maps;google_maps_seixa.csv
71 Arquitectos;Architect;Av. Dr. António Rodrigues Manito 87B, 2900-067 Setúbal, Portugal;+351 917 049 765;https://www.71arquitectos.pt/en/contacts/;seixa;Google Maps;google_maps_seixa.csv
BMA Group Lisboa - Magic Place;Construction Company;Rua Rui Teles Palhinha 10 2.º F, 2740-278 Porto Salvo;912 424 724;http://www.bmagrouplisboa.pt/;sesimbra;Google Maps;google_maps_sesimbra.csv
José Carlos Trindade Arquitectura Lda;Architect;Av. dos Combatentes 52, 2970-636 Sesimbra, Portugal;+351 21 228 8049;http://www.trindadearquitectura.pt/;sesimbra;Google Maps;google_maps_sesimbra.csv
mo.a | architects & partners;Architect;R. Varandas p/ o Mar 26, 2970-693 Sesimbra, Portugal;+351 966 516 745;https://www.moa-architects.com/;sesimbra;Google Maps;google_maps_sesimbra.csv
SPL Arquitectos;Architect;Av. João Paulo II 32 1°A, Cotovia, 2970-868, Portugal;+351 934 273 532;https://spl-arquitectos.com/;sesimbra;Google Maps;google_maps_sesimbra.csv
The Architect House;Lodging;R. Varandas p/ o Mar 30A, 2970-149 Sesimbra, Portugal;;;sesimbra;Google Maps;google_maps_sesimbra.csv
Rui Casaca - Arquitectura e Engenharia Lda;Civil engineering company;R. da República 4 1º Esq, 2970-741 Sesimbra, Portugal;+351 21 228 1404;http://www.rcasaca.com/;sesimbra;Google Maps;google_maps_sesimbra.csv
Paulo Braula Reis - Arquitectos;Architect;Rua Doutor 11 - 1.º Dto Santana Sesimbra PT 2970-593, R. Dr. Alberto Leite, Portugal;+351 21 228 8056;;sesimbra;Google Maps;google_maps_sesimbra.csv
Carlos José David;Architect;Rua da Almoínha 58, 2970-135, Portugal;+351 964 058 121;http://ateliercarlosdavid.com/;sesimbra;Google Maps;google_maps_sesimbra.csv
Maçaneta Redonda;Architect;R. da Caridade 19, 2970-734 Sesimbra, Portugal;+351 21 223 4233;;sesimbra;Google Maps;google_maps_sesimbra.csv
Carvalho Arquitectos;Architect;2970-422, Portugal;+351 966 926 509;http://www.carvalhoarquitectos.pt/;sesimbra;Google Maps;google_maps_sesimbra.csv
Ivo Correia;Interior designer;Edifício Mar e Serra, Av. João Paulo II, 2970-002 Sesimbra, Portugal;+351 21 268 2587;http://www.ivocorreia.pt/;sesimbra;Google Maps;google_maps_sesimbra.csv
OPdR Collective;Landscape designer;R. Dom Sancho I 36, 2970-744 Sesimbra, Portugal;+44 7425 339133;https://opdrcollective.org/;sesimbra;Google Maps;google_maps_sesimbra.csv
KR - Arquitectura;Architect;R. das Mimosas 42, 2970-402, Portugal;+351 21 099 2904;http://kr-atelier.com/;sesimbra;Google Maps;google_maps_sesimbra.csv
Miguel Ferreira Arquitectos;Architect;Rua de Santa Filomena n.º 1 A, 2970-055, Portugal;;https://miguelferreiraarquitectos.pt/home/index.php;sesimbra;Google Maps;google_maps_sesimbra.csv
Zimbralar Têxteis;Interior designer;Av. Padre António Pereira de Almeida nº26, 2970-590 Santana, Portugal;+351 21 268 9120;http://www.zimbralar.pt/;sesimbra;Google Maps;google_maps_sesimbra.csv
Neoforma Lda;Architect;;+351 919 519 435;;sesimbra;Google Maps;google_maps_sesimbra.csv
71 Arquitectos;Architect;Av. Dr. António Rodrigues Manito 87B, 2900-067 Setúbal, Portugal;+351 917 049 765;https://www.71arquitectos.pt/en/contacts/;setubai;Google Maps;google_maps_setubai.csv
Arquiteto João Contente;Architect;R. Cidade da Beira, 2900-075 Setúbal, Portugal;+351 918 278 633;https://www.joaocontente.com/;setubai;Google Maps;google_maps_setubai.csv
Atelier;Architect;Av. Luísa Todi n.º 300 3.º C, 2900-452 Setúbal, Portugal;+351 265 239 193;http://www.atelierdxf.com/;setubai;Google Maps;google_maps_setubai.csv
PM House Mediação Imobiliária;Architect;Av. Luísa Todi 9, 2900-451 Setúbal, Portugal;+351 265 771 202;http://www.pmhouse.pt/;setubai;Google Maps;google_maps_setubai.csv
Atelier Ana GONÇALVES;Architect;R. Batalha do Viso 81A, 2900-268 Setúbal, Portugal;;https://anagoncalvesatelier.pt/;setubai;Google Maps;google_maps_setubai.csv
Eliz Jardim Arquitectura;Architect;Praça Alm. Reis 27 2 andar, 2900-585 Setúbal, Portugal;+351 916 151 556;;setubai;Google Maps;google_maps_setubai.csv
Atelier Às Duas por Três, Arquitetura de Interiores e Decoração;Interior designer;Av. Belo Horizonte 78A, 2910-422 Setúbal, Portugal;+351 918 082 704;https://asduaspor3.com/;setubai;Google Maps;google_maps_setubai.csv
Boho Casas;Architecture firm;Av. Luísa Todi 406, 2900-455 Setúbal, Portugal;+351 265 104 072;https://www.bohocasas.com/;setubai;Google Maps;google_maps_setubai.csv
Arkdraw lda;Architect;Av. de Moçambique 14, 2900-003 Setúbal, Portugal;+351 933 178 101;;setubai;Google Maps;google_maps_setubai.csv
Ert-Atelier De Projectos E Estudos Tecnicos, Lda.;Architect;Av. São Francisco Xavier 22, 2900-661 Setúbal, Portugal;+351 265 239 690;;setubai;Google Maps;google_maps_setubai.csv
PolisArquitetos;Architect;R. Eng. Henri Perron 1 Loja B, 2900-193 Setúbal, Portugal;+351 265 098 710;http://www.polisarquitetos.pt/;setubai;Google Maps;google_maps_setubai.csv
Urban Obras Setúbal;Architect;Av. dos Combatentes da Grande Guerra, n.º 51 – 1º andar, 2900-329 Setúbal, Portugal;+351 913 364 432;https://www.urbanobras.pt/orcamento/;setubai;Google Maps;google_maps_setubai.csv
Karavela Architecture Studio;Architect;Praça de Portugal 7B, 2910-640 Setúbal, Portugal;+351 913 125 184;https://www.karavelastudio.com/;setubai;Google Maps;google_maps_setubai.csv
ARV - Arquitectura e Projectos, Lda.;Architecture firm;R. Joaquim Brandão 8, 2900-422 Setúbal, Portugal;+351 916 592 498;https://calendly.com/arv_aec_bim/first_link;setubai;Google Maps;google_maps_setubai.csv
Arquiteta Carla Correia;Architect;R. Oliveira Martins 8B, 2900-517 Setúbal, Portugal;+351 933 408 278;http://www.carlacorreia.com/;setubai;Google Maps;google_maps_setubai.csv
Romeu Martins Arquitetos;Architect;Estr. de Palmela 27 Piso 1 - 1A, 2900-534 Setúbal, Portugal;+351 917 631 903;http://www.atelierarquitectura.eu/;setubai;Google Maps;google_maps_setubai.csv
Ricardo Peralta - arquitectos, Lda;Architect;Av. Doutor Antº, Av. Dr. António Rodrigues Manito 91 A, 2900-067 Setúbal, Portugal;+351 933 250 097;http://www.ricardoperalta.pt/;setubai;Google Maps;google_maps_setubai.csv
3G Arquitectura;Architect;Av. Luísa Todi 616 1º esquerdo, 2900-457 Setúbal, Portugal;+351 918 093 119;https://3garquitectura.com/;setubai;Google Maps;google_maps_setubai.csv
Paulo Louro, Lda.;Architect;Av. Luísa Todi 135, Setúbal, Portugal;+351 917 228 716;;setubai;Google Maps;google_maps_setubai.csv
Estúdio 15;Architect;R. Dr. Aníbal Álvares da Silva 15, 2900-227 Setúbal, Portugal;+351 265 236 330;https://e15arq.wixsite.com/estudio15;setubai;Google Maps;google_maps_setubai.csv
eCUBE;Architect;Av. 5 de Outubro 47, 2900-356 Setúbal, Portugal;+351 917 764 929;http://www.ecube.pt/;setubai;Google Maps;google_maps_setubai.csv
Rui Filipe Monteiro, Arquitecto;Architect;Estr. das Machadas 11a, 2900-468 Setúbal, Portugal;+351 936 714 546;https://www.rmarquitecto.pt/;setubai;Google Maps;google_maps_setubai.csv
atelier Jordana Tomé Vitor Quaresma;Architect;Av. Luísa Todi 124 A, 2900-450 Setúbal, Portugal;+351 967 314 187;https://www.jtvq-atelier.com/;setubai;Google Maps;google_maps_setubai.csv
FF Arquitectura;Architect;Tv. do Padre Manuel dos Santos 3, 2900-229 Setúbal, Portugal;+351 265 234 466;;setubai;Google Maps;google_maps_setubai.csv
21por2 Studio;Architect;;+351 913 913 322;https://www.21por2.pt/;setubai;Google Maps;google_maps_setubai.csv
Alinhadesign.arquitetos;Architect;Av. Bento Gonçalves 31 C, 2910-433 Setúbal, Portugal;+351 265 501 223;https://www.alinhadesign.pt/;setubai;Google Maps;google_maps_setubai.csv
Arquiset, Arquitectura e Engenharia;Architect;Av. Mariano de Carvalho 29E, 2900-487 Setúbal, Portugal;+351 933 267 730;;setubai;Google Maps;google_maps_setubai.csv
Mário Carvalho Figueiredo, Unipessoal Lda.;Architect;R. Mormugão 24, 2900-506 Setúbal, Portugal;+351 265 401 052;http://www.urbanarq.pt/;setubai;Google Maps;google_maps_setubai.csv
Duplex, Lda;Architect;Av. Luísa Todi 135 3.º PISO, 2900-461 Setúbal, Portugal;;https://www.duplexlda.pt/;setubai;Google Maps;google_maps_setubai.csv
Paulini;Architect;R. de Arronches Junqueiro 118, 2900-475 Setúbal, Portugal;+351 918 497 290;;setubai;Google Maps;google_maps_setubai.csv
urbanarq - arquitectura e construção;Architect;;+351 919 795 869;http://www.urbanarq.pt/;setubai;Google Maps;google_maps_setubai.csv
Casa Viva Obras;Architect;R. João Maria Jales 16, 2910-332 Setúbal, Portugal;+351 937 538 700;http://www.casavivaobras.pt/;setubai;Google Maps;google_maps_setubai.csv
João de Oliveira ARCHITECTURE OFFICE;Architect;;;http://www.jo-ao.com/;setubai;Google Maps;google_maps_setubai.csv
Samadhi Architecture;Architect;Estrada Nacional, Torre, 7580-681 Comporta, Portugal;+351 925 557 588;http://www.samadhiarchitecture.com/;setubai;Google Maps;google_maps_setubai.csv
Isabel Fonseca Construções;Painter;R. Moinho do Frade 30, 2910-616 Setúbal, Portugal;+351 937 308 215;https://www.welinkbuilders.pt/operadores-de-maquinas-de-construcao-civil/engenheiro-civil/faz-tudo/remodelacao/construcao-de-imoveis/alpinismo/2910-616-setubal-portugal/isabel-fonseca-construcoes-89;setubai;Google Maps;google_maps_setubai.csv
Catarina Santos LeroyMerlin;Architect;;+351 918 771 809;;setubai;Google Maps;google_maps_setubai.csv
k. studio;Interior designer;;+351 917 113 242;https://www.kstudio-atelier.com/;setubai;Google Maps;google_maps_setubai.csv
David Mares | Arquitecto;Architect;;+351 938 186 086;http://www.davidmares.com/;setubai;Google Maps;google_maps_setubai.csv
João Brandão . Margarida Gomes, Arquitectos.pt;Architect;Quinta da Mira Serra, Estr. de Janas, 2710-265 Sintra, Portugal;+351 21 928 0781;http://www.jbmg-arquitectos.pt/;sintra;Google Maps;google_maps_sintra.csv
Mão Livre Oficina de Design, Lda;Design agency;Av. Combatentes 78, Abrunheira, 2710-034 Sintra, Portugal;+351 21 469 7917;http://maolivre.com/;sintra;Google Maps;google_maps_sintra.csv
Projecto Uno;Architect;Av. Movimento das Forças Armadas 34 e 36 1.º Esq, Portela de Sintra, 2710-432 Sintra, Portugal;;https://www.anteprojectos.com.pt/empresa/1344/projecto-uno-projectos-urbanizacoes-e-construcao-lda/;sintra;Google Maps;google_maps_sintra.csv
Haus Collection Portugal;Interior Decorator;Av. 29 de Agosto 333, 2705-869 Sintra, Portugal;+351 910 755 595;https://hauscollection.pt/;sintra;Google Maps;google_maps_sintra.csv
Serra de Sintra;Landscaper;2710, Sintra, Portugal;;;sintra;Google Maps;google_maps_sintra.csv
Urban Obras;Architecture firm;Av. Combatentes da Grande Guerra 95 B, 1495-040 Algés, Portugal;+351 21 822 5145;https://www.urbanobras.pt/orcamento/;sintra;Google Maps;google_maps_sintra.csv
Thiago Braddell-Arquitectura, Lda.;Architect;R. Dr. Leão de Oliveira, 2710, R. Dr. Leão de Oliveira 20E, Sintra, Portugal;+351 21 923 3670;http://www.thiagobraddell.pt/;sintra;Google Maps;google_maps_sintra.csv
Fernanda Schau Interiores;Interior designer;;+55 21 99931-5243;https://fernandaschau.com/;sintra;Google Maps;google_maps_sintra.csv
Ameixa Arquitectos;Architect;Praça Dom Afonso V 5 Loja 9, 2710-521 Sintra, Portugal;+351 960 083 856;;sintra;Google Maps;google_maps_sintra.csv
TAS ARCHITECTS;Architect;Largo Perfume nr 11, 2710-495 Sintra, Portugal;+351 918 627 903;http://www.tas-architects.org/;sintra;Google Maps;google_maps_sintra.csv
bloco6 - arquitectos;Architect;Rua dos Navegantes, 5 r/c A, Beloura Business Center, 2710-144 Sintra, Portugal;+351 21 192 7771;http://www.bloco6.com/;sintra;Google Maps;google_maps_sintra.csv
AFR - Arquitectura & Urbanismo Lda;Architect;R. Mato das Cruzadas 3B 1D, 2710-701 Sintra, Portugal;+351 917 305 099;http://www.afr-arquitectos.com/;sintra;Google Maps;google_maps_sintra.csv
InsightHome;Remodeler;Av. Dr. Desidério Cambournac 12, 2710-553 Sintra, Portugal;+351 927 375 625;;sintra;Google Maps;google_maps_sintra.csv
Alexandra Gil - Arquitectura De Interiores, Lda;Architect;Escadinhas Dom Fernando Ii, Lt. 1, 1º Dto., São Pedro De Sintra, Lisboa, Portugal, 2710-482 S. Pedro de Penaferrim, Portugal;+351 21 910 8011;;sintra;Google Maps;google_maps_sintra.csv
ARQSCJF - Arquitetura Engenharia e Construção, Lda;Architect;Alameda Beloura, 2710-706 Sintra, Portugal;+351 916 235 533;http://www.arqscjf.pt/;sintra;Google Maps;google_maps_sintra.csv
Piramidal - Design De Interiores, Lda.;Interior designer;R. Alto da Bonita 142, 2710-185 Sintra, Portugal;+351 21 595 2223;http://www.piramidal.pt/;sintra;Google Maps;google_maps_sintra.csv
Arion - Mobiliario E Decoração, Lda.;Textile exporter;R. Vale Flores Pav. E, 2710-632 Sintra, Portugal;+351 21 924 6309;;sintra;Google Maps;google_maps_sintra.csv
Pelourinho de Sintra;Historical landmark;2710-631 Sintra, Portugal;;http://paisagemcultural.sintra.pt/patrimonio/outro-patrimonio/arquitetura-publica/258-pelourinho-de-sintra;sintra;Google Maps;google_maps_sintra.csv
Casa dos Penedos;Event venue;R. Mal. Saldanha 21, 2710-631 Sintra, Portugal;+351 21 924 9006;https://penhalongacatering.com;sintra;Google Maps;google_maps_sintra.csv
Regaleira Tower;Historical place;Ac. Particular 3, 2710-567 Sintra, Portugal;;https://www.regaleira.pt/pt;sintra;Google Maps;google_maps_sintra.csv
Pena;Mountain peak;2710-609 Sintra, Portugal;;;sintra;Google Maps;google_maps_sintra.csv
LAYOUT BOX, LDA.;Architect;Tv. Lavrador 2, 2710-418 Sintra, Portugal;+351 21 924 3390;http://www.layoutbox.pt/;sintra;Google Maps;google_maps_sintra.csv
FormaStudio;Building materials market;Centro Empresarial Sintra Estoril VI, Impasse Fernão Lopes 11 Armazém N, 2710-694 Sintra, Portugal;+351 21 923 4310;;sintra;Google Maps;google_maps_sintra.csv
Paisageiro;Landscape architect;R. Murtas 2 1D, 2710-593 Sintra, Portugal;+351 21 924 3025;https://paisageiro.com/#contactos;sintra;Google Maps;google_maps_sintra.csv
Actitur - Arquitectura E Engenharia, S.A.;Architect;Rua Da Impala º 33 A, Abrunheira, 2710-070 Sintra, Portugal;+351 21 923 8050;;sintra;Google Maps;google_maps_sintra.csv
STUDIO ID - Interiors;Interior designer;;+351 917 263 818;;sintra;Google Maps;google_maps_sintra.csv
Arquiprodete;Architect;Av. Heliodoro Salgado 44 1 Direito, 2710-573 Sintra, Portugal;+351 962 810 514;http://www.arquiprodete.pt/;sintra;Google Maps;google_maps_sintra.csv
Pavilhão 3;Party planner;R. Pé de Mouro 44, Linhó, 2710-335 Sintra, Portugal;+351 21 466 8349;http://www.pavilhao3.com/;sintra;Google Maps;google_maps_sintra.csv
Terrapalha - arquitectura e construção natural;Architect;Calçada Santa Bárbara 5, Penedo, 2705-265 Colares, Portugal;+351 933 291 112;http://www.terrapalha.com/;sintra;Google Maps;google_maps_sintra.csv
Fonte Mourisca;Historical landmark;Volta do Duche, 2710-631 Sintra, Portugal;;https://visitsintra.travel/pt/sintra-antiga/02b-fonte-mourisca;sintra;Google Maps;google_maps_sintra.csv
Arquiurb - Arquitectura e Urbanismo, Lda.;Architect;R. Domingos Lavos Fernandes 16, 2715-311 Pêro Pinheiro, Portugal;+351 21 927 1500;;sintra;Google Maps;google_maps_sintra.csv
Cruz & Manuel Home Decoration;Interior designer;Rua Charneca de Cima Armazém D, 2710-456 Sintra, Portugal;+351 21 012 6756;;sintra;Google Maps;google_maps_sintra.csv
LBHA Brands Limitada;Building firm;R. Centro Empresarial 3 3A, Q.ta da Beloura, 2710-001 Sintra, Portugal;+351 21 060 5923;http://www.lbhabrands.com/;sintra;Google Maps;google_maps_sintra.csv
Movicidade Estudos e Equipamentos Urbanos Lda;Architecture firm;Estr. Real N.29 Pav. A, 2710-450 Sintra, Portugal;+351 21 363 2199;http://www.movicidade.com/;sintra;Google Maps;google_maps_sintra.csv
FSWorks, Arquitectura & Design Lda;Architect;Tv. Esperança 4, 2635-122 Rio de Mouro, Portugal;+351 964 659 306;https://www.fsworks.pt/;sintra;Google Maps;google_maps_sintra.csv
ESQUISSOS - ARQUITECTURA e CONSULTORIA;Architect;Av. Manuel Simões Carrasqueira 39 Piso 1, 2715-099 Pêro Pinheiro, Portugal;+351 21 967 2387;http://www.esquissos.net/;sintra;Google Maps;google_maps_sintra.csv
Parques de Sintra-Monte da Lua (PSML);Heritage preservation;R. Visc. de Monserrate, 2710-405 Sintra, Portugal;+351 21 923 7300;https://www.parquesdesintra.pt/;sintra;Google Maps;google_maps_sintra.csv
Aup9 - Arquitectura e Planeamento, Lda;Architecture firm;Largo 1° de Dezembro 2 2° Dir./Esq, 2710-496 Sintra, Portugal;+351 917 256 795;https://www.aup9arquitectura.pt/;sintra;Google Maps;google_maps_sintra.csv
InsideOut | real estate | interior | landscape design;Design agency;R. Poço 14B, 2645-536 Alcabideche, Portugal;+351 936 803 874;https://www.insideoutdesign.co/#contacts;sintra;Google Maps;google_maps_sintra.csv
Platus, Lda;Architect;Alameda Dom Afonso Henriques 33, 2715-665 Montelavar, Portugal;+351 21 967 2055;https://platus.pt/;sintra;Google Maps;google_maps_sintra.csv
Gadesignwood;Interior designer;;+351 964 841 266;;sintra;Google Maps;google_maps_sintra.csv
7me home;Building firm;Av. Movimento das Forças Armadas 6 Lj A, 2710-431 Sintra, Portugal;+351 938 213 923;;sintra;Google Maps;google_maps_sintra.csv
Câmara Municipal de Sintra (sede);City or town hall;Largo Dr. Virgílio Horta, 2714-501 Sintra, Portugal;+351 21 923 8500;http://www.cm-sintra.pt/;sintra;Google Maps;google_maps_sintra.csv
Courthouse Sintra;District Justice;Juízos Criminais de Sintra, Av. Mário Firmino Miguel n° 2, 2714-556 Sintra, Portugal;+351 21 910 4940;https://comarcas.tribunais.org.pt/comarcas/nucleo.php?com=lisboaoeste&nucleo=SINTRA&id_nucleo=138;sintra;Google Maps;google_maps_sintra.csv
Vivenda Creative Home - Designer de Interiores;Interior designer;;+351 911 920 369;https://wa.me/351911920369;sintra;Google Maps;google_maps_sintra.csv
PauloMartins - Architecture & Consulting;Architect;;+351 919 136 304;;sintra;Google Maps;google_maps_sintra.csv
Nbdesigns;Interior designer;;+351 969 662 881;;sintra;Google Maps;google_maps_sintra.csv
National Palace of Pena;Castle;Estrada da Pena, 2710-609 Sintra, Portugal;+351 21 923 7300;https://www.parquesdesintra.pt/pt/parques-monumentos/parque-e-palacio-nacional-da-pena/;sintra;Google Maps;google_maps_sintra.csv
Fragmentos Efémeros;Architect;;+351 932 129 553;;sintra;Google Maps;google_maps_sintra.csv
Tecnolusa, Lda.;Construction company;R. São Francisco Xavier 75, 2635-188 Rio de Mouro, Portugal;+351 919 958 024;;sintra;Google Maps;google_maps_sintra.csv
Casal Santa Maria;Winery;R. Principal 18, 2705-177 Colares, Portugal;+351 21 929 2117;https://www.casalstamaria.pt/enotourism/;sintra;Google Maps;google_maps_sintra.csv
Discover Lisbon;Tour agency;R. da Atalaia 204, 1200-089 Lisboa, Portugal;+351 932 060 800;https://www.discoverlisbon.org/;sintra;Google Maps;google_maps_sintra.csv
Sonho Linear - Arquitectura;Architect;;+351 933 321 324;https://sonholinear.com/;sintra;Google Maps;google_maps_sintra.csv
BF INTERIOR DESIGNER;Interior designer;;+351 918 938 232;http://bfinteriordesigner.com/;sintra;Google Maps;google_maps_sintra.csv
TM Arquitetura e Imagem;Architect;;+351 913 682 146;http://tmarquiteturaeimagem.wixsite.com/;sintra;Google Maps;google_maps_sintra.csv
Visual Take - Serviços de Design e Audiovisuais;Marketing agency;;+351 961 543 189;https://www.visualtake.pt/contactos;sintra;Google Maps;google_maps_sintra.csv
inwest - propriedades e projectos, lda;Architect;;;;sintra;Google Maps;google_maps_sintra.csv
Jg - Artes Gráficas, Publicidade E Marketing, Lda.;Graphic designer;R. Santo António 30, 2710-006 Sintra, Portugal;+351 21 470 4900;;sintra;Google Maps;google_maps_sintra.csv
PhiZero Arquitetos;Architect;R. Teófilo Braga 13, Valejas, 2730-181, Portugal;+351 914 064 965;https://www.phi-zero.com/;sintra;Google Maps;google_maps_sintra.csv
Santos & Scheffer - Design e Remodelação de Interiores;Remodeler;;+351 910 798 329;https://santosscheffer.com/;sintra;Google Maps;google_maps_sintra.csv
Vastu Connecting;Architect;;+33 6 45 18 39 77;https://vastuconnecting.com;sintra;Google Maps;google_maps_sintra.csv
Parque Natural de Sintra-Cascais;National park;Portugal;+351 21 924 7200;;sintra;Google Maps;google_maps_sintra.csv
SomaFuture;Construction company;Av. Dom João I 16 2º Esq, 2780-065 Oeiras, Portugal;+351 21 137 2830;https://somafuture.pt/;sintra;Google Maps;google_maps_sintra.csv
Spectrum Quartz Stone;Stone supplier;Estr. da Serra 104 LT B, 2715-120 Pêro Pinheiro, Portugal;+351 936 845 865;https://hbsquartz.pt/;sintra;Google Maps;google_maps_sintra.csv
Pardal Monteiro Arquitectos;Architect;R. Saraiva de Carvalho nº 84 porta 1, 1250-244 Lisboa, Portugal;+351 21 390 0642;http://pardalmonteiro.com/en/;sintra;Google Maps;google_maps_sintra.csv
Restaurante Palácio de Seteais;Restaurant;R. Barbosa du Bocage 8, 2710-517 Sintra, Portugal;;;sintra;Google Maps;google_maps_sintra.csv
Arco Duplo-Gabinete de Arquitectura Lda;Architect;Av. de Roma 16, 1000-195 Lisboa, Portugal;+351 21 844 6664;http://www.arcoduplo.pt/;sintra;Google Maps;google_maps_sintra.csv
Bloom Lab - Arquitetura e Construção;Architecture firm;R. Frei Luis de Granada 14 A, 1500-680 Lisboa, Portugal;+351 21 726 0741;http://www.bloomlab.pt/;sintra;Google Maps;google_maps_sintra.csv
Loja EGLO Sintra;Lighting store;Av. 25 de Abril 122, 2705-902 Terrugem, Portugal;;https://www.eglo.com/pt/;sintra;Google Maps;google_maps_sintra.csv
A Capela - A Essência de Sintra;;Av. Barão Almeida Santos 3, 2710-525 Sintra, Portugal;;http://www.a-capela.com/;sintra;Google Maps;google_maps_sintra.csv
Villa Sassetti;Historical landmark;Estrada da Pena, 2710-000 Sintra, Portugal;+351 21 923 7300;https://www.parquesdesintra.pt/pt/parques-monumentos/vila-sassetti/;sintra;Google Maps;google_maps_sintra.csv
Point of Experience Gama Uno;Consultant;Tv. da Conceição à Lapa 15, 1200-798 Lisboa, Portugal;+351 261 430 070;http://www.gamauno.pt/;sintra;Google Maps;google_maps_sintra.csv
CedroStudio - Atelier de Arquitectura - Mariana de Meneses Rebelo;Architect;Rua Dr. Gomes Leal 3A, 2560-331 Torres Vedras, Portugal;+351 918 808 215;http://www.cedrostudio.pt/;torres_vedras;Google Maps;google_maps_torres_vedras.csv
Confluir Studio Arquitetura;Architect;R. Dias Neiva 17A, 2560-319 Torres Vedras, Portugal;+351 938 155 509;http://www.confluir-studio.com/;torres_vedras;Google Maps;google_maps_torres_vedras.csv
Madalena Pereira arquitectura;Architect;R. Guilherme Gomes Fernandes 9A, 2560-319 Torres Vedras, Portugal;+351 261 060 324;http://www.madalenapereira.com/;torres_vedras;Google Maps;google_maps_torres_vedras.csv
CRAD Studio;Architect;Edifício Vila Expo, R. Raimundo Porta Bloco A 2 Esq.º, 2560-692 Torres Vedras, Portugal;+351 969 070 113;http://cradstudio.com/;torres_vedras;Google Maps;google_maps_torres_vedras.csv
Involve Arquitectos;Architect;R. 1º de Dezembro 4, 2560-300 Torres Vedras, Portugal;+351 969 873 444;http://involvearq.com/;torres_vedras;Google Maps;google_maps_torres_vedras.csv
.XPRESSION;Architect;R. António França Borges 1 1° andar, 2560-270 Torres Vedras, Portugal;+351 261 144 065;https://www.xpression.pt/contactos;torres_vedras;Google Maps;google_maps_torres_vedras.csv
Amadeu - Arquitectura e Engenharia;Architect;R. Dr. Aleixo Ferreira 7 A, 2560-672 Torres Vedras, Portugal;+351 261 311 291;http://www.simaomonteiro.com/;torres_vedras;Google Maps;google_maps_torres_vedras.csv
PLANIVAZA;Architecture firm;Galerias Avenida, Av. 5 de Outubro 30 Loja 13, 2560-270 Torres Vedras, Portugal;+351 261 092 973;;torres_vedras;Google Maps;google_maps_torres_vedras.csv
Arqui19 | Arquitetura;Architect;Edifício Vila Expo, R. Raimundo Porta Bloco A 1º Dto, 2560-692 Torres Vedras, Portugal;+351 969 215 692;https://arqui19.pt/;torres_vedras;Google Maps;google_maps_torres_vedras.csv
Studio 215;Architecture firm;R. Ana Maria Bastos 3, 2560-295 Torres Vedras, Portugal;;;torres_vedras;Google Maps;google_maps_torres_vedras.csv
Find & Choose, office of architecture;Corporate office;R. Campo da Várzea 13, 2560-636 Torres Vedras, Portugal;+351 261 314 268;http://www.moreirapintoatelier.pt/;torres_vedras;Google Maps;google_maps_torres_vedras.csv
imagin3D;Architect;Rua dos Bombeiros Voluntários 6, 2560-320 Torres Vedras, Portugal;+351 918 225 897;https://imagin3d.crevado.com/;torres_vedras;Google Maps;google_maps_torres_vedras.csv
UCA: United Concepts of Architecture;Architect;R. DR AFONSO MOURA GUEDES 5 R/Ch Posterior, 2560-594 Torres Vedras, Portugal;+351 968 391 750;;torres_vedras;Google Maps;google_maps_torres_vedras.csv
home.arquitectura;Architect;Rua Francisco do Rego, Bloco 1 R/Chao esquerdo, 2560-575 Torres Vedras, Portugal;+351 918 762 814;;torres_vedras;Google Maps;google_maps_torres_vedras.csv
Tanto Espaço;Architect;Rua Dr. Gomes Leal 3A, 2560-331 Torres Vedras, Portugal;+351 914 820 940;https://www.tantoespaco.com/;torres_vedras;Google Maps;google_maps_torres_vedras.csv
L.Moreira Pinto-Atelier De Arquitectura, Unipessoal, Lda.;Architect;R. Henriques Nogueira 55, 2560-324 Torres Vedras, Portugal;+351 261 314 268;;torres_vedras;Google Maps;google_maps_torres_vedras.csv
maba - Fotografia, Vídeo e Design;Photographer;Sem espaço físico, 2565-432 Torres Vedras, Portugal;+351 926 360 925;;torres_vedras;Google Maps;google_maps_torres_vedras.csv
AS Design de Interiores;Interior designer;R. Luís Augusto Albino, 2560-280 Torres Vedras, Portugal;+351 261 314 048;https://www.instagram.com/interior_as_design/;torres_vedras;Google Maps;google_maps_torres_vedras.csv
Studio E X I T // Casas Modulares;Architecture;Torres Vedras, 2560-657 Lisboa, Portugal;+351 961 106 289;http://www.facebook.com/arch.exit;torres_vedras;Google Maps;google_maps_torres_vedras.csv
O Pormenor;Interior designer;R. José Eduardo César 4, 2560-680 Torres Vedras, Portugal;+351 261 311 331;https://opormenor.com/contactos/;torres_vedras;Google Maps;google_maps_torres_vedras.csv
Civilrem, Construção e Remodelação;Dock builder;Torres Vedras, Portugal;+351 961 352 325;https://civilrem.pt/;torres_vedras;Google Maps;google_maps_torres_vedras.csv
Gabinete de Arquitectura - CV Cláudia Vinagre;Interior architect office;R. José Eduardo César, 2560-661 Torres Vedras, Portugal;+351 912 121 781;;torres_vedras;Google Maps;google_maps_torres_vedras.csv
Esboço Cúbico - Arquitectura E Construção, Lda.;Architect;R. Dom Manuel II 16, 2560-016 A dos Cunhados, Portugal;+351 261 981 441;;torres_vedras;Google Maps;google_maps_torres_vedras.csv
Bárbara Monteiro - Interior design;Interior designer;2560-300 Torres Vedras, Portugal;;;torres_vedras;Google Maps;google_maps_torres_vedras.csv
Decor-in, Lda;Home builder;Rua Dr. Gomes Leal 3A, 2560-331 Torres Vedras, Portugal;+351 927 093 430;http://www.decor-in.pt/;torres_vedras;Google Maps;google_maps_torres_vedras.csv
Paulo de Sousa Moreira;Architect;;+351 963 054 149;;torres_vedras;Google Maps;google_maps_torres_vedras.csv
Slingshot - Design e Produções Multimédia;Video production service;Praça Dr. Alberto Manuel Avelino nº1, 2560-248 Torres Vedras, Portugal;+351 261 317 911;http://www.slingshot.pt/;torres_vedras;Google Maps;google_maps_torres_vedras.csv
Casa Viva Obras;Construction company;núm 2º D, R. José Eduardo César 4, 2560-706, Portugal;+351 912 421 544;http://www.casavivaobras.pt/;torres_vedras;Google Maps;google_maps_torres_vedras.csv
X - Acústica, Lda. (Laboratório de Ensaios e Medições Acústicas de Edifícios);Appraiser;Av. 5 de Outubro 21 B, 2560-270 Torres Vedras, Portugal;+351 916 509 755;https://www.avaliacaoacustica.com/;torres_vedras;Google Maps;google_maps_torres_vedras.csv
São Vicente Fort;Fortress;2560-629 Torres Vedras, Portugal;;http://monumentos.gov.pt/Site/APP_PagesUser/SIPA.aspx?id=6346;torres_vedras;Google Maps;google_maps_torres_vedras.csv
Juve2 - Iluminação & Decoração;Lighting store;R. Campo da Várzea 14, 2560-625 Torres Vedras, Portugal;+351 261 314 048;http://www.juve2.pt/;torres_vedras;Google Maps;google_maps_torres_vedras.csv
LQ Comunicação e Imagem;Graphic designer;R. José Eduardo César, 2560-680 Torres Vedras, Portugal;+351 919 040 038;;torres_vedras;Google Maps;google_maps_torres_vedras.csv
BIOVEGAN PORTUGAL;Graphic designer;Av. 5 de Outubro 23 3Dto, 2560-270 Torres Vedras, Portugal;+351 917 085 662;https://www.bioveganportugal.com/;torres_vedras;Google Maps;google_maps_torres_vedras.csv
Devtech - Marketing Agency;Marketing agency;;+351 910 381 491;https://devtech.pt/portfolio;torres_vedras;Google Maps;google_maps_torres_vedras.csv
Amora Limão Design;Graphic designer;2560-573 Torres Vedras, Portugal;;;torres_vedras;Google Maps;google_maps_torres_vedras.csv
Centro de Interpretação da Comunidade Judaica de Torres Vedras;Museum;Largo Padre Jacinto Sobreiro 1, 2560-651 Torres Vedras, Portugal;+351 261 148 633;http://www.cm-tvedras.pt/artigos/detalhes/centro-de-interpretacao-da-comunidade-judaica/;torres_vedras;Google Maps;google_maps_torres_vedras.csv
Globalfree - Web Design, Impressão e Publicidade;Advertising agency;Rua Fernando Vicente 17, 1º andar, 2560-676 Torres Vedras, Portugal;+351 295 515 219;http://www.globalfree.pt/;torres_vedras;Google Maps;google_maps_torres_vedras.csv
A Horta;Landscaping supply store;Largo dos Polomes 10, 2560-635 Torres Vedras, Portugal;+351 261 325 851;;torres_vedras;Google Maps;google_maps_torres_vedras.csv
Janica Home;Home goods store;R. 1º de Dezembro 11B, 2560-300 Torres Vedras, Portugal;;;torres_vedras;Google Maps;google_maps_torres_vedras.csv
Vipagráfica Lda;Graphic designer;R. de São Miguel 8, 2560-592 Torres Vedras, Portugal;+351 261 325 653;http://vipagrafica.pt/;torres_vedras;Google Maps;google_maps_torres_vedras.csv
Jorge Fernandes Gabinete Arquitectura e Engenharia;Architect;R. Julião Alves 2, 2560-011 A dos Cunhados, Portugal;+351 934 776 303;;torres_vedras;Google Maps;google_maps_torres_vedras.csv
Ana Henrique;Graphic designer;Ed. belo Horizonte, R. Dr. Aurélio Ricardo Belo loja 1 R/C, 2560-324 Torres Vedras, Portugal;+351 914 090 890;;torres_vedras;Google Maps;google_maps_torres_vedras.csv
Design man;Interior designer;;+351 916 526 237;;torres_vedras;Google Maps;google_maps_torres_vedras.csv
Photopack;Photography studio;R. Dr. Aleixo Ferreira 13, 2560-303 Torres Vedras, Portugal;+351 261 092 661;;torres_vedras;Google Maps;google_maps_torres_vedras.csv
Jardins Fiuza;Gardener;R. da Serra n4, 2565-846, Portugal;+351 912 952 097;;torres_vedras;Google Maps;google_maps_torres_vedras.csv
Publidisart-artes Gráficas Sociedade Unipessoal Lda;Graphic designer;R. São Gonçalo de Lagos 21, 2560-331 Torres Vedras, Portugal;+351 261 316 061;https://filmesp.wixsite.com/website-35;torres_vedras;Google Maps;google_maps_torres_vedras.csv
Luisinha Decoração;Store;R. 9 de Abril 19 B, 2560-633 Torres Vedras, Portugal;+351 916 780 844;;torres_vedras;Google Maps;google_maps_torres_vedras.csv
Latoaria Ponte Rol-fabricante De Lanternas E Lustres Lda;Landscape lighting designer;Av. Padre Dr. Raúl Sarreira 70, 2560-135 Pte. do Rol, Portugal;+351 261 331 438;http://www.latoariaponterol.com/;torres_vedras;Google Maps;google_maps_torres_vedras.csv
Amigo do Campo, Lda;Gardener;Av. Gen. Humberto Delgado, 2560-333 Torres Vedras, Portugal;;https://amigodocampo-pt.cms.webnode.pt/orcamentoamidodocampolda/;torres_vedras;Google Maps;google_maps_torres_vedras.csv
LabAberto;Training center;R. Serpa Pinto 7A loja 30, 2560-288 Torres Vedras, Portugal;+351 261 090 087;http://lababerto.pt/fab-experience-2020/;torres_vedras;Google Maps;google_maps_torres_vedras.csv
Marcelo Dantas, Arquitetura;Architect;;+351 967 176 167;https://www.marcelodantas.pt/;torres_vedras;Google Maps;google_maps_torres_vedras.csv
Esboço Cúbico;Architect;;+351 919 173 494;;torres_vedras;Google Maps;google_maps_torres_vedras.csv
Silvia Correia, Arquitectos;Architect;R. Q.ta de Santo Amaro 7, 2600-285 Vila Franca de Xira, Portugal;+351 965 092 709;http://www.arquitectos-sc.com/;Vila_Franca_de_Xira;Google Maps;google_maps_Vila_Franca_de_Xira.csv
Maisr - Arquitectura E Reabilitação, Lda.;Architect;R. Luís de Camões 122, 2600-180 Vila Franca de Xira, Portugal;+351 263 290 063;https://www.maisr.com/html/pt/index.php;Vila_Franca_de_Xira;Google Maps;google_maps_Vila_Franca_de_Xira.csv
Ciratecna - Gabinete De Estudos E Projectos, Lda.;Architect;2600-098 Vila Franca de Xira, Portugal;+351 263 273 801;;Vila_Franca_de_Xira;Google Maps;google_maps_Vila_Franca_de_Xira.csv
Homestories;Architect;R. Dona Isabel Dumond, 2600-642 Castanheira do Ribatejo, Portugal;+351 263 283 142;http://www.homestories.pt/;Vila_Franca_de_Xira;Google Maps;google_maps_Vila_Franca_de_Xira.csv
Decorpita - O melhor design para a sua casa;Building materials store;Estr. do Casal da Coxa 2, 2600-056 Vila Franca de Xira, Portugal;+351 263 287 320;http://www.decorpita.pt/;Vila_Franca_de_Xira;Google Maps;google_maps_Vila_Franca_de_Xira.csv
LIT Studio;Architecture firm;;+351 960 002 727;http://www.litstudio.pt/?utm_source=google&utm_medium=wix_google_business_profile&utm_campaign=16030034689170216375;Vila_Franca_de_Xira;Google Maps;google_maps_Vila_Franca_de_Xira.csv
Remodelações SJMR;Architecture firm;;+351 963 807 070;;Vila_Franca_de_Xira;Google Maps;google_maps_Vila_Franca_de_Xira.csv
Fábrica das Palavras - Biblioteca Municipal e Equipamento Cultural;Public library;Largo Mário Magalhães Infante nº14, 2600-187 Vila Franca de Xira, Portugal;+351 263 271 200;https://bmvfx.cm-vfxira.pt/;Vila_Franca_de_Xira;Google Maps;google_maps_Vila_Franca_de_Xira.csv
Raquel Espindola design de interiores;Architecture firm;;+351 934 714 426;https://raqueldesigndeinteriores.flutterflow.app/;Vila_Franca_de_Xira;Google Maps;google_maps_Vila_Franca_de_Xira.csv
Sofia Martins Interiores;Interior designer;;+351 915 029 958;http://www.canva.com/design/DAEkMOBiR94/rKGi7wGMT8Fs9W4cZgOQuQ/view;Vila_Franca_de_Xira;Google Maps;google_maps_Vila_Franca_de_Xira.csv
A+D Studio Arquitetura;Architect;;+351 966 627 933;https://adstudio.pt/contactos/;Vila_Franca_de_Xira;Google Maps;google_maps_Vila_Franca_de_Xira.csv
We Scale, You Save! Check our Site;Architect;Praça Eng.º Vaz Guedes, nº 3A e 3B Alverca, 2615-399 Alverca do Ribatejo, Portugal;+351 21 822 8881;http://www.dimscale.com/;Vila_Franca_de_Xira;Google Maps;google_maps_Vila_Franca_de_Xira.csv
Raiz Lateral - Arquitectura e Design, Lda.;Architecture firm;R. António Sérgio 141 B, 2615-041 Alverca do Ribatejo, Portugal;+351 969 136 814;;Vila_Franca_de_Xira;Google Maps;google_maps_Vila_Franca_de_Xira.csv
